作品ID,作品名称,发布时间,链接,点赞,评论,分享
7679360889698387386,快来找我吧,2026-08-29 16:02:19 CST,https://www.iesdouyin.com/share/video/7679360889698387386/?region=US&mid=7679360805900454707&u_code=16bah2718&did=MS4wLjABAAAAgDQbitRTDSdo2ngCCE692lcnhDuxa7oy99O-8xe4VJhJ8VH0yDt0vXiGp2vl892b&iid=MS4wLjABAAAANwkJuWIRFOzg5uCpDRpMj4OX-QryoDgn-yYlXQnRwQQ&with_sec_did=1&video_share_track_ver=&titleType=title&share_sign=o4eu3q96po6UrTXgiMD.eRiDT75r5euByTfRg5AIk08-&share_version=0&ts=1787996655&from_aid=6383&from_ssr=1&share_track_info=%7B%22link_description_type%22%3A%22%22%7D,1745,357,14
7679198096496926650,我想一直陪着大家睡着！抱抱#七王爷,2026-08-29 05:30:37 CST,https://www.iesdouyin.com/share/video/7679198096496926650/?region=US&mid=7679198056599898930&u_code=16bah2718&did=MS4wLjABAAAAgDQbitRTDSdo2ngCCE692lcnhDuxa7oy99O-8xe4VJhJ8VH0yDt0vXiGp2vl892b&iid=MS4wLjABAAAANwkJuWIRFOzg5uCpDRpMj4OX-QryoDgn-yYlXQnRwQQ&with_sec_did=1&video_share_track_ver=&titleType=title&share_sign=Qm90QrEbBGmQvj8J6pjV_fwhKCb8oRvVQQO7nM64XRg-&share_version=0&ts=1787996655&from_aid=6383&from_ssr=1&share_track_info=%7B%22link_description_type%22%3A%22%22%7D,15502,5238,647
7679109771098841713,这个市场很残酷！保护好自己.#七王爷,2026-08-28 23:47:51 CST,https://www.iesdouyin.com/share/video/7679109771098841713/?region=US&mid=7679109720874978054&u_code=16bah2718&did=MS4wLjABAAAAgDQbitRTDSdo2ngCCE692lcnhDuxa7oy99O-8xe4VJhJ8VH0yDt0vXiGp2vl892b&iid=MS4wLjABAAAANwkJuWIRFOzg5uCpDRpMj4OX-QryoDgn-yYlXQnRwQQ&with_sec_did=1&video_share_track_ver=&titleType=title&share_sign=UaDH747I0geEwk4tJs95NazUNEpNqZSQwv8R47rjq58-&share_version=0&ts=1787996655&from_aid=6383&from_ssr=1&share_track_info=%7B%22link_description_type%22%3A%22%22%7D,6332,2449,79
7679084441012069993,下午发布的，请兑现！#七王爷,2026-08-28 22:09:34 CST,https://www.iesdouyin.com/share/video/7679084441012069993/?region=US&mid=7678546899409931046&u_code=16bah2718&did=MS4wLjABAAAAgDQbitRTDSdo2ngCCE692lcnhDuxa7oy99O-8xe4VJhJ8VH0yDt0vXiGp2vl892b&iid=MS4wLjABAAAANwkJuWIRFOzg5uCpDRpMj4OX-QryoDgn-yYlXQnRwQQ&with_sec_did=1&video_share_track_ver=&titleType=title&schema_type=37&share_sign=wQ7M6DSYtTa_GD8iPUJjxowxK5Dkpqs4DrjB8r.S97o-&share_version=0&ts=1787996655&from_aid=6383&from_ssr=1&share_track_info=%7B%22link_description_type%22%3A%22%22%7D,5490,3154,353
7679048548645920122,我马上要出新歌了！哈哈哈哈哈～#七王爷  七王爷被黑粉逼成了歌手,2026-08-28 19:50:17 CST,https://www.iesdouyin.com/share/video/7679048548645920122/?region=US&mid=7679048477107636992&u_code=16bah2718&did=MS4wLjABAAAAgDQbitRTDSdo2ngCCE692lcnhDuxa7oy99O-8xe4VJhJ8VH0yDt0vXiGp2vl892b&iid=MS4wLjABAAAANwkJuWIRFOzg5uCpDRpMj4OX-QryoDgn-yYlXQnRwQQ&with_sec_did=1&video_share_track_ver=&titleType=title&share_sign=ihiCvqC1pgEQcHkTgi46chL3iqreeKVQEwJObGEedMQ-&share_version=0&ts=1787996655&from_aid=6383&from_ssr=1&share_track_info=%7B%22link_description_type%22%3A%22%22%7D,6675,2739,90
7679044463414912753,看你上哪抄我点位，看你上哪白嫖我还骂我！哈哈哈😂#七王爷,2026-08-28 19:34:25 CST,https://www.iesdouyin.com/share/video/7679044463414912753/?region=US&mid=7679044431856618250&u_code=16bah2718&did=MS4wLjABAAAAgDQbitRTDSdo2ngCCE692lcnhDuxa7oy99O-8xe4VJhJ8VH0yDt0vXiGp2vl892b&iid=MS4wLjABAAAANwkJuWIRFOzg5uCpDRpMj4OX-QryoDgn-yYlXQnRwQQ&with_sec_did=1&video_share_track_ver=&titleType=title&share_sign=6ulrHeOdI00Ypks5vUlzCPimiyfwtfskhJfzdAdnB0Q-&share_version=0&ts=1787996655&from_aid=6383&from_ssr=1&share_track_info=%7B%22link_description_type%22%3A%22%22%7D,6146,1449,48
7678725436041954225,睡了，最近都很无语……#七王爷  什么也不让说，只能在我外婆家看我了,2026-08-27 22:56:26 CST,https://www.iesdouyin.com/share/video/7678725436041954225/?region=US&mid=0&u_code=16bah2718&did=MS4wLjABAAAAgDQbitRTDSdo2ngCCE692lcnhDuxa7oy99O-8xe4VJhJ8VH0yDt0vXiGp2vl892b&iid=MS4wLjABAAAANwkJuWIRFOzg5uCpDRpMj4OX-QryoDgn-yYlXQnRwQQ&with_sec_did=1&video_share_track_ver=&titleType=title&schema_type=37&share_sign=IkHpO.veH7IptpuoHv3jDNC7WlmO.pE_HuqQGeanhwQ-&share_version=0&ts=1787996655&from_aid=6383&from_ssr=1&share_track_info=%7B%22link_description_type%22%3A%22%22%7D,1804,205,8
7678688154161307557,空空空，住皇宫！我们也不怕，因为今天吃肉肉了#七王爷,2026-08-27 20:31:45 CST,https://www.iesdouyin.com/share/video/7678688154161307557/?region=US&mid=7624760293147151139&u_code=16bah2718&did=MS4wLjABAAAAgDQbitRTDSdo2ngCCE692lcnhDuxa7oy99O-8xe4VJhJ8VH0yDt0vXiGp2vl892b&iid=MS4wLjABAAAANwkJuWIRFOzg5uCpDRpMj4OX-QryoDgn-yYlXQnRwQQ&with_sec_did=1&video_share_track_ver=&titleType=title&schema_type=37&share_sign=0b3ZZR896scxIYsVpApyCi56PHvHpdQQ8w1sVPcjc9A-&share_version=0&ts=1787996655&from_aid=6383&from_ssr=1&share_track_info=%7B%22link_description_type%22%3A%22%22%7D,2653,769,60
7678627433231018361,以后山有山路，水有水里！点位博主就此告一段落！ 大家各自安好！#七王爷,2026-08-27 16:36:09 CST,https://www.iesdouyin.com/share/video/7678627433231018361/?region=US&mid=7678627442080549666&u_code=16bah2718&did=MS4wLjABAAAAgDQbitRTDSdo2ngCCE692lcnhDuxa7oy99O-8xe4VJhJ8VH0yDt0vXiGp2vl892b&iid=MS4wLjABAAAANwkJuWIRFOzg5uCpDRpMj4OX-QryoDgn-yYlXQnRwQQ&with_sec_did=1&video_share_track_ver=&titleType=title&share_sign=dRYQVujbq8kQGg5QML4oiS6Ro5BATR0CyRH7FfBKCbM-&share_version=0&ts=1787996655&from_aid=6383&from_ssr=1&share_track_info=%7B%22link_description_type%22%3A%22%22%7D,9946,2817,272
7678524591840835237,我下午回长沙了，晚点出视频！现在拉高，大家根据我拉高的点位出货，不要贪心哦！#七王爷,2026-08-27 09:57:03 CST,https://www.iesdouyin.com/share/video/7678524591840835237/?region=US&mid=7634445174135294760&u_code=16bah2718&did=MS4wLjABAAAAgDQbitRTDSdo2ngCCE692lcnhDuxa7oy99O-8xe4VJhJ8VH0yDt0vXiGp2vl892b&iid=MS4wLjABAAAANwkJuWIRFOzg5uCpDRpMj4OX-QryoDgn-yYlXQnRwQQ&with_sec_did=1&video_share_track_ver=&titleType=title&schema_type=37&share_sign=h5JRgOGg3z51qIKcaT5nokcDOqGqbJSqB_B4cVi8pHM-&share_version=0&ts=1787996655&from_aid=6383&from_ssr=1&share_track_info=%7B%22link_description_type%22%3A%22%22%7D,4617,1168,135
7678337188798797930,不要害怕，什么都不要害怕！没有只跌不涨的行情！#七王爷,2026-08-26 21:49:50 CST,https://www.iesdouyin.com/share/video/7678337188798797930/?region=US&mid=7678337190258150180&u_code=16bah2718&did=MS4wLjABAAAAgDQbitRTDSdo2ngCCE692lcnhDuxa7oy99O-8xe4VJhJ8VH0yDt0vXiGp2vl892b&iid=MS4wLjABAAAANwkJuWIRFOzg5uCpDRpMj4OX-QryoDgn-yYlXQnRwQQ&with_sec_did=1&video_share_track_ver=&titleType=title&share_sign=pShmb5NS6ByKoyTCpwXOevwFbqaiB7ktnVgHw5MnKK0-&share_version=0&ts=1787996655&from_aid=6383&from_ssr=1&share_track_info=%7B%22link_description_type%22%3A%22%22%7D,8443,1967,206
7678317199156619749,利空➕影响较小#七王爷,2026-08-26 20:32:16 CST,https://www.iesdouyin.com/share/video/7678317199156619749/?region=US&mid=0&u_code=16bah2718&did=MS4wLjABAAAAgDQbitRTDSdo2ngCCE692lcnhDuxa7oy99O-8xe4VJhJ8VH0yDt0vXiGp2vl892b&iid=MS4wLjABAAAANwkJuWIRFOzg5uCpDRpMj4OX-QryoDgn-yYlXQnRwQQ&with_sec_did=1&video_share_track_ver=&titleType=title&schema_type=37&share_sign=u.TTSy7gc.BoytbfOs5trBgDmC9FkydjDHVTbhh4XXg-&share_version=0&ts=1787996655&from_aid=6383&from_ssr=1&share_track_info=%7B%22link_description_type%22%3A%22%22%7D,3117,1138,111
7678300834870028665,晚间PCE数据也相当重要，大家仓位近期思路都不考虑只买不卖，这样真心不行！除非950以下的仓位暂时适合拿住#七王爷,2026-08-26 19:28:46 CST,https://www.iesdouyin.com/share/video/7678300834870028665/?region=US&mid=7678300827169065768&u_code=16bah2718&did=MS4wLjABAAAAgDQbitRTDSdo2ngCCE692lcnhDuxa7oy99O-8xe4VJhJ8VH0yDt0vXiGp2vl892b&iid=MS4wLjABAAAANwkJuWIRFOzg5uCpDRpMj4OX-QryoDgn-yYlXQnRwQQ&with_sec_did=1&video_share_track_ver=&titleType=title&share_sign=UJ7QbHVKTC.eGwyHhpBmX0._yar_PbAZFnkLcVuOuDM-&share_version=0&ts=1787996655&from_aid=6383&from_ssr=1&share_track_info=%7B%22link_description_type%22%3A%22%22%7D,8074,1131,318
7678257682390627771,我也不知道为什么准成这样，应该是我最近给我爸爸，祭拜了！愿我的粉丝每天都能赚到！在我给的区间找低点进，拉高出高点！😘#七王爷,2026-08-26 16:41:18 CST,https://www.iesdouyin.com/share/video/7678257682390627771/?region=US&mid=7678070135709535026&u_code=16bah2718&did=MS4wLjABAAAAgDQbitRTDSdo2ngCCE692lcnhDuxa7oy99O-8xe4VJhJ8VH0yDt0vXiGp2vl892b&iid=MS4wLjABAAAANwkJuWIRFOzg5uCpDRpMj4OX-QryoDgn-yYlXQnRwQQ&with_sec_did=1&video_share_track_ver=&titleType=title&schema_type=37&share_sign=4yvMT94xoaOcDY.lRYP0Y51m9.qEB4I3pSEdUXY0kYk-&share_version=0&ts=1787996655&from_aid=6383&from_ssr=1&share_track_info=%7B%22link_description_type%22%3A%22%22%7D,3392,905,67
7678180083610643067,在行情波动比较大的时候，多看少动，不要有被挂了！保护好自己的本，留的青山在不怕没财烧！人要学会保护自己！ 没有底的就不接，有底的才考虑！底仓保留#七王爷,2026-08-26 11:40:11 CST,https://www.iesdouyin.com/share/video/7678180083610643067/?region=US&mid=7678180109110545179&u_code=16bah2718&did=MS4wLjABAAAAgDQbitRTDSdo2ngCCE692lcnhDuxa7oy99O-8xe4VJhJ8VH0yDt0vXiGp2vl892b&iid=MS4wLjABAAAANwkJuWIRFOzg5uCpDRpMj4OX-QryoDgn-yYlXQnRwQQ&with_sec_did=1&video_share_track_ver=&titleType=title&share_sign=yUZa3v4hZAYWszsKOTn7RKUtasi0SF3On.QFpyc0VYI-&share_version=0&ts=1787996655&from_aid=6383&from_ssr=1&share_track_info=%7B%22link_description_type%22%3A%22%22%7D,10421,1550,616
7678018174813673210,从来不删除作品，最近频繁作品被嘎～ 大家相互传播下，如果第一时间看见作品要点赞，自己记下重要的事，或者看不到去“外婆家找我”#七王爷 晚安,2026-08-26 01:11:54 CST,https://www.iesdouyin.com/share/video/7678018174813673210/?region=US&mid=7484404081415572234&u_code=16bah2718&did=MS4wLjABAAAAgDQbitRTDSdo2ngCCE692lcnhDuxa7oy99O-8xe4VJhJ8VH0yDt0vXiGp2vl892b&iid=MS4wLjABAAAANwkJuWIRFOzg5uCpDRpMj4OX-QryoDgn-yYlXQnRwQQ&with_sec_did=1&video_share_track_ver=&titleType=title&schema_type=37&share_sign=FqCfbEtgHoG2MJOtS3BmIPTM9tWCElccM9BTt8UZU.U-&share_version=0&ts=1787996655&from_aid=6383&from_ssr=1&share_track_info=%7B%22link_description_type%22%3A%22%22%7D,3187,734,19
7677998235735008326,大家辛苦了！我不邀功，因为能跟上肯定是财运好！对比？ 我个人997出货了在1004！因为我还有937 940 993底仓！#七王爷,2026-08-25 23:54:33 CST,https://www.iesdouyin.com/share/video/7677998235735008326/?region=US&mid=7226669718801894205&u_code=16bah2718&did=MS4wLjABAAAAgDQbitRTDSdo2ngCCE692lcnhDuxa7oy99O-8xe4VJhJ8VH0yDt0vXiGp2vl892b&iid=MS4wLjABAAAANwkJuWIRFOzg5uCpDRpMj4OX-QryoDgn-yYlXQnRwQQ&with_sec_did=1&video_share_track_ver=&titleType=title&schema_type=37&share_sign=VFqS81mKvyE8FMOvaQcbBk0NSNOqhnFE1XMViPeLCPY-&share_version=0&ts=1787996655&from_aid=6383&from_ssr=1&share_track_info=%7B%22link_description_type%22%3A%22%22%7D,3062,678,50
7677984808542534330,不要说我的视频没通知，视频➕社群同步通知！ 我个人（937-940-993-997）四层了，准备出掉997！#七王爷,2026-08-25 23:02:25 CST,https://www.iesdouyin.com/share/video/7677984808542534330/?region=US&mid=7562832171375790858&u_code=16bah2718&did=MS4wLjABAAAAgDQbitRTDSdo2ngCCE692lcnhDuxa7oy99O-8xe4VJhJ8VH0yDt0vXiGp2vl892b&iid=MS4wLjABAAAANwkJuWIRFOzg5uCpDRpMj4OX-QryoDgn-yYlXQnRwQQ&with_sec_did=1&video_share_track_ver=&titleType=title&schema_type=37&share_sign=sj5lk70q13Pv4qjA0c..UEnPBPXZEwGW7tZORVPAYMI-&share_version=0&ts=1787996655&from_aid=6383&from_ssr=1&share_track_info=%7B%22link_description_type%22%3A%22%22%7D,3099,732,71
7677890081230828145,手把手教大家看日内#七王爷,2026-08-25 16:54:50 CST,https://www.iesdouyin.com/share/video/7677890081230828145/?region=US&mid=7677890011811384107&u_code=16bah2718&did=MS4wLjABAAAAgDQbitRTDSdo2ngCCE692lcnhDuxa7oy99O-8xe4VJhJ8VH0yDt0vXiGp2vl892b&iid=MS4wLjABAAAANwkJuWIRFOzg5uCpDRpMj4OX-QryoDgn-yYlXQnRwQQ&with_sec_did=1&video_share_track_ver=&titleType=title&share_sign=H2yshISCXasfCKqt4O185ef9Pw64gZ02EOoOZc4o1kA-&share_version=0&ts=1787996655&from_aid=6383&from_ssr=1&share_track_info=%7B%22link_description_type%22%3A%22%22%7D,8779,1979,375
7677854143084276090,虽然所有仓位长期看没有危险，但是交易做的是细节！而不是靠情绪去拖动.#七王爷,2026-08-25 14:35:23 CST,https://www.iesdouyin.com/share/video/7677854143084276090/?region=US&mid=7677854123768695567&u_code=16bah2718&did=MS4wLjABAAAAgDQbitRTDSdo2ngCCE692lcnhDuxa7oy99O-8xe4VJhJ8VH0yDt0vXiGp2vl892b&iid=MS4wLjABAAAANwkJuWIRFOzg5uCpDRpMj4OX-QryoDgn-yYlXQnRwQQ&with_sec_did=1&video_share_track_ver=&titleType=title&share_sign=bGxY9fokpZ6W1jqj11ErOQIOkuIankyqpMFh0KGzIYc-&share_version=0&ts=1787996655&from_aid=6383&from_ssr=1&share_track_info=%7B%22link_description_type%22%3A%22%22%7D,7783,2157,254
7677801073125997297,现在开始给大家做风险提示🔔市场反复，不具备单边大涨条件#七王爷,2026-08-25 11:09:27 CST,https://www.iesdouyin.com/share/video/7677801073125997297/?region=US&mid=7677801038581189426&u_code=16bah2718&did=MS4wLjABAAAAgDQbitRTDSdo2ngCCE692lcnhDuxa7oy99O-8xe4VJhJ8VH0yDt0vXiGp2vl892b&iid=MS4wLjABAAAANwkJuWIRFOzg5uCpDRpMj4OX-QryoDgn-yYlXQnRwQQ&with_sec_did=1&video_share_track_ver=&titleType=title&share_sign=di90arSS9mWb0BYlNrU4aguyc1QUlpCGtNvqnPiRJZ0-&share_version=0&ts=1787996655&from_aid=6383&from_ssr=1&share_track_info=%7B%22link_description_type%22%3A%22%22%7D,8365,1301,935
7677645636254081875,接下来看是否有回马枪，今晚凌晨的消息面非常重要！还有周三的PCE数据📊大家重点关注#七王爷,2026-08-25 01:06:18 CST,https://www.iesdouyin.com/share/video/7677645636254081875/?region=US&mid=7677645519061060406&u_code=16bah2718&did=MS4wLjABAAAAgDQbitRTDSdo2ngCCE692lcnhDuxa7oy99O-8xe4VJhJ8VH0yDt0vXiGp2vl892b&iid=MS4wLjABAAAANwkJuWIRFOzg5uCpDRpMj4OX-QryoDgn-yYlXQnRwQQ&with_sec_did=1&video_share_track_ver=&titleType=title&share_sign=jA8dBaShgHz3MPFFkTiFPkuOs3fpZxBn_BDMMpvLCs8-&share_version=0&ts=1787996655&from_aid=6383&from_ssr=1&share_track_info=%7B%22link_description_type%22%3A%22%22%7D,8523,2173,316
7677569181105280698,回复 @用调羹吃面的评论 接下来也不惯着谁了！看不惯的一概拉黑，捆绑我要我我的一概拉黑！大家也不要对黑粉客气，不要安慰我了！#七王爷,2026-08-24 20:09:34 CST,https://www.iesdouyin.com/share/video/7677569181105280698/?region=US&mid=7419353992847394816&u_code=16bah2718&did=MS4wLjABAAAAgDQbitRTDSdo2ngCCE692lcnhDuxa7oy99O-8xe4VJhJ8VH0yDt0vXiGp2vl892b&iid=MS4wLjABAAAANwkJuWIRFOzg5uCpDRpMj4OX-QryoDgn-yYlXQnRwQQ&with_sec_did=1&video_share_track_ver=&titleType=title&share_sign=xFR16PWFaKDmHHKHPnkn48usb12q3oi7MWBq4DYnHb4-&share_version=0&ts=1787996655&from_aid=6383&from_ssr=1&share_track_info=%7B%22link_description_type%22%3A%22%22%7D,8249,2147,85
7677490187655534180,很多伙伴不知道怎么对比保留底仓！现在消息面推动，在震荡上行，看不到顶部的时候，你要对比自己手上的仓位，看哪个仓位更低，你要学会开始保留优秀的底部仓位了！ 这样拉涨的时候，你手上才有……版本过低，升级后可展示全部信息,2026-08-24 15:03:03 CST,https://www.iesdouyin.com/share/video/7677490187655534180/?region=US&mid=7543394304501385994&u_code=16bah2718&did=MS4wLjABAAAAgDQbitRTDSdo2ngCCE692lcnhDuxa7oy99O-8xe4VJhJ8VH0yDt0vXiGp2vl892b&iid=MS4wLjABAAAANwkJuWIRFOzg5uCpDRpMj4OX-QryoDgn-yYlXQnRwQQ&with_sec_did=1&video_share_track_ver=&titleType=title&schema_type=37&share_sign=HhWZwowsAGxp9WtpB2SzurTntJfpUrof8VJ8nD7z23o-&share_version=0&ts=1787996655&from_aid=6383&from_ssr=1&share_track_info=%7B%22link_description_type%22%3A%22%22%7D,3122,700,38
7677484870356066411,只要你视频跟得紧的，手里都会有937-940的底仓！ 我上午在997加了一层防踏空仓！#七王爷,2026-08-24 14:42:25 CST,https://www.iesdouyin.com/share/video/7677484870356066411/?region=US&mid=7677484849304750898&u_code=16bah2718&did=MS4wLjABAAAAgDQbitRTDSdo2ngCCE692lcnhDuxa7oy99O-8xe4VJhJ8VH0yDt0vXiGp2vl892b&iid=MS4wLjABAAAANwkJuWIRFOzg5uCpDRpMj4OX-QryoDgn-yYlXQnRwQQ&with_sec_did=1&video_share_track_ver=&titleType=title&share_sign=DUH1xmgsYHpsUuSXSwFElnUyepXaaqeexAVGCdaNjgw-&share_version=0&ts=1787996655&from_aid=6383&from_ssr=1&share_track_info=%7B%22link_description_type%22%3A%22%22%7D,6977,1245,284
7677214882429598905,记得逐步震荡向上的行情，记得保留底仓#七王爷,2026-08-23 21:14:43 CST,https://www.iesdouyin.com/share/video/7677214882429598905/?region=US&mid=7677214889080884002&u_code=16bah2718&did=MS4wLjABAAAAgDQbitRTDSdo2ngCCE692lcnhDuxa7oy99O-8xe4VJhJ8VH0yDt0vXiGp2vl892b&iid=MS4wLjABAAAANwkJuWIRFOzg5uCpDRpMj4OX-QryoDgn-yYlXQnRwQQ&with_sec_did=1&video_share_track_ver=&titleType=title&share_sign=O2QaR1wGRTPFIIP8IO.1MP8UBwqh5et7uJbf9M9TPWk-&share_version=0&ts=1787996655&from_aid=6383&from_ssr=1&share_track_info=%7B%22link_description_type%22%3A%22%22%7D,14669,2983,1051
7676459532801576619,今晚4600多空决战！#七王爷,2026-08-21 20:23:34 CST,https://www.iesdouyin.com/share/video/7676459532801576619/?region=US&mid=7663761196809653043&u_code=16bah2718&did=MS4wLjABAAAAgDQbitRTDSdo2ngCCE692lcnhDuxa7oy99O-8xe4VJhJ8VH0yDt0vXiGp2vl892b&iid=MS4wLjABAAAANwkJuWIRFOzg5uCpDRpMj4OX-QryoDgn-yYlXQnRwQQ&with_sec_did=1&video_share_track_ver=&titleType=title&schema_type=37&share_sign=5_8I8Q0zWP1N7j5SwiPTAAEpe2d4uK211M8pjhifUDw-&share_version=0&ts=1787996655&from_aid=6383&from_ssr=1&share_track_info=%7B%22link_description_type%22%3A%22%22%7D,7007,3246,164
7676350575030190954,黄金市场忽高忽低，有时候耐心比操作更重要，稳住心态才有好运气#七王爷#尼雅葡萄酒,2026-08-21 16:40:06 CST,https://www.iesdouyin.com/share/video/7676350575030190954/?region=US&mid=7676350508680055592&u_code=16bah2718&did=MS4wLjABAAAAgDQbitRTDSdo2ngCCE692lcnhDuxa7oy99O-8xe4VJhJ8VH0yDt0vXiGp2vl892b&iid=MS4wLjABAAAANwkJuWIRFOzg5uCpDRpMj4OX-QryoDgn-yYlXQnRwQQ&with_sec_did=1&video_share_track_ver=&titleType=title&share_sign=G7_L0HoXOgV_VMSc3y0l6zGMVu3fU53C6cU1k8vBTIM-&share_version=0&ts=1787996655&from_aid=6383&from_ssr=1&share_track_info=%7B%22link_description_type%22%3A%22%22%7D,7874,1968,278
7676383078278232246,再说一次，不准给我红包谁发拉黑谁😂 怎么叫都叫不应啊，你们老七老交易能养活自己捏！ 除非你们每个人都在1200上方赚钱解套！ 不然我还没资格收任何人的“投喂” 我还恨不得给你们发红……版本过低，升级后可展示全部信息,2026-08-21 15:26:53 CST,https://www.iesdouyin.com/share/video/7676383078278232246/?region=US&mid=6694240267685333771&u_code=16bah2718&did=MS4wLjABAAAAgDQbitRTDSdo2ngCCE692lcnhDuxa7oy99O-8xe4VJhJ8VH0yDt0vXiGp2vl892b&iid=MS4wLjABAAAANwkJuWIRFOzg5uCpDRpMj4OX-QryoDgn-yYlXQnRwQQ&with_sec_did=1&video_share_track_ver=&titleType=title&schema_type=37&share_sign=lTrn7XEpkOLUh42peLajqSZFrPkS3HgWvMIGqpxL4Ls-&share_version=0&ts=1787996654&from_aid=6383&from_ssr=1&share_track_info=%7B%22link_description_type%22%3A%22%22%7D,4346,969,45
7676363922408912233,全民都想从W 变成M！一起来许愿#天赋一饼的交易员 #七王爷,2026-08-21 14:12:34 CST,https://www.iesdouyin.com/share/video/7676363922408912233/?region=US&mid=7676363890460412713&u_code=16bah2718&did=MS4wLjABAAAAgDQbitRTDSdo2ngCCE692lcnhDuxa7oy99O-8xe4VJhJ8VH0yDt0vXiGp2vl892b&iid=MS4wLjABAAAANwkJuWIRFOzg5uCpDRpMj4OX-QryoDgn-yYlXQnRwQQ&with_sec_did=1&video_share_track_ver=&titleType=title&share_sign=hQMWaFolNMVLKTR_NUF3yPWHEMi4H_t.56tWASR5NFg-&share_version=0&ts=1787996654&from_aid=6383&from_ssr=1&share_track_info=%7B%22link_description_type%22%3A%22%22%7D,7184,2838,174
7676357974079735430,投资看周期回报率！#七王爷,2026-08-21 13:49:30 CST,https://www.iesdouyin.com/share/video/7676357974079735430/?region=US&mid=7548324133969431335&u_code=16bah2718&did=MS4wLjABAAAAgDQbitRTDSdo2ngCCE692lcnhDuxa7oy99O-8xe4VJhJ8VH0yDt0vXiGp2vl892b&iid=MS4wLjABAAAANwkJuWIRFOzg5uCpDRpMj4OX-QryoDgn-yYlXQnRwQQ&with_sec_did=1&video_share_track_ver=&titleType=title&schema_type=37&share_sign=ttkThRSZlHOZq0p25t2jv83LblYn.jCOcJZCe3LTinw-&share_version=0&ts=1787996657&from_aid=6383&from_ssr=1&share_track_info=%7B%22link_description_type%22%3A%22%22%7D,4064,416,169
7676347011008650874,我不受任何人红包，金价不涨到1200我不会考虑做抖音会员！谢谢大家，而且关于转账这件事大家不要在互联网上给任何人转账！谢谢大家配合！我做交易自己能养活自己，不需要投喂哈！真正做交易……版本过低，升级后可展示全部信息,2026-08-21 13:06:56 CST,https://www.iesdouyin.com/share/video/7676347011008650874/?region=US&mid=7605263184181627690&u_code=16bah2718&did=MS4wLjABAAAAgDQbitRTDSdo2ngCCE692lcnhDuxa7oy99O-8xe4VJhJ8VH0yDt0vXiGp2vl892b&iid=MS4wLjABAAAANwkJuWIRFOzg5uCpDRpMj4OX-QryoDgn-yYlXQnRwQQ&with_sec_did=1&video_share_track_ver=&titleType=title&schema_type=37&share_sign=Eal8DByozvZHTkwbAjUFJKwUioC1b4S3Y5L4.mpBGcs-&share_version=0&ts=1787996657&from_aid=6383&from_ssr=1&share_track_info=%7B%22link_description_type%22%3A%22%22%7D,4215,830,41
7676300244825045375,昨天凌晨三点行情就起来了！多空现在博弈非常厉害，大家看今天是否还有机会吧，有就上，没有就不上，因为今天周五，我还不是特别想让大家抗单过周末.#七王爷,2026-08-21 10:05:29 CST,https://www.iesdouyin.com/share/video/7676300244825045375/?region=US&mid=7675990332559166218&u_code=16bah2718&did=MS4wLjABAAAAgDQbitRTDSdo2ngCCE692lcnhDuxa7oy99O-8xe4VJhJ8VH0yDt0vXiGp2vl892b&iid=MS4wLjABAAAANwkJuWIRFOzg5uCpDRpMj4OX-QryoDgn-yYlXQnRwQQ&with_sec_did=1&video_share_track_ver=&titleType=title&schema_type=37&share_sign=U4IPrJPE8OZqx.F7J2KO9EiVr20FfoaIGA5hPOFY3hs-&share_version=0&ts=1787996657&from_aid=6383&from_ssr=1&share_track_info=%7B%22link_description_type%22%3A%22%22%7D,6806,1378,356
7676120006748433913,什么事都不要急，手牵手成为合格交易员#七王爷,2026-08-20 22:26:02 CST,https://www.iesdouyin.com/share/video/7676120006748433913/?region=US&mid=7605263184181627690&u_code=16bah2718&did=MS4wLjABAAAAgDQbitRTDSdo2ngCCE692lcnhDuxa7oy99O-8xe4VJhJ8VH0yDt0vXiGp2vl892b&iid=MS4wLjABAAAANwkJuWIRFOzg5uCpDRpMj4OX-QryoDgn-yYlXQnRwQQ&with_sec_did=1&video_share_track_ver=&titleType=title&schema_type=37&share_sign=ZH.NoeLcwQlI4IvCgc_Xyw7FfjBmxNnSd0a3X3IjLiI-&share_version=0&ts=1787996657&from_aid=6383&from_ssr=1&share_track_info=%7B%22link_description_type%22%3A%22%22%7D,5300,1253,117
7676094041343837587,请拿出无所吊谓的精神出来！#七王爷,2026-08-20 20:45:17 CST,https://www.iesdouyin.com/share/video/7676094041343837587/?region=US&mid=7674521175191604031&u_code=16bah2718&did=MS4wLjABAAAAgDQbitRTDSdo2ngCCE692lcnhDuxa7oy99O-8xe4VJhJ8VH0yDt0vXiGp2vl892b&iid=MS4wLjABAAAANwkJuWIRFOzg5uCpDRpMj4OX-QryoDgn-yYlXQnRwQQ&with_sec_did=1&video_share_track_ver=&titleType=title&schema_type=37&share_sign=N2V0bVF2Clec_zJA1sgOxMArq2LRLadyXPvgF9gmj4c-&share_version=0&ts=1787996657&from_aid=6383&from_ssr=1&share_track_info=%7B%22link_description_type%22%3A%22%22%7D,5116,1331,74
7676026512046320817,下午我给的第一层底部到达！966！ 第二层如果有（958-960）我个人会那一层！ 出仓随意，我再也不做费力不讨好的事了，望理解！ 我个人939-940底仓一直保留！最近不想发视频……版本过低，升级后可展示全部信息,2026-08-20 16:23:14 CST,https://www.iesdouyin.com/share/video/7676026512046320817/?region=US&mid=7605263184181627690&u_code=16bah2718&did=MS4wLjABAAAAgDQbitRTDSdo2ngCCE692lcnhDuxa7oy99O-8xe4VJhJ8VH0yDt0vXiGp2vl892b&iid=MS4wLjABAAAANwkJuWIRFOzg5uCpDRpMj4OX-QryoDgn-yYlXQnRwQQ&with_sec_did=1&video_share_track_ver=&titleType=title&schema_type=37&share_sign=Fewo8GCXd6GLXDlm6IR8oLWebzUkl9nFeKgjPIjx_Fg-&share_version=0&ts=1787996657&from_aid=6383&from_ssr=1&share_track_info=%7B%22link_description_type%22%3A%22%22%7D,4510,1483,104
7675962280337188345,有点累了….. 我在考虑上涨趋势中，我还要不要发这些……. 越往上博主越难做，如果开启当边的时候我就不发波段了，大家就可以靠自己了….. 有些路还是需要大家自己一步步的走……#七王……版本过低，升级后可展示全部信息,2026-08-20 12:13:59 CST,https://www.iesdouyin.com/share/video/7675962280337188345/?region=US&mid=7349906593394838309&u_code=16bah2718&did=MS4wLjABAAAAgDQbitRTDSdo2ngCCE692lcnhDuxa7oy99O-8xe4VJhJ8VH0yDt0vXiGp2vl892b&iid=MS4wLjABAAAANwkJuWIRFOzg5uCpDRpMj4OX-QryoDgn-yYlXQnRwQQ&with_sec_did=1&video_share_track_ver=&titleType=title&schema_type=37&share_sign=zv2MYKwUPTqXasxl5dCcUapFPZ7Hi.WSUt2Rnb5O6fI-&share_version=0&ts=1787996657&from_aid=6383&from_ssr=1&share_track_info=%7B%22link_description_type%22%3A%22%22%7D,6219,1383,244
7675895812488713030,我实在熬不住了，本来想一直盯着，给大家找机会，但是奈何太强了！我先睡一会！#七王爷,2026-08-20 07:56:03 CST,https://www.iesdouyin.com/share/video/7675895812488713030/?region=US&mid=0&u_code=16bah2718&did=MS4wLjABAAAAgDQbitRTDSdo2ngCCE692lcnhDuxa7oy99O-8xe4VJhJ8VH0yDt0vXiGp2vl892b&iid=MS4wLjABAAAANwkJuWIRFOzg5uCpDRpMj4OX-QryoDgn-yYlXQnRwQQ&with_sec_did=1&video_share_track_ver=&titleType=title&schema_type=37&share_sign=omQ31DvYFWj7yaYuqEJV4GFoEBjO9kQEOXVUbRc9zL4-&share_version=0&ts=1787996657&from_aid=6383&from_ssr=1&share_track_info=%7B%22link_description_type%22%3A%22%22%7D,4723,1423,93
7675820186306498425,市场远远比我们想象中残酷！有的时候DU错了行情，自己本金都不包，所以永远不要DK，永远不要碰ＧＧ！有的钱该你赚，有的钱不该你赚，我很多时候自豪的点是带大家安全上车，也安全下车了！#……版本过低，升级后可展示全部信息,2026-08-20 03:02:37 CST,https://www.iesdouyin.com/share/video/7675820186306498425/?region=US&mid=7675820031330421550&u_code=16bah2718&did=MS4wLjABAAAAgDQbitRTDSdo2ngCCE692lcnhDuxa7oy99O-8xe4VJhJ8VH0yDt0vXiGp2vl892b&iid=MS4wLjABAAAANwkJuWIRFOzg5uCpDRpMj4OX-QryoDgn-yYlXQnRwQQ&with_sec_did=1&video_share_track_ver=&titleType=title&share_sign=4DBaInb8Kx8nx0cV9jTHFrH.PA7fsIIq1JClQtpz00o-&share_version=0&ts=1787996657&from_aid=6383&from_ssr=1&share_track_info=%7B%22link_description_type%22%3A%22%22%7D,8124,1325,435
7675813000934717625,美联储新闻整体偏空，我个人底仓939-940保留#美联储 #七王爷,2026-08-20 02:34:42 CST,https://www.iesdouyin.com/share/video/7675813000934717625/?region=US&mid=7675812832746769178&u_code=16bah2718&did=MS4wLjABAAAAgDQbitRTDSdo2ngCCE692lcnhDuxa7oy99O-8xe4VJhJ8VH0yDt0vXiGp2vl892b&iid=MS4wLjABAAAANwkJuWIRFOzg5uCpDRpMj4OX-QryoDgn-yYlXQnRwQQ&with_sec_did=1&video_share_track_ver=&titleType=title&share_sign=hAd7UZ2Ka0FGPelDjbKQ5ZXo7bJRiSLjKq7izySu.40-&share_version=0&ts=1787996657&from_aid=6383&from_ssr=1&share_track_info=%7B%22link_description_type%22%3A%22%22%7D,6868,814,224
7675723485201290939,保留底仓939-940！你们最近真的很有财运👍#七王爷,2026-08-19 20:47:20 CST,https://www.iesdouyin.com/share/video/7675723485201290939/?region=US&mid=7675723436970674959&u_code=16bah2718&did=MS4wLjABAAAAgDQbitRTDSdo2ngCCE692lcnhDuxa7oy99O-8xe4VJhJ8VH0yDt0vXiGp2vl892b&iid=MS4wLjABAAAANwkJuWIRFOzg5uCpDRpMj4OX-QryoDgn-yYlXQnRwQQ&with_sec_did=1&video_share_track_ver=&titleType=title&share_sign=e8j5TODiGaxPfx8QCMO8VZGa_4D7R9_SZnRjDxCZsUk-&share_version=0&ts=1787996657&from_aid=6383&from_ssr=1&share_track_info=%7B%22link_description_type%22%3A%22%22%7D,8234,5566,194
7675701743980935076,晚上美盘遇到940-949（加的仓位） 在4380-4400分批出货（949-954-955） 先把高位货出掉！再有利润的情况下！  保留939！#七王爷,2026-08-19 19:22:59 CST,https://www.iesdouyin.com/share/video/7675701743980935076/?region=US&mid=7675701717975239470&u_code=16bah2718&did=MS4wLjABAAAAgDQbitRTDSdo2ngCCE692lcnhDuxa7oy99O-8xe4VJhJ8VH0yDt0vXiGp2vl892b&iid=MS4wLjABAAAANwkJuWIRFOzg5uCpDRpMj4OX-QryoDgn-yYlXQnRwQQ&with_sec_did=1&video_share_track_ver=&titleType=title&share_sign=5cmo8UDEBKUGQjidHJv5TYkZkKjQizR5.ciRlva_AAw-&share_version=0&ts=1787996657&from_aid=6383&from_ssr=1&share_track_info=%7B%22link_description_type%22%3A%22%22%7D,6156,1608,318
7675641300566634937,其实交易跟成长一样，如果这一次不着急了，长远看现阶段肯定是没错的，但是如果这次在高抛低吸上你上高了也不要紧，人吗？人教人教不会，事教人一教就会了，人是需要自我独立成长的，那接下来我……版本过低，升级后可展示全部信息,2026-08-19 15:28:25 CST,https://www.iesdouyin.com/share/video/7675641300566634937/?region=US&mid=7675641342148119334&u_code=16bah2718&did=MS4wLjABAAAAgDQbitRTDSdo2ngCCE692lcnhDuxa7oy99O-8xe4VJhJ8VH0yDt0vXiGp2vl892b&iid=MS4wLjABAAAANwkJuWIRFOzg5uCpDRpMj4OX-QryoDgn-yYlXQnRwQQ&with_sec_did=1&video_share_track_ver=&titleType=title&share_sign=yPb6D.ITZSVYlsDtlpfpDuPH2Pl2VMHNPHw8QWhqp1I-&share_version=0&ts=1787996657&from_aid=6383&from_ssr=1&share_track_info=%7B%22link_description_type%22%3A%22%22%7D,8439,1490,264
7675621303756078074,学会出高，保留底仓，资金回笼，做到进可攻，退可守！#七王爷,2026-08-19 14:10:49 CST,https://www.iesdouyin.com/share/video/7675621303756078074/?region=US&mid=7675621319626869539&u_code=16bah2718&did=MS4wLjABAAAAgDQbitRTDSdo2ngCCE692lcnhDuxa7oy99O-8xe4VJhJ8VH0yDt0vXiGp2vl892b&iid=MS4wLjABAAAANwkJuWIRFOzg5uCpDRpMj4OX-QryoDgn-yYlXQnRwQQ&with_sec_did=1&video_share_track_ver=&titleType=title&share_sign=RW8x3yKHtRpux5SiuoKkoklERRzHYxODqX4fJaSryQE-&share_version=0&ts=1787996657&from_aid=6383&from_ssr=1&share_track_info=%7B%22link_description_type%22%3A%22%22%7D,7042,1121,312
7675535509275813609,俺的第二层波段939-940已完成，漂亮！大家跟上了吗？#七王爷,2026-08-19 08:37:55 CST,https://www.iesdouyin.com/share/video/7675535509275813609/?region=US&mid=7675234244628581166&u_code=16bah2718&did=MS4wLjABAAAAgDQbitRTDSdo2ngCCE692lcnhDuxa7oy99O-8xe4VJhJ8VH0yDt0vXiGp2vl892b&iid=MS4wLjABAAAANwkJuWIRFOzg5uCpDRpMj4OX-QryoDgn-yYlXQnRwQQ&with_sec_did=1&video_share_track_ver=&titleType=title&schema_type=37&share_sign=eu_GscS698Gvym6BmDYqXkgtBaxi5x2zGO3d3tXsJWU-&share_version=0&ts=1787996657&from_aid=6383&from_ssr=1&share_track_info=%7B%22link_description_type%22%3A%22%22%7D,4612,1652,138
7675389958337514367,我可以安心睡了！ 波段记得分批进，分批出，不要梭哈，开始学会保留底仓了！#七王爷,2026-08-18 23:13:05 CST,https://www.iesdouyin.com/share/video/7675389958337514367/?region=US&mid=7675389924330769158&u_code=16bah2718&did=MS4wLjABAAAAgDQbitRTDSdo2ngCCE692lcnhDuxa7oy99O-8xe4VJhJ8VH0yDt0vXiGp2vl892b&iid=MS4wLjABAAAANwkJuWIRFOzg5uCpDRpMj4OX-QryoDgn-yYlXQnRwQQ&with_sec_did=1&video_share_track_ver=&titleType=title&share_sign=UqUJy.cGr4_gnPWPJ5iBi7grJBER4TubCpFhdRpCUw0-&share_version=0&ts=1787996657&from_aid=6383&from_ssr=1&share_track_info=%7B%22link_description_type%22%3A%22%22%7D,7641,2181,264
7675329325272882345,记得最近陆陆续续拿到优秀仓位，分批进，对比哪个仓位更低，记得保留底仓！震荡上行就要保留底仓#七王爷,2026-08-18 19:17:47 CST,https://www.iesdouyin.com/share/video/7675329325272882345/?region=US&mid=7675329312958024474&u_code=16bah2718&did=MS4wLjABAAAAgDQbitRTDSdo2ngCCE692lcnhDuxa7oy99O-8xe4VJhJ8VH0yDt0vXiGp2vl892b&iid=MS4wLjABAAAANwkJuWIRFOzg5uCpDRpMj4OX-QryoDgn-yYlXQnRwQQ&with_sec_did=1&video_share_track_ver=&titleType=title&share_sign=3onwz10wLRPeP1VqZE6JgT4d4f4EGjMZgmnXF2TCBEo-&share_version=0&ts=1787996657&from_aid=6383&from_ssr=1&share_track_info=%7B%22link_description_type%22%3A%22%22%7D,6612,1038,218
7675286809233098417,周四彻底要出方向了#七王爷,2026-08-18 16:32:48 CST,https://www.iesdouyin.com/share/video/7675286809233098417/?region=US&mid=7675286756417211178&u_code=16bah2718&did=MS4wLjABAAAAgDQbitRTDSdo2ngCCE692lcnhDuxa7oy99O-8xe4VJhJ8VH0yDt0vXiGp2vl892b&iid=MS4wLjABAAAANwkJuWIRFOzg5uCpDRpMj4OX-QryoDgn-yYlXQnRwQQ&with_sec_did=1&video_share_track_ver=&titleType=title&share_sign=R5bxgRxIsEFF_fo4MxfyMbaq6ouymYxPCuRqms7wR1w-&share_version=0&ts=1787996657&from_aid=6383&from_ssr=1&share_track_info=%7B%22link_description_type%22%3A%22%22%7D,7166,749,381
7675245857092121018,爱动的是猎物，我坚定看回调#七王爷,2026-08-18 13:53:53 CST,https://www.iesdouyin.com/share/video/7675245857092121018/?region=US&mid=7675245820026915634&u_code=16bah2718&did=MS4wLjABAAAAgDQbitRTDSdo2ngCCE692lcnhDuxa7oy99O-8xe4VJhJ8VH0yDt0vXiGp2vl892b&iid=MS4wLjABAAAANwkJuWIRFOzg5uCpDRpMj4OX-QryoDgn-yYlXQnRwQQ&with_sec_did=1&video_share_track_ver=&titleType=title&share_sign=tFhTJzqhxl0LTnMvtSWfrc69bHADq6th7acRpbS2D_M-&share_version=0&ts=1787996657&from_aid=6383&from_ssr=1&share_track_info=%7B%22link_description_type%22%3A%22%22%7D,7182,805,280
7675085227555198587,有没有像极了你？ 拉高不想跑，底部不敢进，有一点点拉涨就想追上去，亏损很对不会止损，每天看各种不同博主，被左右你的交易情绪，从来没有静下心来整理自己的舒适区交易逻辑！ 把“资金命运……版本过低，升级后可展示全部信息,2026-08-18 03:30:34 CST,https://www.iesdouyin.com/share/video/7675085227555198587/?region=US&mid=6846772772526360577&u_code=16bah2718&did=MS4wLjABAAAAgDQbitRTDSdo2ngCCE692lcnhDuxa7oy99O-8xe4VJhJ8VH0yDt0vXiGp2vl892b&iid=MS4wLjABAAAANwkJuWIRFOzg5uCpDRpMj4OX-QryoDgn-yYlXQnRwQQ&with_sec_did=1&video_share_track_ver=&titleType=title&share_sign=aOcGV0hZY9fN9j33l.tq2VMgZqw3vnYABEMOR38jCa4-&share_version=0&ts=1787996657&from_aid=6383&from_ssr=1&share_track_info=%7B%22link_description_type%22%3A%22%22%7D,6246,1469,148
7674872009461341881,周二到周四有大行情#七王爷,2026-08-17 13:43:10 CST,https://www.iesdouyin.com/share/video/7674872009461341881/?region=US&mid=7674872001302956843&u_code=16bah2718&did=MS4wLjABAAAAgDQbitRTDSdo2ngCCE692lcnhDuxa7oy99O-8xe4VJhJ8VH0yDt0vXiGp2vl892b&iid=MS4wLjABAAAANwkJuWIRFOzg5uCpDRpMj4OX-QryoDgn-yYlXQnRwQQ&with_sec_did=1&video_share_track_ver=&titleType=title&share_sign=VIKVJLA7bCY9WuIWcf9.Apbn8xVAak9DeTTh76sKUwQ-&share_version=0&ts=1787996657&from_aid=6383&from_ssr=1&share_track_info=%7B%22link_description_type%22%3A%22%22%7D,9824,1794,421
7674801851812840362,漂亮，937-947我出货了！拉高不追！#七王爷,2026-08-17 09:10:56 CST,https://www.iesdouyin.com/share/video/7674801851812840362/?region=US&mid=7674801767854394175&u_code=16bah2718&did=MS4wLjABAAAAgDQbitRTDSdo2ngCCE692lcnhDuxa7oy99O-8xe4VJhJ8VH0yDt0vXiGp2vl892b&iid=MS4wLjABAAAANwkJuWIRFOzg5uCpDRpMj4OX-QryoDgn-yYlXQnRwQQ&with_sec_did=1&video_share_track_ver=&titleType=title&share_sign=JTrDCr1r2TzuVDg9nZIaigXuKay1_or24Y5UfGQiIWQ-&share_version=0&ts=1787996657&from_aid=6383&from_ssr=1&share_track_info=%7B%22link_description_type%22%3A%22%22%7D,8199,1793,178
7674652534972094457,特别注意周二到周四的行情，起伏会比较大！#七王爷,2026-08-16 23:31:30 CST,https://www.iesdouyin.com/share/video/7674652534972094457/?region=US&mid=7674652557160942374&u_code=16bah2718&did=MS4wLjABAAAAgDQbitRTDSdo2ngCCE692lcnhDuxa7oy99O-8xe4VJhJ8VH0yDt0vXiGp2vl892b&iid=MS4wLjABAAAANwkJuWIRFOzg5uCpDRpMj4OX-QryoDgn-yYlXQnRwQQ&with_sec_did=1&video_share_track_ver=&titleType=title&share_sign=IFJ6LzBHNBx5juXtwRlfn1HDGPUwKiqSiuHWwncSH08-&share_version=0&ts=1787996657&from_aid=6383&from_ssr=1&share_track_info=%7B%22link_description_type%22%3A%22%22%7D,11601,1540,484
7673964501675165434,你爱我，我爱你，我们一起喝蜜雪冰城甜蜜蜜！#七王爷,2026-08-15 03:01:38 CST,https://www.iesdouyin.com/share/video/7673964501675165434/?region=US&mid=7673964132554525475&u_code=16bah2718&did=MS4wLjABAAAAgDQbitRTDSdo2ngCCE692lcnhDuxa7oy99O-8xe4VJhJ8VH0yDt0vXiGp2vl892b&iid=MS4wLjABAAAANwkJuWIRFOzg5uCpDRpMj4OX-QryoDgn-yYlXQnRwQQ&with_sec_did=1&video_share_track_ver=&titleType=title&share_sign=yZLkNwoR1deZ8P70SKc_8.9NwJGRj0g9JawfY3jmLOQ-&share_version=0&ts=1787996657&from_aid=6383&from_ssr=1&share_track_info=%7B%22link_description_type%22%3A%22%22%7D,9990,4028,214
7673871476403567275,你们相信光吗？#七王爷,2026-08-14 21:00:36 CST,https://www.iesdouyin.com/share/video/7673871476403567275/?region=US&mid=7673871466403826482&u_code=16bah2718&did=MS4wLjABAAAAgDQbitRTDSdo2ngCCE692lcnhDuxa7oy99O-8xe4VJhJ8VH0yDt0vXiGp2vl892b&iid=MS4wLjABAAAANwkJuWIRFOzg5uCpDRpMj4OX-QryoDgn-yYlXQnRwQQ&with_sec_did=1&video_share_track_ver=&titleType=title&share_sign=F.CE4hVmex19CqhiBRA.KbF9hSYb35xJUBXz6leaNvU-&share_version=0&ts=1787996657&from_aid=6383&from_ssr=1&share_track_info=%7B%22link_description_type%22%3A%22%22%7D,8295,2075,56
7673865154623420651,机构周五要拉高出货了！看来我们今晚全部要打胜战了！ #七王爷,2026-08-14 20:36:03 CST,https://www.iesdouyin.com/share/video/7673865154623420651/?region=US&mid=7497897312530729767&u_code=16bah2718&did=MS4wLjABAAAAgDQbitRTDSdo2ngCCE692lcnhDuxa7oy99O-8xe4VJhJ8VH0yDt0vXiGp2vl892b&iid=MS4wLjABAAAANwkJuWIRFOzg5uCpDRpMj4OX-QryoDgn-yYlXQnRwQQ&with_sec_did=1&video_share_track_ver=&titleType=title&schema_type=37&share_sign=FvDjcgy5lf2Mw8n3cz5Pte7J1cDkdmTKbcITYYo.xbk-&share_version=0&ts=1787996657&from_aid=6383&from_ssr=1&share_track_info=%7B%22link_description_type%22%3A%22%22%7D,3033,1165,78
7673811623618812261,我个人周五会锁定一部分利润，这样可以马上有既得利润，还有底仓！风险最小化#七王爷,2026-08-14 17:08:20 CST,https://www.iesdouyin.com/share/video/7673811623618812261/?region=US&mid=7673811604240632626&u_code=16bah2718&did=MS4wLjABAAAAgDQbitRTDSdo2ngCCE692lcnhDuxa7oy99O-8xe4VJhJ8VH0yDt0vXiGp2vl892b&iid=MS4wLjABAAAANwkJuWIRFOzg5uCpDRpMj4OX-QryoDgn-yYlXQnRwQQ&with_sec_did=1&video_share_track_ver=&titleType=title&share_sign=2ld2NYvwP76AU2jXPwcEVCM8YThhcsLgSN7PCp2Pgq8-&share_version=0&ts=1787996657&from_aid=6383&from_ssr=1&share_track_info=%7B%22link_description_type%22%3A%22%22%7D,5996,1554,239
7673784981269188090,高位尽量不吃鱼头行情#七王爷,2026-08-14 15:24:57 CST,https://www.iesdouyin.com/share/video/7673784981269188090/?region=US&mid=7673785121295960895&u_code=16bah2718&did=MS4wLjABAAAAgDQbitRTDSdo2ngCCE692lcnhDuxa7oy99O-8xe4VJhJ8VH0yDt0vXiGp2vl892b&iid=MS4wLjABAAAANwkJuWIRFOzg5uCpDRpMj4OX-QryoDgn-yYlXQnRwQQ&with_sec_did=1&video_share_track_ver=&titleType=title&share_sign=fpE0POGRm8TR6Vsor9WXzQjzF_kEyGPmLI6EsWZL71w-&share_version=0&ts=1787996657&from_aid=6383&from_ssr=1&share_track_info=%7B%22link_description_type%22%3A%22%22%7D,7449,1307,250
7673702749103766139,严控仓位，回调是必然，前期高点超买盘积压，获利盘了解，基本机构资金在高位出逃！很多伙伴关心会不会有更低，今天早上底部支撑在4313，你只要合理控制自己仓位就没问题，敬畏市场！#七王……版本过低，升级后可展示全部信息,2026-08-14 10:05:50 CST,https://www.iesdouyin.com/share/video/7673702749103766139/?region=US&mid=7673702560108563234&u_code=16bah2718&did=MS4wLjABAAAAgDQbitRTDSdo2ngCCE692lcnhDuxa7oy99O-8xe4VJhJ8VH0yDt0vXiGp2vl892b&iid=MS4wLjABAAAANwkJuWIRFOzg5uCpDRpMj4OX-QryoDgn-yYlXQnRwQQ&with_sec_did=1&video_share_track_ver=&titleType=title&share_sign=Vwkyv9ZTpTsSj9DCF0gkQsBM1G6tj500i70JBpQx4d4-&share_version=0&ts=1787996657&from_aid=6383&from_ssr=1&share_track_info=%7B%22link_description_type%22%3A%22%22%7D,8499,1956,476
7673691172417736595,破位了，我个人在昨天说的第二区间拿了！#七王爷,2026-08-14 09:20:56 CST,https://www.iesdouyin.com/share/video/7673691172417736595/?region=US&mid=7621032212177881089&u_code=16bah2718&did=MS4wLjABAAAAgDQbitRTDSdo2ngCCE692lcnhDuxa7oy99O-8xe4VJhJ8VH0yDt0vXiGp2vl892b&iid=MS4wLjABAAAANwkJuWIRFOzg5uCpDRpMj4OX-QryoDgn-yYlXQnRwQQ&with_sec_did=1&video_share_track_ver=&titleType=title&schema_type=37&share_sign=80itCmT_ZAQHQgB9.xroxOcbH0.75Sq7iw.TZQXa2o4-&share_version=0&ts=1787996657&from_aid=6383&from_ssr=1&share_track_info=%7B%22link_description_type%22%3A%22%22%7D,3237,978,68
7673558919264144467,用心对待每一位粉丝，真心换真心！#七王爷,2026-08-14 00:47:43 CST,https://www.iesdouyin.com/share/video/7673558919264144467/?region=US&mid=7673558830864698162&u_code=0&did=MS4wLjABAAAAgDQbitRTDSdo2ngCCE692lcnhDuxa7oy99O-8xe4VJhJ8VH0yDt0vXiGp2vl892b&iid=MS4wLjABAAAANwkJuWIRFOzg5uCpDRpMj4OX-QryoDgn-yYlXQnRwQQ&with_sec_did=1&video_share_track_ver=&titleType=title&share_sign=Sd6dKpckkcvM0CacKhTsCzWmo5fsXpmgFfawDXK4slk-&share_version=0&ts=1787996659&from_aid=6383&from_ssr=1&share_track_info=%7B%22link_description_type%22%3A%22%22%7D,6085,1664,110
7673502782330228153,我也很笨，但是关于赚钞票这件事，我会投入我100%的心血去做！如果你连视频都看不完，都要别人帮你总结！凭啥子这个钱给你赚#七王爷,2026-08-13 21:09:52 CST,https://www.iesdouyin.com/share/video/7673502782330228153/?region=US&mid=7673502787341323054&u_code=0&did=MS4wLjABAAAAgDQbitRTDSdo2ngCCE692lcnhDuxa7oy99O-8xe4VJhJ8VH0yDt0vXiGp2vl892b&iid=MS4wLjABAAAANwkJuWIRFOzg5uCpDRpMj4OX-QryoDgn-yYlXQnRwQQ&with_sec_did=1&video_share_track_ver=&titleType=title&share_sign=SUIeq78GCiBdrH1JyP8NBGXTIQnSRjcw7ygbQM2IL.E-&share_version=0&ts=1787996659&from_aid=6383&from_ssr=1&share_track_info=%7B%22link_description_type%22%3A%22%22%7D,7195,1528,160
7673495025183604713,947最后一层货4400（951-954）附近全部出货了#七王爷,2026-08-13 20:39:46 CST,https://www.iesdouyin.com/share/video/7673495025183604713/?region=US&mid=7203636831307582266&u_code=0&did=MS4wLjABAAAAgDQbitRTDSdo2ngCCE692lcnhDuxa7oy99O-8xe4VJhJ8VH0yDt0vXiGp2vl892b&iid=MS4wLjABAAAANwkJuWIRFOzg5uCpDRpMj4OX-QryoDgn-yYlXQnRwQQ&with_sec_did=1&video_share_track_ver=&titleType=title&schema_type=37&share_sign=keUmB2XCtvWDK3Wu_N.7lqfrNJMKbADRTzuvblLD4Mg-&share_version=0&ts=1787996659&from_aid=6383&from_ssr=1&share_track_info=%7B%22link_description_type%22%3A%22%22%7D,2419,725,30
7673492917089155001,利多！947出货#七王爷,2026-08-13 20:31:35 CST,https://www.iesdouyin.com/share/video/7673492917089155001/?region=US&mid=7610000056141351689&u_code=0&did=MS4wLjABAAAAgDQbitRTDSdo2ngCCE692lcnhDuxa7oy99O-8xe4VJhJ8VH0yDt0vXiGp2vl892b&iid=MS4wLjABAAAANwkJuWIRFOzg5uCpDRpMj4OX-QryoDgn-yYlXQnRwQQ&with_sec_did=1&video_share_track_ver=&titleType=title&schema_type=37&share_sign=24cdYL1TbwWhmeMuRb.bwHIqnz48RzH6bL80ueuUiqY-&share_version=0&ts=1787996659&from_aid=6383&from_ssr=1&share_track_info=%7B%22link_description_type%22%3A%22%22%7D,2037,534,26
7673461634240854129,有的时候你的操作耐心以及你的操作习惯比有行情更加重要，你永远记住一点，我们不是来赌，我们是为了搞米米的对不对？一个人说一句，接下来你看了我这么久视频你需要改变自己哪些点？#七王爷 ……版本过低，升级后可展示全部信息,2026-08-13 18:30:11 CST,https://www.iesdouyin.com/share/video/7673461634240854129/?region=US&mid=7673461647918320425&u_code=0&did=MS4wLjABAAAAgDQbitRTDSdo2ngCCE692lcnhDuxa7oy99O-8xe4VJhJ8VH0yDt0vXiGp2vl892b&iid=MS4wLjABAAAANwkJuWIRFOzg5uCpDRpMj4OX-QryoDgn-yYlXQnRwQQ&with_sec_did=1&video_share_track_ver=&titleType=title&share_sign=c1hx9n9dlU7.7B9r0ia2D4T6irIOLlanWMR2nVez6F8-&share_version=0&ts=1787996659&from_aid=6383&from_ssr=1&share_track_info=%7B%22link_description_type%22%3A%22%22%7D,6747,977,179
7673407877503849146,我个人在947非常少量，分三层布局风险仓！大家要学会分批分层哈#七王爷,2026-08-13 15:01:35 CST,https://www.iesdouyin.com/share/video/7673407877503849146/?region=US&mid=7673407812092971782&u_code=0&did=MS4wLjABAAAAgDQbitRTDSdo2ngCCE692lcnhDuxa7oy99O-8xe4VJhJ8VH0yDt0vXiGp2vl892b&iid=MS4wLjABAAAANwkJuWIRFOzg5uCpDRpMj4OX-QryoDgn-yYlXQnRwQQ&with_sec_did=1&video_share_track_ver=&titleType=title&share_sign=JVZkEBt0JTro_OkLNyBainTbfgf_So779ugkPqFu8cI-&share_version=0&ts=1787996659&from_aid=6383&from_ssr=1&share_track_info=%7B%22link_description_type%22%3A%22%22%7D,6686,1066,361
7673396080481945769,小心使得万年船，你看哪个急躁的人能成大事，发大财？#七王爷,2026-08-13 14:15:49 CST,https://www.iesdouyin.com/share/video/7673396080481945769/?region=US&mid=7514633057928792858&u_code=0&did=MS4wLjABAAAAgDQbitRTDSdo2ngCCE692lcnhDuxa7oy99O-8xe4VJhJ8VH0yDt0vXiGp2vl892b&iid=MS4wLjABAAAANwkJuWIRFOzg5uCpDRpMj4OX-QryoDgn-yYlXQnRwQQ&with_sec_did=1&video_share_track_ver=&titleType=title&schema_type=37&share_sign=eveKWQxS_537qj79SbxviipGRiZ4MZTyEhho6VpZybE-&share_version=0&ts=1787996659&from_aid=6383&from_ssr=1&share_track_info=%7B%22link_description_type%22%3A%22%22%7D,3698,849,150
7673389550600760805,937底仓在最后964完美出仓了！恭喜大家，贺喜大家！ 马上要迎来回调，我自己还没有加！先不要着急啊！你们不急吧？#七王爷,2026-08-13 13:50:29 CST,https://www.iesdouyin.com/share/video/7673389550600760805/?region=US&mid=7643413236796197670&u_code=0&did=MS4wLjABAAAAgDQbitRTDSdo2ngCCE692lcnhDuxa7oy99O-8xe4VJhJ8VH0yDt0vXiGp2vl892b&iid=MS4wLjABAAAANwkJuWIRFOzg5uCpDRpMj4OX-QryoDgn-yYlXQnRwQQ&with_sec_did=1&video_share_track_ver=&titleType=title&schema_type=37&share_sign=sDwb50yvcBGRjte53jiHorRHoKfa16wbgJy75hYT0ag-&share_version=0&ts=1787996659&from_aid=6383&from_ssr=1&share_track_info=%7B%22link_description_type%22%3A%22%22%7D,2568,1024,37
7673137818814313137,我个人937底仓保留了！震旦向上的行情中，保留优秀底仓，出高不出底#七王爷 #cpi数据,2026-08-12 21:33:37 CST,https://www.iesdouyin.com/share/video/7673137818814313137/?region=US&mid=7673137847022078763&u_code=0&did=MS4wLjABAAAAgDQbitRTDSdo2ngCCE692lcnhDuxa7oy99O-8xe4VJhJ8VH0yDt0vXiGp2vl892b&iid=MS4wLjABAAAANwkJuWIRFOzg5uCpDRpMj4OX-QryoDgn-yYlXQnRwQQ&with_sec_did=1&video_share_track_ver=&titleType=title&share_sign=Dpl6px.6pXHc7098uXmZUmjfiihksyq98k7AJ5lmF1g-&share_version=0&ts=1787996659&from_aid=6383&from_ssr=1&share_track_info=%7B%22link_description_type%22%3A%22%22%7D,12098,3266,361
7673121960163931493,中性#七王爷,2026-08-12 20:32:05 CST,https://www.iesdouyin.com/share/video/7673121960163931493/?region=US&mid=7080146043677034533&u_code=0&did=MS4wLjABAAAAgDQbitRTDSdo2ngCCE692lcnhDuxa7oy99O-8xe4VJhJ8VH0yDt0vXiGp2vl892b&iid=MS4wLjABAAAANwkJuWIRFOzg5uCpDRpMj4OX-QryoDgn-yYlXQnRwQQ&with_sec_did=1&video_share_track_ver=&titleType=title&schema_type=37&share_sign=JwOMpqNYGqpsCHcK71PMZO6Ee9ScjbAzbEfNcN_gA_o-&share_version=0&ts=1787996659&from_aid=6383&from_ssr=1&share_track_info=%7B%22link_description_type%22%3A%22%22%7D,2895,1308,76
7672977922802876150,你如果严格执行，分批进仓，分批出仓，就能锁定利润更大家，我怎么操作的写的清清楚楚，明明白白，就是为了防止卖飞！我是个大聪明不？#七王爷,2026-08-12 11:13:09 CST,https://www.iesdouyin.com/share/video/7672977922802876150/?region=US&mid=7663761196809653043&u_code=0&did=MS4wLjABAAAAgDQbitRTDSdo2ngCCE692lcnhDuxa7oy99O-8xe4VJhJ8VH0yDt0vXiGp2vl892b&iid=MS4wLjABAAAANwkJuWIRFOzg5uCpDRpMj4OX-QryoDgn-yYlXQnRwQQ&with_sec_did=1&video_share_track_ver=&titleType=title&schema_type=37&share_sign=P4EN7Ky6MQqQAJzef5grzJznbCYC_W8kuAlB4H0N1uc-&share_version=0&ts=1787996659&from_aid=6383&from_ssr=1&share_track_info=%7B%22link_description_type%22%3A%22%22%7D,4650,933,131
7672839340590601363,我少量在946加了风险仓，937还有最后一点#七王爷,2026-08-12 02:15:32 CST,https://www.iesdouyin.com/share/video/7672839340590601363/?region=US&mid=7672839243005299494&u_code=0&did=MS4wLjABAAAAgDQbitRTDSdo2ngCCE692lcnhDuxa7oy99O-8xe4VJhJ8VH0yDt0vXiGp2vl892b&iid=MS4wLjABAAAANwkJuWIRFOzg5uCpDRpMj4OX-QryoDgn-yYlXQnRwQQ&with_sec_did=1&video_share_track_ver=&titleType=title&share_sign=SilkGMNrsvbOasSPkw5w.WoW4YRLjOKSFyB56Xzeb0Q-&share_version=0&ts=1787996659&from_aid=6383&from_ssr=1&share_track_info=%7B%22link_description_type%22%3A%22%22%7D,5446,925,95
7672802184580640255,最低给到4369，要非常靠近了，一定选择最低位进，我有视频发作品来不及，你们记得自己一定要看盘！刚刚一个利空砸下来.，最后一点不要刻舟求剑！#黄金近期走势 #七王爷,2026-08-11 23:51:12 CST,https://www.iesdouyin.com/share/video/7672802184580640255/?region=US&mid=7666297816741907206&u_code=0&did=MS4wLjABAAAAgDQbitRTDSdo2ngCCE692lcnhDuxa7oy99O-8xe4VJhJ8VH0yDt0vXiGp2vl892b&iid=MS4wLjABAAAANwkJuWIRFOzg5uCpDRpMj4OX-QryoDgn-yYlXQnRwQQ&with_sec_did=1&video_share_track_ver=&titleType=title&schema_type=37&share_sign=XzG5DqC77RHAjDvkWID97iLzXNioOWicpF0cdC7Mdv8-&share_version=0&ts=1787996659&from_aid=6383&from_ssr=1&share_track_info=%7B%22link_description_type%22%3A%22%22%7D,2682,442,44
7672721514320806394,我永远保留底仓，永不空，永不满！#七王爷,2026-08-11 18:38:09 CST,https://www.iesdouyin.com/share/video/7672721514320806394/?region=US&mid=7672721542094048043&u_code=0&did=MS4wLjABAAAAgDQbitRTDSdo2ngCCE692lcnhDuxa7oy99O-8xe4VJhJ8VH0yDt0vXiGp2vl892b&iid=MS4wLjABAAAANwkJuWIRFOzg5uCpDRpMj4OX-QryoDgn-yYlXQnRwQQ&with_sec_did=1&video_share_track_ver=&titleType=title&share_sign=xqP0lpM0LnjlXtEvP04qpbxUt4GhFXJ9c89uKqIaaLk-&share_version=0&ts=1787996659&from_aid=6383&from_ssr=1&share_track_info=%7B%22link_description_type%22%3A%22%22%7D,8460,1585,350
7672709558644768442,我根本不想涨很多粉丝，只想在自己小圈子里玩！ 凡乱我道心者，杀！ 不讨好任何人，你爱就爱，不爱就拉黑算了！#七王爷,2026-08-11 17:51:45 CST,https://www.iesdouyin.com/share/video/7672709558644768442/?region=US&mid=7672709543486343971&u_code=0&did=MS4wLjABAAAAgDQbitRTDSdo2ngCCE692lcnhDuxa7oy99O-8xe4VJhJ8VH0yDt0vXiGp2vl892b&iid=MS4wLjABAAAANwkJuWIRFOzg5uCpDRpMj4OX-QryoDgn-yYlXQnRwQQ&with_sec_did=1&video_share_track_ver=&titleType=title&share_sign=YQyrhIHOjVXH7OwO5AMBcxaCPCcSI3b0hCjvD9wXo5U-&share_version=0&ts=1787996659&from_aid=6383&from_ssr=1&share_track_info=%7B%22link_description_type%22%3A%22%22%7D,8111,1560,94
7672697138355211626,各位过江龙，下山虎，成功靠的不是拿命赌！ 靠智取，我昨天就在937精准分批上，分批出！ 有多少思路不一样，也是照样亏的？#七王爷,2026-08-11 17:03:34 CST,https://www.iesdouyin.com/share/video/7672697138355211626/?region=US&mid=7666297816741907206&u_code=0&did=MS4wLjABAAAAgDQbitRTDSdo2ngCCE692lcnhDuxa7oy99O-8xe4VJhJ8VH0yDt0vXiGp2vl892b&iid=MS4wLjABAAAANwkJuWIRFOzg5uCpDRpMj4OX-QryoDgn-yYlXQnRwQQ&with_sec_did=1&video_share_track_ver=&titleType=title&schema_type=37&share_sign=3GpIR.4a8XAPrBNnC_iga8JNRrUe1nvbllWgvbgvsaw-&share_version=0&ts=1787996659&from_aid=6383&from_ssr=1&share_track_info=%7B%22link_description_type%22%3A%22%22%7D,4374,987,170
7672430455811369137,晚间美盘，原油涨到84，压制大黄，接下来分批越低位一批一批的接#七王爷,2026-08-10 23:48:42 CST,https://www.iesdouyin.com/share/video/7672430455811369137/?region=US&mid=7672430298961496870&u_code=0&did=MS4wLjABAAAAgDQbitRTDSdo2ngCCE692lcnhDuxa7oy99O-8xe4VJhJ8VH0yDt0vXiGp2vl892b&iid=MS4wLjABAAAANwkJuWIRFOzg5uCpDRpMj4OX-QryoDgn-yYlXQnRwQQ&with_sec_did=1&video_share_track_ver=&titleType=title&share_sign=_ji3Vp5R_MQwKSeLBn7R3U01WQi_Q2MGcEBQBsGWGc0-&share_version=0&ts=1787996659&from_aid=6383&from_ssr=1&share_track_info=%7B%22link_description_type%22%3A%22%22%7D,6195,3253,146
7672329494287356601,如果市场分不清内外盘，真的可以不玩了！#七王爷,2026-08-10 17:16:55 CST,https://www.iesdouyin.com/share/video/7672329494287356601/?region=US&mid=7672329478517279497&u_code=0&did=MS4wLjABAAAAgDQbitRTDSdo2ngCCE692lcnhDuxa7oy99O-8xe4VJhJ8VH0yDt0vXiGp2vl892b&iid=MS4wLjABAAAANwkJuWIRFOzg5uCpDRpMj4OX-QryoDgn-yYlXQnRwQQ&with_sec_did=1&video_share_track_ver=&titleType=title&share_sign=LsztB0x5gVVOR3.caKT8TyaZimjyVIfIHavrQOJBHbs-&share_version=0&ts=1787996659&from_aid=6383&from_ssr=1&share_track_info=%7B%22link_description_type%22%3A%22%22%7D,7417,1158,215
7672028420608513785,我还是喜欢震荡向上的行情，现在行情琢磨不清！#黄金价格走势 #七王爷,2026-08-09 21:48:35 CST,https://www.iesdouyin.com/share/video/7672028420608513785/?region=US&mid=7672028422234753826&u_code=0&did=MS4wLjABAAAAgDQbitRTDSdo2ngCCE692lcnhDuxa7oy99O-8xe4VJhJ8VH0yDt0vXiGp2vl892b&iid=MS4wLjABAAAANwkJuWIRFOzg5uCpDRpMj4OX-QryoDgn-yYlXQnRwQQ&with_sec_did=1&video_share_track_ver=&titleType=title&share_sign=vspXrO2vzZklmbZkPHZ_DbVcaRVd1Aqk5p_v6jAoTV8-&share_version=0&ts=1787996659&from_aid=6383&from_ssr=1&share_track_info=%7B%22link_description_type%22%3A%22%22%7D,12666,2159,651
7671273727421784817,敬畏市场，市场只会越来越险峻#七王爷,2026-08-07 21:00:00 CST,https://www.iesdouyin.com/share/video/7671273727421784817/?region=US&mid=7671273718824897320&u_code=0&did=MS4wLjABAAAAgDQbitRTDSdo2ngCCE692lcnhDuxa7oy99O-8xe4VJhJ8VH0yDt0vXiGp2vl892b&iid=MS4wLjABAAAANwkJuWIRFOzg5uCpDRpMj4OX-QryoDgn-yYlXQnRwQQ&with_sec_did=1&video_share_track_ver=&titleType=title&share_sign=8rsamVj_J3KJVHuRLb25CQli.kraUVP17LWp079NB7g-&share_version=0&ts=1787996659&from_aid=6383&from_ssr=1&share_track_info=%7B%22link_description_type%22%3A%22%22%7D,9331,4142,269
7671266243579941796,利多,2026-08-07 20:30:58 CST,https://www.iesdouyin.com/share/video/7671266243579941796/?region=US&mid=0&u_code=0&did=MS4wLjABAAAAgDQbitRTDSdo2ngCCE692lcnhDuxa7oy99O-8xe4VJhJ8VH0yDt0vXiGp2vl892b&iid=MS4wLjABAAAANwkJuWIRFOzg5uCpDRpMj4OX-QryoDgn-yYlXQnRwQQ&with_sec_did=1&video_share_track_ver=&titleType=title&schema_type=37&share_sign=NkBLf4GhjWhw4nNT_d_x7527VNVFB_eE7HVMuw6AVZg-&share_version=0&ts=1787996659&from_aid=6383&from_ssr=1&share_track_info=%7B%22link_description_type%22%3A%22%22%7D,3345,1896,121
7671204057012309369,一人说一句你对我的点评吧#七王爷 @七王爷 潜龙勿用,2026-08-07 16:29:38 CST,https://www.iesdouyin.com/share/video/7671204057012309369/?region=US&mid=7671204153700092678&u_code=0&did=MS4wLjABAAAAgDQbitRTDSdo2ngCCE692lcnhDuxa7oy99O-8xe4VJhJ8VH0yDt0vXiGp2vl892b&iid=MS4wLjABAAAANwkJuWIRFOzg5uCpDRpMj4OX-QryoDgn-yYlXQnRwQQ&with_sec_did=1&video_share_track_ver=&titleType=title&share_sign=t88bhd_lwF.R1rMtAjvxh9S99dLD7uVYkJl9p_XKPaI-&share_version=0&ts=1787996659&from_aid=6383&from_ssr=1&share_track_info=%7B%22link_description_type%22%3A%22%22%7D,10175,2658,490
7671181571881984121,我怎么说就怎么做！#七王爷,2026-08-07 15:02:24 CST,https://www.iesdouyin.com/share/video/7671181571881984121/?region=US&mid=7671181581972720403&u_code=0&did=MS4wLjABAAAAgDQbitRTDSdo2ngCCE692lcnhDuxa7oy99O-8xe4VJhJ8VH0yDt0vXiGp2vl892b&iid=MS4wLjABAAAANwkJuWIRFOzg5uCpDRpMj4OX-QryoDgn-yYlXQnRwQQ&with_sec_did=1&video_share_track_ver=&titleType=title&share_sign=b_P62l4iyogdDNNyqnNmWJayKvJz4D6je5rFE58YrNg-&share_version=0&ts=1787996659&from_aid=6383&from_ssr=1&share_track_info=%7B%22link_description_type%22%3A%22%22%7D,8462,2323,627
7671162118591446201,市场调查#七王爷 @七王爷 潜龙勿用,2026-08-07 13:46:54 CST,https://www.iesdouyin.com/share/video/7671162118591446201/?region=US&mid=7671162107550780169&u_code=0&did=MS4wLjABAAAAgDQbitRTDSdo2ngCCE692lcnhDuxa7oy99O-8xe4VJhJ8VH0yDt0vXiGp2vl892b&iid=MS4wLjABAAAANwkJuWIRFOzg5uCpDRpMj4OX-QryoDgn-yYlXQnRwQQ&with_sec_did=1&video_share_track_ver=&titleType=title&share_sign=ZqJ.X2Yi6pUMhcNDm88Rr_am1AjZaofFCuti.w989Os-&share_version=0&ts=1787996659&from_aid=6383&from_ssr=1&share_track_info=%7B%22link_description_type%22%3A%22%22%7D,5807,2279,53
7671142176428655035,@七王爷 潜龙勿用 破10万开#七王爷,2026-08-07 12:29:31 CST,https://www.iesdouyin.com/share/video/7671142176428655035/?region=US&mid=7671142130936564530&u_code=0&did=MS4wLjABAAAAgDQbitRTDSdo2ngCCE692lcnhDuxa7oy99O-8xe4VJhJ8VH0yDt0vXiGp2vl892b&iid=MS4wLjABAAAANwkJuWIRFOzg5uCpDRpMj4OX-QryoDgn-yYlXQnRwQQ&with_sec_did=1&video_share_track_ver=&titleType=title&share_sign=usq56eQY9hDeKmEf2juZmA1UPbfZjf2WGdTbJkDPdS4-&share_version=0&ts=1787996659&from_aid=6383&from_ssr=1&share_track_info=%7B%22link_description_type%22%3A%22%22%7D,7159,2759,93
7670917109233624763,大家是财神附体，快夸夸自己吧#七王爷,2026-08-06 21:56:08 CST,https://www.iesdouyin.com/share/video/7670917109233624763/?region=US&mid=7670917089621248778&u_code=0&did=MS4wLjABAAAAgDQbitRTDSdo2ngCCE692lcnhDuxa7oy99O-8xe4VJhJ8VH0yDt0vXiGp2vl892b&iid=MS4wLjABAAAANwkJuWIRFOzg5uCpDRpMj4OX-QryoDgn-yYlXQnRwQQ&with_sec_did=1&video_share_track_ver=&titleType=title&share_sign=9wkkzXSE46sUTtNyTGRDt1hOWdeUKZ9bAPlaxx3_m2k-&share_version=0&ts=1787996659&from_aid=6383&from_ssr=1&share_track_info=%7B%22link_description_type%22%3A%22%22%7D,6296,1391,139
7670908560343400165,答应大家的就一定会到#七王爷,2026-08-06 21:22:58 CST,https://www.iesdouyin.com/share/video/7670908560343400165/?region=US&mid=7670908527515945769&u_code=0&did=MS4wLjABAAAAgDQbitRTDSdo2ngCCE692lcnhDuxa7oy99O-8xe4VJhJ8VH0yDt0vXiGp2vl892b&iid=MS4wLjABAAAANwkJuWIRFOzg5uCpDRpMj4OX-QryoDgn-yYlXQnRwQQ&with_sec_did=1&video_share_track_ver=&titleType=title&share_sign=te96McLBUet0rPOB6EhdJc3yeiiwm6sCsBgsUIFsxDo-&share_version=0&ts=1787996659&from_aid=6383&from_ssr=1&share_track_info=%7B%22link_description_type%22%3A%22%22%7D,7938,1401,190
7670895603878932153,微利空，晚上记得找数据#七王爷,2026-08-06 20:32:41 CST,https://www.iesdouyin.com/share/video/7670895603878932153/?region=US&mid=7655949993832090410&u_code=0&did=MS4wLjABAAAAgDQbitRTDSdo2ngCCE692lcnhDuxa7oy99O-8xe4VJhJ8VH0yDt0vXiGp2vl892b&iid=MS4wLjABAAAANwkJuWIRFOzg5uCpDRpMj4OX-QryoDgn-yYlXQnRwQQ&with_sec_did=1&video_share_track_ver=&titleType=title&schema_type=37&share_sign=HadVoQTPIm3zrH2970GKcgGGTE9XuDzMhL65wl8nY90-&share_version=0&ts=1787996659&from_aid=6383&from_ssr=1&share_track_info=%7B%22link_description_type%22%3A%22%22%7D,2852,788,61
7670880965833497339,今晚8:30，注意自己的仓位#七王爷,2026-08-06 19:35:53 CST,https://www.iesdouyin.com/share/video/7670880965833497339/?region=US&mid=7670880943183366950&u_code=0&did=MS4wLjABAAAAgDQbitRTDSdo2ngCCE692lcnhDuxa7oy99O-8xe4VJhJ8VH0yDt0vXiGp2vl892b&iid=MS4wLjABAAAANwkJuWIRFOzg5uCpDRpMj4OX-QryoDgn-yYlXQnRwQQ&with_sec_did=1&video_share_track_ver=&titleType=title&share_sign=kdeCRf2tc4Aa7jaINpPuXvFAeQQXKvBTqDV3C7eGT0o-&share_version=0&ts=1787996659&from_aid=6383&from_ssr=1&share_track_info=%7B%22link_description_type%22%3A%22%22%7D,6552,1231,220
7670836626364438757,后来封神的都嘎了，我想做个人！你要夸我，请监督我！#七王爷,2026-08-06 16:43:50 CST,https://www.iesdouyin.com/share/video/7670836626364438757/?region=US&mid=7670836624841820991&u_code=0&did=MS4wLjABAAAAgDQbitRTDSdo2ngCCE692lcnhDuxa7oy99O-8xe4VJhJ8VH0yDt0vXiGp2vl892b&iid=MS4wLjABAAAANwkJuWIRFOzg5uCpDRpMj4OX-QryoDgn-yYlXQnRwQQ&with_sec_did=1&video_share_track_ver=&titleType=title&share_sign=.jNyhB_LL3hm1.WY3vxri_zuwqg5HCCFfx.WHGJ.fh4-&share_version=0&ts=1787996659&from_aid=6383&from_ssr=1&share_track_info=%7B%22link_description_type%22%3A%22%22%7D,14682,1743,411
7670770397109712122,金价不到1200，我个人不会考虑会员变现#七王爷,2026-08-06 12:26:49 CST,https://www.iesdouyin.com/share/video/7670770397109712122/?region=US&mid=7670770320491432747&u_code=0&did=MS4wLjABAAAAgDQbitRTDSdo2ngCCE692lcnhDuxa7oy99O-8xe4VJhJ8VH0yDt0vXiGp2vl892b&iid=MS4wLjABAAAANwkJuWIRFOzg5uCpDRpMj4OX-QryoDgn-yYlXQnRwQQ&with_sec_did=1&video_share_track_ver=&titleType=title&share_sign=nOUcy5Bv7AY._x4OejTYLg7FSBQ.FtOAD_ferZcP61o-&share_version=0&ts=1787996661&from_aid=6383&from_ssr=1&share_track_info=%7B%22link_description_type%22%3A%22%22%7D,7499,1781,93
7670733859968816049,卖在人声鼎沸处，买在无人问津时#七王爷,2026-08-06 10:05:02 CST,https://www.iesdouyin.com/share/video/7670733859968816049/?region=US&mid=7670733822647995199&u_code=0&did=MS4wLjABAAAAgDQbitRTDSdo2ngCCE692lcnhDuxa7oy99O-8xe4VJhJ8VH0yDt0vXiGp2vl892b&iid=MS4wLjABAAAANwkJuWIRFOzg5uCpDRpMj4OX-QryoDgn-yYlXQnRwQQ&with_sec_did=1&video_share_track_ver=&titleType=title&share_sign=7CkvMEwnsIkIqG2z1Ukp0ppDrKfHCkEXCtUYuq.MQpA-&share_version=0&ts=1787996661&from_aid=6383&from_ssr=1&share_track_info=%7B%22link_description_type%22%3A%22%22%7D,10030,2761,820
7670535081743657338,日内压力位已经出现，现在多空博弈当中#七王爷,2026-08-05 21:13:40 CST,https://www.iesdouyin.com/share/video/7670535081743657338/?region=US&mid=7670535121690839851&u_code=0&did=MS4wLjABAAAAgDQbitRTDSdo2ngCCE692lcnhDuxa7oy99O-8xe4VJhJ8VH0yDt0vXiGp2vl892b&iid=MS4wLjABAAAANwkJuWIRFOzg5uCpDRpMj4OX-QryoDgn-yYlXQnRwQQ&with_sec_did=1&video_share_track_ver=&titleType=title&share_sign=spiu4R708XjLqxdkJaeEvnAJO0F4R1GS9WMD0dk6bp4-&share_version=0&ts=1787996661&from_aid=6383&from_ssr=1&share_track_info=%7B%22link_description_type%22%3A%22%22%7D,15107,3380,891
7670520801556813241,利多！数据拉涨中！#七王爷,2026-08-05 20:18:15 CST,https://www.iesdouyin.com/share/video/7670520801556813241/?region=US&mid=7670412797955541769&u_code=0&did=MS4wLjABAAAAgDQbitRTDSdo2ngCCE692lcnhDuxa7oy99O-8xe4VJhJ8VH0yDt0vXiGp2vl892b&iid=MS4wLjABAAAANwkJuWIRFOzg5uCpDRpMj4OX-QryoDgn-yYlXQnRwQQ&with_sec_did=1&video_share_track_ver=&titleType=title&schema_type=37&share_sign=NNhy7i2ZEcZpon5I_wozwIDrl8PTTvp.5AxiG5N4UmQ-&share_version=0&ts=1787996661&from_aid=6383&from_ssr=1&share_track_info=%7B%22link_description_type%22%3A%22%22%7D,3099,1139,113
7670454642442387962,努力干，加油干，认真干#七王爷,2026-08-05 16:01:32 CST,https://www.iesdouyin.com/share/video/7670454642442387962/?region=US&mid=7670454555087506228&u_code=0&did=MS4wLjABAAAAgDQbitRTDSdo2ngCCE692lcnhDuxa7oy99O-8xe4VJhJ8VH0yDt0vXiGp2vl892b&iid=MS4wLjABAAAANwkJuWIRFOzg5uCpDRpMj4OX-QryoDgn-yYlXQnRwQQ&with_sec_did=1&video_share_track_ver=&titleType=title&share_sign=pwv7MREy0gJGftlomSKMlzFkJpdv7wHfDwumDan0DH0-&share_version=0&ts=1787996661&from_aid=6383&from_ssr=1&share_track_info=%7B%22link_description_type%22%3A%22%22%7D,10061,1757,548
7670427957970691833,君子爱财，取之有道#七王爷,2026-08-05 14:17:59 CST,https://www.iesdouyin.com/share/video/7670427957970691833/?region=US&mid=7670427973752851242&u_code=0&did=MS4wLjABAAAAgDQbitRTDSdo2ngCCE692lcnhDuxa7oy99O-8xe4VJhJ8VH0yDt0vXiGp2vl892b&iid=MS4wLjABAAAANwkJuWIRFOzg5uCpDRpMj4OX-QryoDgn-yYlXQnRwQQ&with_sec_did=1&video_share_track_ver=&titleType=title&share_sign=Q4Mxsu9OhuXty_z_IHd.tykYxlA_mjwzIZS.IuOR_LE-&share_version=0&ts=1787996661&from_aid=6383&from_ssr=1&share_track_info=%7B%22link_description_type%22%3A%22%22%7D,14023,3271,287
7670380730561045626,好恶心#七王爷,2026-08-05 11:14:43 CST,https://www.iesdouyin.com/share/video/7670380730561045626/?region=US&mid=7670380711441861414&u_code=0&did=MS4wLjABAAAAgDQbitRTDSdo2ngCCE692lcnhDuxa7oy99O-8xe4VJhJ8VH0yDt0vXiGp2vl892b&iid=MS4wLjABAAAANwkJuWIRFOzg5uCpDRpMj4OX-QryoDgn-yYlXQnRwQQ&with_sec_did=1&video_share_track_ver=&titleType=title&share_sign=Ba5HSbOepuccZGXqtsc_j3l5x6Xd2ijmqEd1UHmdh6c-&share_version=0&ts=1787996661&from_aid=6383&from_ssr=1&share_track_info=%7B%22link_description_type%22%3A%22%22%7D,9307,5536,124
7670234498202173285,凌晨突发黑天鹅新闻！#美联储 #伊朗局势 #七王爷,2026-08-05 01:47:16 CST,https://www.iesdouyin.com/share/video/7670234498202173285/?region=US&mid=7670234355771411263&u_code=0&did=MS4wLjABAAAAgDQbitRTDSdo2ngCCE692lcnhDuxa7oy99O-8xe4VJhJ8VH0yDt0vXiGp2vl892b&iid=MS4wLjABAAAANwkJuWIRFOzg5uCpDRpMj4OX-QryoDgn-yYlXQnRwQQ&with_sec_did=1&video_share_track_ver=&titleType=title&share_sign=CC1S95PG4fuck0WjnEYZV3b3lS6zkPeYsu5rjwPlzBM-&share_version=0&ts=1787996661&from_aid=6383&from_ssr=1&share_track_info=%7B%22link_description_type%22%3A%22%22%7D,10249,2258,808
7670126841629723577,变盘的型号即将开启，如果你跟我一样严控仓位，就不会有危险#金价走势 #明天黄金会跌吗 #七王爷,2026-08-04 18:49:30 CST,https://www.iesdouyin.com/share/video/7670126841629723577/?region=US&mid=7670126978720402182&u_code=0&did=MS4wLjABAAAAgDQbitRTDSdo2ngCCE692lcnhDuxa7oy99O-8xe4VJhJ8VH0yDt0vXiGp2vl892b&iid=MS4wLjABAAAANwkJuWIRFOzg5uCpDRpMj4OX-QryoDgn-yYlXQnRwQQ&with_sec_did=1&video_share_track_ver=&titleType=title&share_sign=9QZkBRENxmut_ZGZkQS_sUmP0_g6aqy9wQFn8jBA34Y-&share_version=0&ts=1787996661&from_aid=6383&from_ssr=1&share_track_info=%7B%22link_description_type%22%3A%22%22%7D,16552,2148,694
7670013778490753521,不要刻舟求剑，不要贪心，见好就收#七王爷,2026-08-04 11:30:45 CST,https://www.iesdouyin.com/share/video/7670013778490753521/?region=US&mid=7670013752095312640&u_code=0&did=MS4wLjABAAAAgDQbitRTDSdo2ngCCE692lcnhDuxa7oy99O-8xe4VJhJ8VH0yDt0vXiGp2vl892b&iid=MS4wLjABAAAANwkJuWIRFOzg5uCpDRpMj4OX-QryoDgn-yYlXQnRwQQ&with_sec_did=1&video_share_track_ver=&titleType=title&share_sign=f_ofjOHIyIeMHJ9wg37..U9gt5bUAwsK3LLYM8OBgdM-&share_version=0&ts=1787996661&from_aid=6383&from_ssr=1&share_track_info=%7B%22link_description_type%22%3A%22%22%7D,5665,1003,124
7669801305040658555,总共仓位不要超过五层#美股夜盘 #七王爷,2026-08-03 21:46:15 CST,https://www.iesdouyin.com/share/video/7669801305040658555/?region=US&mid=7669801267002788642&u_code=0&did=MS4wLjABAAAAgDQbitRTDSdo2ngCCE692lcnhDuxa7oy99O-8xe4VJhJ8VH0yDt0vXiGp2vl892b&iid=MS4wLjABAAAANwkJuWIRFOzg5uCpDRpMj4OX-QryoDgn-yYlXQnRwQQ&with_sec_did=1&video_share_track_ver=&titleType=title&share_sign=Z5EU8oy0i66dSZaCb1wjJCHXgW4jgp0nE4ryDiKbAvU-&share_version=0&ts=1787996661&from_aid=6383&from_ssr=1&share_track_info=%7B%22link_description_type%22%3A%22%22%7D,6647,993,162
7669686587617703141,严控仓位#七王爷,2026-08-03 14:21:05 CST,https://www.iesdouyin.com/share/video/7669686587617703141/?region=US&mid=7669686600196131630&u_code=0&did=MS4wLjABAAAAgDQbitRTDSdo2ngCCE692lcnhDuxa7oy99O-8xe4VJhJ8VH0yDt0vXiGp2vl892b&iid=MS4wLjABAAAANwkJuWIRFOzg5uCpDRpMj4OX-QryoDgn-yYlXQnRwQQ&with_sec_did=1&video_share_track_ver=&titleType=title&share_sign=2RH3oBekBjrPfuNPFOC0WAVpgMvwdcvnNbdMsLt2ytI-&share_version=0&ts=1787996661&from_aid=6383&from_ssr=1&share_track_info=%7B%22link_description_type%22%3A%22%22%7D,8053,1323,262
7669409396057393914,下整周三小非农，周五大非农值得关注#大非农 #七王爷,2026-08-02 20:25:27 CST,https://www.iesdouyin.com/share/video/7669409396057393914/?region=US&mid=7669409380458171188&u_code=0&did=MS4wLjABAAAAgDQbitRTDSdo2ngCCE692lcnhDuxa7oy99O-8xe4VJhJ8VH0yDt0vXiGp2vl892b&iid=MS4wLjABAAAANwkJuWIRFOzg5uCpDRpMj4OX-QryoDgn-yYlXQnRwQQ&with_sec_did=1&video_share_track_ver=&titleType=title&share_sign=C29hTbz8C2VJLv5waXdXPx4LPAH7nNFwY9ALzmaqLLc-&share_version=0&ts=1787996661&from_aid=6383&from_ssr=1&share_track_info=%7B%22link_description_type%22%3A%22%22%7D,15386,1628,758
7669371664760609457,今年新进场的可以看完#七王爷,2026-08-02 17:59:01 CST,https://www.iesdouyin.com/share/video/7669371664760609457/?region=US&mid=7669371678954130228&u_code=0&did=MS4wLjABAAAAgDQbitRTDSdo2ngCCE692lcnhDuxa7oy99O-8xe4VJhJ8VH0yDt0vXiGp2vl892b&iid=MS4wLjABAAAANwkJuWIRFOzg5uCpDRpMj4OX-QryoDgn-yYlXQnRwQQ&with_sec_did=1&video_share_track_ver=&titleType=title&share_sign=vJL9beG7d2uw2xi4zZvPq1fR5SlSEG47aI0.nCVCBXo-&share_version=0&ts=1787996661&from_aid=6383&from_ssr=1&share_track_info=%7B%22link_description_type%22%3A%22%22%7D,11833,1326,343
7668988859014871035,七王爷公布中奖名单。88不多，但是我争取努力做交易，以后自己再多赚钱，分更多88给大家！希望大伙从今天开始都发发发，指的就是你，给我发！我承诺粉丝的事，说到做到，来接好运#八月接好……版本过低，升级后可展示全部信息,2026-08-01 17:13:32 CST,https://www.iesdouyin.com/share/video/7668988859014871035/?region=US&mid=7668472921584716553&u_code=0&did=MS4wLjABAAAAgDQbitRTDSdo2ngCCE692lcnhDuxa7oy99O-8xe4VJhJ8VH0yDt0vXiGp2vl892b&iid=MS4wLjABAAAANwkJuWIRFOzg5uCpDRpMj4OX-QryoDgn-yYlXQnRwQQ&with_sec_did=1&video_share_track_ver=&titleType=title&schema_type=37&share_sign=4G2m9TBuouTH9iH12objxuAPlAKXaFTlTiasI01Hs4E-&share_version=0&ts=1787996661&from_aid=6383&from_ssr=1&share_track_info=%7B%22link_description_type%22%3A%22%22%7D,4273,1173,25
7668680639600989681,（该作品没有文字描述）,2026-07-31 21:17:29 CST,https://www.iesdouyin.com/share/video/7668680639600989681/?region=US&mid=7668680618465364746&u_code=0&did=MS4wLjABAAAAgDQbitRTDSdo2ngCCE692lcnhDuxa7oy99O-8xe4VJhJ8VH0yDt0vXiGp2vl892b&iid=MS4wLjABAAAANwkJuWIRFOzg5uCpDRpMj4OX-QryoDgn-yYlXQnRwQQ&with_sec_did=1&video_share_track_ver=&titleType=&share_sign=NlYvVCo6r.RctsTBR2YQVXlwHbRyVxLs0Y5yroQEYLE-&share_version=0&ts=1787996661&from_aid=6383&from_ssr=1&share_track_info=%7B%22link_description_type%22%3A%22%22%7D,6096,1287,27
7668674308101449337,期待八月！#七王爷,2026-07-31 20:52:56 CST,https://www.iesdouyin.com/share/video/7668674308101449337/?region=US&mid=7668674276186327848&u_code=0&did=MS4wLjABAAAAgDQbitRTDSdo2ngCCE692lcnhDuxa7oy99O-8xe4VJhJ8VH0yDt0vXiGp2vl892b&iid=MS4wLjABAAAANwkJuWIRFOzg5uCpDRpMj4OX-QryoDgn-yYlXQnRwQQ&with_sec_did=1&video_share_track_ver=&titleType=title&share_sign=7p_zPYH7ZKdL3B6SOy.nGU3o8_mcT9uKs6samQY2l5E-&share_version=0&ts=1787996661&from_aid=6383&from_ssr=1&share_track_info=%7B%22link_description_type%22%3A%22%22%7D,10225,1254,235
7668596739818068593,你对我好，我心里都知道！爱是实际心动#七王爷,2026-07-31 15:51:55 CST,https://www.iesdouyin.com/share/video/7668596739818068593/?region=US&mid=7668596719080196890&u_code=0&did=MS4wLjABAAAAgDQbitRTDSdo2ngCCE692lcnhDuxa7oy99O-8xe4VJhJ8VH0yDt0vXiGp2vl892b&iid=MS4wLjABAAAANwkJuWIRFOzg5uCpDRpMj4OX-QryoDgn-yYlXQnRwQQ&with_sec_did=1&video_share_track_ver=&titleType=title&share_sign=ORqCAR49ADV7FmQrmJbU3EO4.Q7wI46YtjkY6.kPtbs-&share_version=0&ts=1787996661&from_aid=6383&from_ssr=1&share_track_info=%7B%22link_description_type%22%3A%22%22%7D,14422,8445,471
7668582010583542778,关于我的个人实物定投#买金就是存钱 #七王爷,2026-07-31 14:54:46 CST,https://www.iesdouyin.com/share/video/7668582010583542778/?region=US&mid=7668582059304356627&u_code=0&did=MS4wLjABAAAAgDQbitRTDSdo2ngCCE692lcnhDuxa7oy99O-8xe4VJhJ8VH0yDt0vXiGp2vl892b&iid=MS4wLjABAAAANwkJuWIRFOzg5uCpDRpMj4OX-QryoDgn-yYlXQnRwQQ&with_sec_did=1&video_share_track_ver=&titleType=title&share_sign=oKfXCNuk_SuDAP62cLA.wIlbCl40jKGA1bmtFlZPZlk-&share_version=0&ts=1787996661&from_aid=6383&from_ssr=1&share_track_info=%7B%22link_description_type%22%3A%22%22%7D,6571,1125,188
7668271806814423409,我不相信我的视频点赞到不了一W！不到一万都不发了😂#七王爷,2026-07-30 18:51:01 CST,https://www.iesdouyin.com/share/video/7668271806814423409/?region=US&mid=7666297816741907206&u_code=0&did=MS4wLjABAAAAgDQbitRTDSdo2ngCCE692lcnhDuxa7oy99O-8xe4VJhJ8VH0yDt0vXiGp2vl892b&iid=MS4wLjABAAAANwkJuWIRFOzg5uCpDRpMj4OX-QryoDgn-yYlXQnRwQQ&with_sec_did=1&video_share_track_ver=&titleType=title&schema_type=37&share_sign=UjNQ9aofsNkEJ3PZ8umLu0R9Bbg3SEw3sPFSKH5B4iQ-&share_version=0&ts=1787996661&from_aid=6383&from_ssr=1&share_track_info=%7B%22link_description_type%22%3A%22%22%7D,13421,2125,118
7668243557606537657,大家来分析下我，为啥准的可怕？#七王爷,2026-07-30 17:01:24 CST,https://www.iesdouyin.com/share/video/7668243557606537657/?region=US&mid=7668243523275066112&u_code=0&did=MS4wLjABAAAAgDQbitRTDSdo2ngCCE692lcnhDuxa7oy99O-8xe4VJhJ8VH0yDt0vXiGp2vl892b&iid=MS4wLjABAAAANwkJuWIRFOzg5uCpDRpMj4OX-QryoDgn-yYlXQnRwQQ&with_sec_did=1&video_share_track_ver=&titleType=title&share_sign=zpKeMy_vvX66d3kjLP4sVHF3QWEoC9sxR7kL2OVA1CQ-&share_version=0&ts=1787996661&from_aid=6383&from_ssr=1&share_track_info=%7B%22link_description_type%22%3A%22%22%7D,11419,1154,269
7668193206018591674,小满即可，水满则溢#PCE数据 #七王爷,2026-07-30 13:46:01 CST,https://www.iesdouyin.com/share/video/7668193206018591674/?region=US&mid=7668193189756570403&u_code=0&did=MS4wLjABAAAAgDQbitRTDSdo2ngCCE692lcnhDuxa7oy99O-8xe4VJhJ8VH0yDt0vXiGp2vl892b&iid=MS4wLjABAAAANwkJuWIRFOzg5uCpDRpMj4OX-QryoDgn-yYlXQnRwQQ&with_sec_did=1&video_share_track_ver=&titleType=title&share_sign=XsZJzlEhe4YcaZEzNMUUflKbonCVvs7WIzrdm2e2320-&share_version=0&ts=1787996661&from_aid=6383&from_ssr=1&share_track_info=%7B%22link_description_type%22%3A%22%22%7D,9203,1083,255
7668027873382966649,要么学到，要么赚到#美联储利率决议 #七王爷,2026-07-30 03:04:25 CST,https://www.iesdouyin.com/share/video/7668027873382966649/?region=US&mid=7668027356796750592&u_code=0&did=MS4wLjABAAAAgDQbitRTDSdo2ngCCE692lcnhDuxa7oy99O-8xe4VJhJ8VH0yDt0vXiGp2vl892b&iid=MS4wLjABAAAANwkJuWIRFOzg5uCpDRpMj4OX-QryoDgn-yYlXQnRwQQ&with_sec_did=1&video_share_track_ver=&titleType=title&share_sign=1SBdiUxMxG0X0vygvcgxIolzAp78tu4ux7pziSXgClk-&share_version=0&ts=1787996661&from_aid=6383&from_ssr=1&share_track_info=%7B%22link_description_type%22%3A%22%22%7D,8760,1846,226
7668015592847660261,回复 @过去式的评论 赚钱不用谢我，谢谢大家自己，你们活该赚钱，我现在心里其实还蛮关心被挂的伙伴，再坚持坚持！还有不要再吵着要进群了，大家窗户外面的人可以问下，窗户里面的是不是我视……版本过低，升级后可展示全部信息,2026-07-30 02:16:47 CST,https://www.iesdouyin.com/share/video/7668015592847660261/?region=US&mid=7661148210689329974&u_code=0&did=MS4wLjABAAAAgDQbitRTDSdo2ngCCE692lcnhDuxa7oy99O-8xe4VJhJ8VH0yDt0vXiGp2vl892b&iid=MS4wLjABAAAANwkJuWIRFOzg5uCpDRpMj4OX-QryoDgn-yYlXQnRwQQ&with_sec_did=1&video_share_track_ver=&titleType=title&schema_type=37&share_sign=XjAP8L4no2mRDWBM4Sz9zfz.qXYzSyRO4BvLah0w8RE-&share_version=0&ts=1787996661&from_aid=6383&from_ssr=1&share_track_info=%7B%22link_description_type%22%3A%22%22%7D,4139,813,68
7668012083892146426,说个故事吧，看我视频的872-880加了的，现在在笑吗？#七王爷,2026-07-30 02:03:11 CST,https://www.iesdouyin.com/share/video/7668012083892146426/?region=US&mid=7315305271474080549&u_code=0&did=MS4wLjABAAAAgDQbitRTDSdo2ngCCE692lcnhDuxa7oy99O-8xe4VJhJ8VH0yDt0vXiGp2vl892b&iid=MS4wLjABAAAANwkJuWIRFOzg5uCpDRpMj4OX-QryoDgn-yYlXQnRwQQ&with_sec_did=1&video_share_track_ver=&titleType=title&schema_type=37&share_sign=sqKJAbI0T1bFsTU47GK0QuPERXuCi54oJ0.et6pzT5E-&share_version=0&ts=1787996661&from_aid=6383&from_ssr=1&share_track_info=%7B%22link_description_type%22%3A%22%22%7D,3002,470,25
7667936551847377786,凌晨我会熬夜陪着大家，大概大家知道一手消息#美联储决议 #七王爷,2026-07-29 21:10:03 CST,https://www.iesdouyin.com/share/video/7667936551847377786/?region=US&mid=7667936592094333750&u_code=0&did=MS4wLjABAAAAgDQbitRTDSdo2ngCCE692lcnhDuxa7oy99O-8xe4VJhJ8VH0yDt0vXiGp2vl892b&iid=MS4wLjABAAAANwkJuWIRFOzg5uCpDRpMj4OX-QryoDgn-yYlXQnRwQQ&with_sec_did=1&video_share_track_ver=&titleType=title&share_sign=G1wSQwr6kqifJ2xpQsbah6o2c.KUPAolo1YpgkghBvI-&share_version=0&ts=1787996661&from_aid=6383&from_ssr=1&share_track_info=%7B%22link_description_type%22%3A%22%22%7D,11122,1441,325
7667551244580702193,寻找互联网合伙人，要非常懂AIGI仿真人AI剧的伙伴！#美股夜盘 #七王爷,2026-07-28 20:14:52 CST,https://www.iesdouyin.com/share/video/7667551244580702193/?region=US&mid=7667551208160135970&u_code=0&did=MS4wLjABAAAAgDQbitRTDSdo2ngCCE692lcnhDuxa7oy99O-8xe4VJhJ8VH0yDt0vXiGp2vl892b&iid=MS4wLjABAAAANwkJuWIRFOzg5uCpDRpMj4OX-QryoDgn-yYlXQnRwQQ&with_sec_did=1&video_share_track_ver=&titleType=title&share_sign=M.yVxJatAta0h8nn9km51ocHeU4t40BETmg4AHVcNAY-&share_version=0&ts=1787996661&from_aid=6383&from_ssr=1&share_track_info=%7B%22link_description_type%22%3A%22%22%7D,7829,1084,276
7667451418454168826,低空飞行，严控仓位#黄金会不会继续下跌 #七王爷,2026-07-28 13:47:29 CST,https://www.iesdouyin.com/share/video/7667451418454168826/?region=US&mid=7667451464272333611&u_code=0&did=MS4wLjABAAAAgDQbitRTDSdo2ngCCE692lcnhDuxa7oy99O-8xe4VJhJ8VH0yDt0vXiGp2vl892b&iid=MS4wLjABAAAANwkJuWIRFOzg5uCpDRpMj4OX-QryoDgn-yYlXQnRwQQ&with_sec_did=1&video_share_track_ver=&titleType=title&share_sign=.0pxT_tqDPzbipXkv2ShOrXV8KL.Za4m4YZ97CceQRo-&share_version=0&ts=1787996661&from_aid=6383&from_ssr=1&share_track_info=%7B%22link_description_type%22%3A%22%22%7D,8488,940,263
7667392236715554298,不用太夸我#七王爷,2026-07-28 09:57:50 CST,https://www.iesdouyin.com/share/video/7667392236715554298/?region=US&mid=7667392150094957350&u_code=0&did=MS4wLjABAAAAgDQbitRTDSdo2ngCCE692lcnhDuxa7oy99O-8xe4VJhJ8VH0yDt0vXiGp2vl892b&iid=MS4wLjABAAAANwkJuWIRFOzg5uCpDRpMj4OX-QryoDgn-yYlXQnRwQQ&with_sec_did=1&video_share_track_ver=&titleType=title&share_sign=A5hMDmdAfxh_ScF5TaRH3kcCZRmcp_0VBA.pD3pvsKc-&share_version=0&ts=1787996661&from_aid=6383&from_ssr=1&share_track_info=%7B%22link_description_type%22%3A%22%22%7D,5867,681,165
7667214082743071737,进仓见上条视频#黄金解析 #七王爷,2026-07-27 22:26:31 CST,https://www.iesdouyin.com/share/video/7667214082743071737/?region=US&mid=7667214121162656553&u_code=0&did=MS4wLjABAAAAgDQbitRTDSdo2ngCCE692lcnhDuxa7oy99O-8xe4VJhJ8VH0yDt0vXiGp2vl892b&iid=MS4wLjABAAAANwkJuWIRFOzg5uCpDRpMj4OX-QryoDgn-yYlXQnRwQQ&with_sec_did=1&video_share_track_ver=&titleType=title&share_sign=y2iYKdpoXUdnfKUJub5Ve08qAf6rN3VrglVufI6WEWQ-&share_version=0&ts=1787996661&from_aid=6383&from_ssr=1&share_track_info=%7B%22link_description_type%22%3A%22%22%7D,6570,646,328
7667091328392172657,许愿点赞破W，这周重点戏份在周三周四#七王爷,2026-07-27 14:30:10 CST,https://www.iesdouyin.com/share/video/7667091328392172657/?region=US&mid=7667091305054997284&u_code=0&did=MS4wLjABAAAAgDQbitRTDSdo2ngCCE692lcnhDuxa7oy99O-8xe4VJhJ8VH0yDt0vXiGp2vl892b&iid=MS4wLjABAAAANwkJuWIRFOzg5uCpDRpMj4OX-QryoDgn-yYlXQnRwQQ&with_sec_did=1&video_share_track_ver=&titleType=title&share_sign=DIHpmdnDH6yen1YqCxYuAnPfUHNFFxfq3Y_hGqlhpN8-&share_version=0&ts=1787996664&from_aid=6383&from_ssr=1&share_track_info=%7B%22link_description_type%22%3A%22%22%7D,4580,414,121
7666862958534522617,涨到1200，高低一人给我们家女宝一人配一个模子，把自己想要的款发出来#七王爷,2026-07-26 23:43:58 CST,https://www.iesdouyin.com/share/video/7666862958534522617/?region=US&mid=6821166430877649678&u_code=0&did=MS4wLjABAAAAgDQbitRTDSdo2ngCCE692lcnhDuxa7oy99O-8xe4VJhJ8VH0yDt0vXiGp2vl892b&iid=MS4wLjABAAAANwkJuWIRFOzg5uCpDRpMj4OX-QryoDgn-yYlXQnRwQQ&with_sec_did=1&video_share_track_ver=&titleType=title&schema_type=37&share_sign=xJ0FnmrNKSrjsdwvaLRXyQR2SWXMqQgd2mV.a2pfvU8-&share_version=0&ts=1787996664&from_aid=6383&from_ssr=1&share_track_info=%7B%22link_description_type%22%3A%22%22%7D,3397,488,117
7666826371755610021,许愿点赞破W！晚安咯。明儿见#七王爷,2026-07-26 21:22:00 CST,https://www.iesdouyin.com/share/video/7666826371755610021/?region=US&mid=7666826356352764724&u_code=0&did=MS4wLjABAAAAgDQbitRTDSdo2ngCCE692lcnhDuxa7oy99O-8xe4VJhJ8VH0yDt0vXiGp2vl892b&iid=MS4wLjABAAAANwkJuWIRFOzg5uCpDRpMj4OX-QryoDgn-yYlXQnRwQQ&with_sec_did=1&video_share_track_ver=&titleType=title&share_sign=1k_XS4gUxJmqskEcPL1a7t3N4o2429Oq78.VcWHwKm0-&share_version=0&ts=1787996664&from_aid=6383&from_ssr=1&share_track_info=%7B%22link_description_type%22%3A%22%22%7D,4767,479,181
7666812768533099941,下周重点看周三周四，拉高都是诱骗的举动，不追！ 许愿点赞破万#黄金行情分享 #七王爷,2026-07-26 20:29:12 CST,https://www.iesdouyin.com/share/video/7666812768533099941/?region=US&mid=7666812753621142307&u_code=0&did=MS4wLjABAAAAgDQbitRTDSdo2ngCCE692lcnhDuxa7oy99O-8xe4VJhJ8VH0yDt0vXiGp2vl892b&iid=MS4wLjABAAAANwkJuWIRFOzg5uCpDRpMj4OX-QryoDgn-yYlXQnRwQQ&with_sec_did=1&video_share_track_ver=&titleType=title&share_sign=54LYEi3sIb.oKTVzMUmQ8NPChZYD8aITRmMc7pHO2N0-&share_version=0&ts=1787996664&from_aid=6383&from_ssr=1&share_track_info=%7B%22link_description_type%22%3A%22%22%7D,6427,549,440
7666040338671427258,许愿点赞破万#七王爷,2026-07-24 18:31:47 CST,https://www.iesdouyin.com/share/video/7666040338671427258/?region=US&mid=7666040332610112297&u_code=0&did=MS4wLjABAAAAgDQbitRTDSdo2ngCCE692lcnhDuxa7oy99O-8xe4VJhJ8VH0yDt0vXiGp2vl892b&iid=MS4wLjABAAAANwkJuWIRFOzg5uCpDRpMj4OX-QryoDgn-yYlXQnRwQQ&with_sec_did=1&video_share_track_ver=&titleType=title&share_sign=uyA1tAxXnmAp4_ScRq_66rjzeH98K.7T7oI_u8DA1w8-&share_version=0&ts=1787996664&from_aid=6383&from_ssr=1&share_track_info=%7B%22link_description_type%22%3A%22%22%7D,5321,474,81
7665722150628731505,许愿看视频的兄弟姐妹要么学到，要么赚到！#七王爷 @七王爷 潜龙勿用,2026-07-23 21:57:03 CST,https://www.iesdouyin.com/share/video/7665722150628731505/?region=US&mid=7665722142801136419&u_code=0&did=MS4wLjABAAAAgDQbitRTDSdo2ngCCE692lcnhDuxa7oy99O-8xe4VJhJ8VH0yDt0vXiGp2vl892b&iid=MS4wLjABAAAANwkJuWIRFOzg5uCpDRpMj4OX-QryoDgn-yYlXQnRwQQ&with_sec_did=1&video_share_track_ver=&titleType=title&share_sign=G0I.BVWDYIP8CHkuBPQv_bqy2r3MwypI39gRuYDE8ZE-&share_version=0&ts=1787996664&from_aid=6383&from_ssr=1&share_track_info=%7B%22link_description_type%22%3A%22%22%7D,7516,772,318
7665712970895241893,我个人#七王爷,2026-07-23 21:21:25 CST,https://www.iesdouyin.com/share/video/7665712970895241893/?region=US&mid=7665712937952168745&u_code=0&did=MS4wLjABAAAAgDQbitRTDSdo2ngCCE692lcnhDuxa7oy99O-8xe4VJhJ8VH0yDt0vXiGp2vl892b&iid=MS4wLjABAAAANwkJuWIRFOzg5uCpDRpMj4OX-QryoDgn-yYlXQnRwQQ&with_sec_did=1&video_share_track_ver=&titleType=title&share_sign=9eLwL5UNJbhMSvUtkjWCa6ACSktQD0B80QkfJFIxziw-&share_version=0&ts=1787996664&from_aid=6383&from_ssr=1&share_track_info=%7B%22link_description_type%22%3A%22%22%7D,4968,499,259
7665701331264926449,利空#黄金价格走势分析,2026-07-23 20:36:15 CST,https://www.iesdouyin.com/share/video/7665701331264926449/?region=US&mid=7578170990266485547&u_code=0&did=MS4wLjABAAAAgDQbitRTDSdo2ngCCE692lcnhDuxa7oy99O-8xe4VJhJ8VH0yDt0vXiGp2vl892b&iid=MS4wLjABAAAANwkJuWIRFOzg5uCpDRpMj4OX-QryoDgn-yYlXQnRwQQ&with_sec_did=1&video_share_track_ver=&titleType=title&schema_type=37&share_sign=MHNj1yLZCPbG7J0NJ2AQdg7VHkZKyd2s4lc2E0WJ4eA-&share_version=0&ts=1787996664&from_aid=6383&from_ssr=1&share_track_info=%7B%22link_description_type%22%3A%22%22%7D,1890,523,31
7665649047063983793,许愿点赞破W#就请失业率 #七王爷,2026-07-23 17:13:22 CST,https://www.iesdouyin.com/share/video/7665649047063983793/?region=US&mid=7665649054218521407&u_code=0&did=MS4wLjABAAAAgDQbitRTDSdo2ngCCE692lcnhDuxa7oy99O-8xe4VJhJ8VH0yDt0vXiGp2vl892b&iid=MS4wLjABAAAANwkJuWIRFOzg5uCpDRpMj4OX-QryoDgn-yYlXQnRwQQ&with_sec_did=1&video_share_track_ver=&titleType=title&share_sign=UBcAwKPyExgxjLBy3or6Y76kbeMvOBwUFONZHZ3eFcA-&share_version=0&ts=1787996664&from_aid=6383&from_ssr=1&share_track_info=%7B%22link_description_type%22%3A%22%22%7D,4992,740,292
7665275929987732401,什么硬通货能像股票一样转手回血？#转转奢侈品回收#回收奢侈品#上门收表#卡地亚,2026-07-22 18:20:50 CST,https://www.iesdouyin.com/share/video/7665275929987732401/?region=US&mid=7665275893952482083&u_code=0&did=MS4wLjABAAAAgDQbitRTDSdo2ngCCE692lcnhDuxa7oy99O-8xe4VJhJ8VH0yDt0vXiGp2vl892b&iid=MS4wLjABAAAANwkJuWIRFOzg5uCpDRpMj4OX-QryoDgn-yYlXQnRwQQ&with_sec_did=1&video_share_track_ver=&titleType=title&share_sign=S6UQGnZtpGulyS5SpPlgWL5fpcUvgVjHE_jX79_G.WY-&share_version=0&ts=1787996664&from_aid=6383&from_ssr=1&share_track_info=%7B%22link_description_type%22%3A%22%22%7D,3794,566,41
7665242550496788145,进出技巧#交易中的悟道 #七王爷,2026-07-22 14:55:57 CST,https://www.iesdouyin.com/share/video/7665242550496788145/?region=US&mid=7665242548403063593&u_code=0&did=MS4wLjABAAAAgDQbitRTDSdo2ngCCE692lcnhDuxa7oy99O-8xe4VJhJ8VH0yDt0vXiGp2vl892b&iid=MS4wLjABAAAANwkJuWIRFOzg5uCpDRpMj4OX-QryoDgn-yYlXQnRwQQ&with_sec_did=1&video_share_track_ver=&titleType=title&share_sign=BU.r2soh75h14MpFAdulBfg5.cJL7hI.mbiP8lQ5alk-&share_version=0&ts=1787996664&from_aid=6383&from_ssr=1&share_track_info=%7B%22link_description_type%22%3A%22%22%7D,4347,646,197
7665000913451084261,拉涨不追，回落才是机会！许愿点赞破W#黄金会不会继续下跌 #七王爷,2026-07-21 23:18:16 CST,https://www.iesdouyin.com/share/video/7665000913451084261/?region=US&mid=7665000911684537134&u_code=0&did=MS4wLjABAAAAgDQbitRTDSdo2ngCCE692lcnhDuxa7oy99O-8xe4VJhJ8VH0yDt0vXiGp2vl892b&iid=MS4wLjABAAAANwkJuWIRFOzg5uCpDRpMj4OX-QryoDgn-yYlXQnRwQQ&with_sec_did=1&video_share_track_ver=&titleType=title&share_sign=xL8ksAVGtDdPjxRdlGgHNzZY38j7urqyLUegjMCGi84-&share_version=0&ts=1787996664&from_aid=6383&from_ssr=1&share_track_info=%7B%22link_description_type%22%3A%22%22%7D,9581,1700,507
7664614262279472485,一口气17分钟讲清楚黄金、战士、原油、美债系统逻辑！许愿点赞破W#七王爷,2026-07-20 22:17:53 CST,https://www.iesdouyin.com/share/video/7664614262279472485/?region=US&mid=7664614449911532294&u_code=0&did=MS4wLjABAAAAgDQbitRTDSdo2ngCCE692lcnhDuxa7oy99O-8xe4VJhJ8VH0yDt0vXiGp2vl892b&iid=MS4wLjABAAAANwkJuWIRFOzg5uCpDRpMj4OX-QryoDgn-yYlXQnRwQQ&with_sec_did=1&video_share_track_ver=&titleType=title&share_sign=ZFA9rGnQCOwxrkYIoRIxoYudKXRJ8JocZ2s5oRIOYtI-&share_version=0&ts=1787996664&from_aid=6383&from_ssr=1&share_track_info=%7B%22link_description_type%22%3A%22%22%7D,8904,2010,517
7664583326947208613,许愿点赞破W#七王爷 @七王爷 潜龙勿用,2026-07-20 20:17:49 CST,https://www.iesdouyin.com/share/video/7664583326947208613/?region=US&mid=7664583251247287080&u_code=0&did=MS4wLjABAAAAgDQbitRTDSdo2ngCCE692lcnhDuxa7oy99O-8xe4VJhJ8VH0yDt0vXiGp2vl892b&iid=MS4wLjABAAAANwkJuWIRFOzg5uCpDRpMj4OX-QryoDgn-yYlXQnRwQQ&with_sec_did=1&video_share_track_ver=&titleType=title&share_sign=7uli3loHtjqGFpCxCiky5.awRO2Qp0ySPfbiFv2JcIM-&share_version=0&ts=1787996664&from_aid=6383&from_ssr=1&share_track_info=%7B%22link_description_type%22%3A%22%22%7D,5102,796,196
7664573343140001915,上一周波点出货，一点误差都没有，最高4040（人民币880）#黄金近期走势,2026-07-20 19:39:05 CST,https://www.iesdouyin.com/share/video/7664573343140001915/?region=US&mid=7578170990266485547&u_code=0&did=MS4wLjABAAAAgDQbitRTDSdo2ngCCE692lcnhDuxa7oy99O-8xe4VJhJ8VH0yDt0vXiGp2vl892b&iid=MS4wLjABAAAANwkJuWIRFOzg5uCpDRpMj4OX-QryoDgn-yYlXQnRwQQ&with_sec_did=1&video_share_track_ver=&titleType=title&schema_type=37&share_sign=56TsjZg3SPyMdZdGFtGnAI3gHkDrrh1xCeG_q7pVOcs-&share_version=0&ts=1787996664&from_aid=6383&from_ssr=1&share_track_info=%7B%22link_description_type%22%3A%22%22%7D,1659,354,34
7664513037865864825,有多少人收到ＰＺ关注你了？#七王爷,2026-07-20 15:45:05 CST,https://www.iesdouyin.com/share/video/7664513037865864825/?region=US&mid=7664513048538925850&u_code=0&did=MS4wLjABAAAAgDQbitRTDSdo2ngCCE692lcnhDuxa7oy99O-8xe4VJhJ8VH0yDt0vXiGp2vl892b&iid=MS4wLjABAAAANwkJuWIRFOzg5uCpDRpMj4OX-QryoDgn-yYlXQnRwQQ&with_sec_did=1&video_share_track_ver=&titleType=title&share_sign=EKzl7tE4kSGetIWl4TWxel2ov6_O_7JUobgkI6pHPCE-&share_version=0&ts=1787996664&from_aid=6383&from_ssr=1&share_track_info=%7B%22link_description_type%22%3A%22%22%7D,4463,393,97
7664240576720168057,下周重点关注周四、周五#黄金行情 #七王爷,2026-07-19 22:07:47 CST,https://www.iesdouyin.com/share/video/7664240576720168057/?region=US&mid=7664240588150147846&u_code=0&did=MS4wLjABAAAAgDQbitRTDSdo2ngCCE692lcnhDuxa7oy99O-8xe4VJhJ8VH0yDt0vXiGp2vl892b&iid=MS4wLjABAAAANwkJuWIRFOzg5uCpDRpMj4OX-QryoDgn-yYlXQnRwQQ&with_sec_did=1&video_share_track_ver=&titleType=title&share_sign=JBoJCLNw2FE9m8_bobvz0s0FNCGxoG5TRypVH43fHEA-&share_version=0&ts=1787996664&from_aid=6383&from_ssr=1&share_track_info=%7B%22link_description_type%22%3A%22%22%7D,10014,1313,538
7663519739741852401,许愿点赞破万，周六休息，周日见#七王爷,2026-07-17 23:30:34 CST,https://www.iesdouyin.com/share/video/7663519739741852401/?region=US&mid=7663519815608372010&u_code=0&did=MS4wLjABAAAAgDQbitRTDSdo2ngCCE692lcnhDuxa7oy99O-8xe4VJhJ8VH0yDt0vXiGp2vl892b&iid=MS4wLjABAAAANwkJuWIRFOzg5uCpDRpMj4OX-QryoDgn-yYlXQnRwQQ&with_sec_did=1&video_share_track_ver=&titleType=title&share_sign=sHFLF_4nqxwMsOJ1xeBwDR2_0iF50EOaJr7QFfE28V4-&share_version=0&ts=1787996664&from_aid=6383&from_ssr=1&share_track_info=%7B%22link_description_type%22%3A%22%22%7D,5516,953,347
7663356501276554597,许愿点赞破万#黄金近期走势 #今日美国黄金走势 #七王爷,2026-07-17 12:57:07 CST,https://www.iesdouyin.com/share/video/7663356501276554597/?region=US&mid=7663356501511244590&u_code=0&did=MS4wLjABAAAAgDQbitRTDSdo2ngCCE692lcnhDuxa7oy99O-8xe4VJhJ8VH0yDt0vXiGp2vl892b&iid=MS4wLjABAAAANwkJuWIRFOzg5uCpDRpMj4OX-QryoDgn-yYlXQnRwQQ&with_sec_did=1&video_share_track_ver=&titleType=title&share_sign=xJs.n1pJ7U9iUDhJknGBkx5_sgiwRxAzyGQ_.iu8KhU-&share_version=0&ts=1787996664&from_aid=6383&from_ssr=1&share_track_info=%7B%22link_description_type%22%3A%22%22%7D,5310,1410,284
7663329080494299834,逢新低拿实物，积存做波段，我这么做的！两条腿#黄金购买新思路 @艺潮首饰水贝九九甄选,2026-07-17 11:10:43 CST,https://www.iesdouyin.com/share/video/7663329080494299834/?region=US&mid=7663329049686919988&u_code=0&did=MS4wLjABAAAAgDQbitRTDSdo2ngCCE692lcnhDuxa7oy99O-8xe4VJhJ8VH0yDt0vXiGp2vl892b&iid=MS4wLjABAAAANwkJuWIRFOzg5uCpDRpMj4OX-QryoDgn-yYlXQnRwQQ&with_sec_did=1&video_share_track_ver=&titleType=title&share_sign=ouwJ8OsoG9Aed2ATbKVltVnVRGT5iMbBcTQ5VZmR6uc-&share_version=0&ts=1787996664&from_aid=6383&from_ssr=1&share_track_info=%7B%22link_description_type%22%3A%22%22%7D,4136,1537,287
7663139803567446971,给乖乖点个赞吧#失业率数据 #七王爷,2026-07-16 22:56:13 CST,https://www.iesdouyin.com/share/video/7663139803567446971/?region=US&mid=7663139781454613263&u_code=0&did=MS4wLjABAAAAgDQbitRTDSdo2ngCCE692lcnhDuxa7oy99O-8xe4VJhJ8VH0yDt0vXiGp2vl892b&iid=MS4wLjABAAAANwkJuWIRFOzg5uCpDRpMj4OX-QryoDgn-yYlXQnRwQQ&with_sec_did=1&video_share_track_ver=&titleType=title&share_sign=2Dk5h34gBcF5ECGGYeXgxBxYi_dpbn8bqviwIv2CuL8-&share_version=0&ts=1787996664&from_aid=6383&from_ssr=1&share_track_info=%7B%22link_description_type%22%3A%22%22%7D,9982,1239,533
7663103169936890875,利空，但是预期在白天已经提前走完一部分，大家观察我给的数据，没用抵达上条视频我给的数据，管住手就可以了！#今晚美股走势最新消息 #七王爷,2026-07-16 20:34:04 CST,https://www.iesdouyin.com/share/video/7663103169936890875/?region=US&mid=7662340031767415593&u_code=0&did=MS4wLjABAAAAgDQbitRTDSdo2ngCCE692lcnhDuxa7oy99O-8xe4VJhJ8VH0yDt0vXiGp2vl892b&iid=MS4wLjABAAAANwkJuWIRFOzg5uCpDRpMj4OX-QryoDgn-yYlXQnRwQQ&with_sec_did=1&video_share_track_ver=&titleType=title&schema_type=37&share_sign=9DEufA5gEsScFn6yrdGpb.98jbX8qGZ4dvdDwrGcEQY-&share_version=0&ts=1787996664&from_aid=6383&from_ssr=1&share_track_info=%7B%22link_description_type%22%3A%22%22%7D,1904,855,44
7663092989719238779,许愿点赞过万#初请失业金 #七王爷,2026-07-16 19:54:34 CST,https://www.iesdouyin.com/share/video/7663092989719238779/?region=US&mid=7663092965518215946&u_code=0&did=MS4wLjABAAAAgDQbitRTDSdo2ngCCE692lcnhDuxa7oy99O-8xe4VJhJ8VH0yDt0vXiGp2vl892b&iid=MS4wLjABAAAANwkJuWIRFOzg5uCpDRpMj4OX-QryoDgn-yYlXQnRwQQ&with_sec_did=1&video_share_track_ver=&titleType=title&share_sign=dUHq_XXjYzUbtpMOq7Dm9GnmtFODrSZkgJp4ewIHNNA-&share_version=0&ts=1787996664&from_aid=6383&from_ssr=1&share_track_info=%7B%22link_description_type%22%3A%22%22%7D,4406,918,309
7662797769882842747,许愿点赞破万，大家都发财#金价走势分析 #七王爷,2026-07-16 00:48:58 CST,https://www.iesdouyin.com/share/video/7662797769882842747/?region=US&mid=7662797740883086099&u_code=0&did=MS4wLjABAAAAgDQbitRTDSdo2ngCCE692lcnhDuxa7oy99O-8xe4VJhJ8VH0yDt0vXiGp2vl892b&iid=MS4wLjABAAAANwkJuWIRFOzg5uCpDRpMj4OX-QryoDgn-yYlXQnRwQQ&with_sec_did=1&video_share_track_ver=&titleType=title&share_sign=khyge3vBK2JpmTK6TvTukiWKbCczcH7HMeV8mZUzxB0-&share_version=0&ts=1787996664&from_aid=6383&from_ssr=1&share_track_info=%7B%22link_description_type%22%3A%22%22%7D,4902,717,181
7662772259099452401,许愿点赞过万#美联储议息会议 #七王爷,2026-07-15 23:09:57 CST,https://www.iesdouyin.com/share/video/7662772259099452401/?region=US&mid=7662772270557104942&u_code=0&did=MS4wLjABAAAAgDQbitRTDSdo2ngCCE692lcnhDuxa7oy99O-8xe4VJhJ8VH0yDt0vXiGp2vl892b&iid=MS4wLjABAAAANwkJuWIRFOzg5uCpDRpMj4OX-QryoDgn-yYlXQnRwQQ&with_sec_did=1&video_share_track_ver=&titleType=title&share_sign=Ozowrvws_7rlzQ9YsyQpevZyQnxQVYC.JII4iUIoL80-&share_version=0&ts=1787996664&from_aid=6383&from_ssr=1&share_track_info=%7B%22link_description_type%22%3A%22%22%7D,4346,466,118
7662733398168074171,PPI数据利多，加拿大数据利空！等于对冲掉了！ 但是我要重点提醒，晚上8:45-00.00凌晨都有美联储官员发言，现在一切反弹都是诱多，你看见涨，到了自己可以获利的位置出就可以了，……版本过低，升级后可展示全部信息,2026-07-15 20:39:10 CST,https://www.iesdouyin.com/share/video/7662733398168074171/?region=US&mid=7661886114579450643&u_code=0&did=MS4wLjABAAAAgDQbitRTDSdo2ngCCE692lcnhDuxa7oy99O-8xe4VJhJ8VH0yDt0vXiGp2vl892b&iid=MS4wLjABAAAANwkJuWIRFOzg5uCpDRpMj4OX-QryoDgn-yYlXQnRwQQ&with_sec_did=1&video_share_track_ver=&titleType=title&schema_type=37&share_sign=PVerEvBIOcV6G0sKszKVjFsQEzWR9CqUnLGOa7vrPik-&share_version=0&ts=1787996664&from_aid=6383&from_ssr=1&share_track_info=%7B%22link_description_type%22%3A%22%22%7D,1884,409,45
7662725927295047333,现金为王，要投资可复利的保值资产！想看全屋视频，移步@小刚学长（长沙楼市） #七王爷,2026-07-15 20:10:10 CST,https://www.iesdouyin.com/share/video/7662725927295047333/?region=US&mid=7662725930310798130&u_code=0&did=MS4wLjABAAAAgDQbitRTDSdo2ngCCE692lcnhDuxa7oy99O-8xe4VJhJ8VH0yDt0vXiGp2vl892b&iid=MS4wLjABAAAANwkJuWIRFOzg5uCpDRpMj4OX-QryoDgn-yYlXQnRwQQ&with_sec_did=1&video_share_track_ver=&titleType=title&share_sign=FbnX88FR0hsK90J8ZV54dTKXEBH0i.BihOarbo6EP_0-&share_version=0&ts=1787996664&from_aid=6383&from_ssr=1&share_track_info=%7B%22link_description_type%22%3A%22%22%7D,5665,367,473
7662696765716242298,许愿点赞过万，先赞后看#美国通胀数据 #美国PPI #七王爷,2026-07-15 18:17:00 CST,https://www.iesdouyin.com/share/video/7662696765716242298/?region=US&mid=7662696761185880838&u_code=0&did=MS4wLjABAAAAgDQbitRTDSdo2ngCCE692lcnhDuxa7oy99O-8xe4VJhJ8VH0yDt0vXiGp2vl892b&iid=MS4wLjABAAAANwkJuWIRFOzg5uCpDRpMj4OX-QryoDgn-yYlXQnRwQQ&with_sec_did=1&video_share_track_ver=&titleType=title&share_sign=5k5E0kn.dV_XAKqiPhHuQPEhznI40EUsfUd9W0YJGL0-&share_version=0&ts=1787996664&from_aid=6383&from_ssr=1&share_track_info=%7B%22link_description_type%22%3A%22%22%7D,6147,723,290
7662475722326194426,我在互联网上没有怎么变过现，但是我心里知道我有好多粉丝都是广西的，忙完手头上的事，我知道这💰不多，但是我以后在交易上赚的3/1我都会捐出去！这只是开始！但是我会知行合一，赚多少，都……版本过低，升级后可展示全部信息,2026-07-15 03:59:17 CST,https://www.iesdouyin.com/share/video/7662475722326194426/?region=US&mid=6751320623441545987&u_code=0&did=MS4wLjABAAAAgDQbitRTDSdo2ngCCE692lcnhDuxa7oy99O-8xe4VJhJ8VH0yDt0vXiGp2vl892b&iid=MS4wLjABAAAANwkJuWIRFOzg5uCpDRpMj4OX-QryoDgn-yYlXQnRwQQ&with_sec_did=1&video_share_track_ver=&titleType=title&schema_type=37&share_sign=6nyj5.xFBq_hmkN63L0S3svmEPAoubci3FCXobZ2GfA-&share_version=0&ts=1787996664&from_aid=6383&from_ssr=1&share_track_info=%7B%22link_description_type%22%3A%22%22%7D,5457,410,5
7662443277320292347,许愿点赞过W #美联储通胀2%#七王爷,2026-07-15 01:53:21 CST,https://www.iesdouyin.com/share/video/7662443277320292347/?region=US&mid=7662443326435511094&u_code=0&did=MS4wLjABAAAAgDQbitRTDSdo2ngCCE692lcnhDuxa7oy99O-8xe4VJhJ8VH0yDt0vXiGp2vl892b&iid=MS4wLjABAAAANwkJuWIRFOzg5uCpDRpMj4OX-QryoDgn-yYlXQnRwQQ&with_sec_did=1&video_share_track_ver=&titleType=title&share_sign=Mrbmz3e0wL548qibZeBZ.4GsrdeYP2HwHQmCX0Ec1I4-&share_version=0&ts=1787996664&from_aid=6383&from_ssr=1&share_track_info=%7B%22link_description_type%22%3A%22%22%7D,5440,648,137
7662370171763858021,许愿点赞破万！什么都不想说了！我的免费付出大家应该是看在眼里的！10点之后出视频聊沃十的听证会内容！很重要！以后我们要做到不贪心！今日数据今日毕！希望大家以后也对我有点耐心，行情今……版本过低，升级后可展示全部信息,2026-07-14 21:09:39 CST,https://www.iesdouyin.com/share/video/7662370171763858021/?region=US&mid=7243642003622333242&u_code=0&did=MS4wLjABAAAAgDQbitRTDSdo2ngCCE692lcnhDuxa7oy99O-8xe4VJhJ8VH0yDt0vXiGp2vl892b&iid=MS4wLjABAAAANwkJuWIRFOzg5uCpDRpMj4OX-QryoDgn-yYlXQnRwQQ&with_sec_did=1&video_share_track_ver=&titleType=title&schema_type=37&share_sign=SCEsz81g_Bl1yu9r9u1r5_C_bN1puE37yt2XHfa2LUY-&share_version=0&ts=1787996665&from_aid=6383&from_ssr=1&share_track_info=%7B%22link_description_type%22%3A%22%22%7D,3481,719,63
7662361303705910139,利多，一点点出货！记得10点还有听证会！以我的预判符合！如果不怕卖飞就可以考虑出货了（4000-4010）现在4099（893） 如果想博一博（就只保留一层仓位）等10点之后最保险……版本过低，升级后可展示全部信息,2026-07-14 20:35:14 CST,https://www.iesdouyin.com/share/video/7662361303705910139/?region=US&mid=7114223925001030436&u_code=0&did=MS4wLjABAAAAgDQbitRTDSdo2ngCCE692lcnhDuxa7oy99O-8xe4VJhJ8VH0yDt0vXiGp2vl892b&iid=MS4wLjABAAAANwkJuWIRFOzg5uCpDRpMj4OX-QryoDgn-yYlXQnRwQQ&with_sec_did=1&video_share_track_ver=&titleType=title&schema_type=37&share_sign=8FL.FzrSbWF1Ea5YHtaSxo5g3hZisQUB7RKdhOulth4-&share_version=0&ts=1787996665&from_aid=6383&from_ssr=1&share_track_info=%7B%22link_description_type%22%3A%22%22%7D,1738,367,65
7662342512447336697,许愿点赞过万#今晚CPI #七王爷,2026-07-14 19:22:20 CST,https://www.iesdouyin.com/share/video/7662342512447336697/?region=US&mid=7662342552556751679&u_code=0&did=MS4wLjABAAAAgDQbitRTDSdo2ngCCE692lcnhDuxa7oy99O-8xe4VJhJ8VH0yDt0vXiGp2vl892b&iid=MS4wLjABAAAANwkJuWIRFOzg5uCpDRpMj4OX-QryoDgn-yYlXQnRwQQ&with_sec_did=1&video_share_track_ver=&titleType=title&share_sign=PO5q4IwBb6d9YEwjRVJx75oLDu.SbpvNWtxT2aReVN0-&share_version=0&ts=1787996665&from_aid=6383&from_ssr=1&share_track_info=%7B%22link_description_type%22%3A%22%22%7D,4215,610,208
7662025784466878395,许愿点赞破万#金价走势分析 #七王爷,2026-07-13 22:53:15 CST,https://www.iesdouyin.com/share/video/7662025784466878395/?region=US&mid=7662025687810378534&u_code=0&did=MS4wLjABAAAAgDQbitRTDSdo2ngCCE692lcnhDuxa7oy99O-8xe4VJhJ8VH0yDt0vXiGp2vl892b&iid=MS4wLjABAAAANwkJuWIRFOzg5uCpDRpMj4OX-QryoDgn-yYlXQnRwQQ&with_sec_did=1&video_share_track_ver=&titleType=title&share_sign=_73QLqNYO9tZSLZodLqL02dte0zmwteGl.HnSF7gI7k-&share_version=0&ts=1787996665&from_aid=6383&from_ssr=1&share_track_info=%7B%22link_description_type%22%3A%22%22%7D,8431,1374,771
7661986122624563065,许愿点赞破W#黄金的走向 #美国CPI #七王爷,2026-07-13 20:19:21 CST,https://www.iesdouyin.com/share/video/7661986122624563065/?region=US&mid=7661986087196805931&u_code=0&did=MS4wLjABAAAAgDQbitRTDSdo2ngCCE692lcnhDuxa7oy99O-8xe4VJhJ8VH0yDt0vXiGp2vl892b&iid=MS4wLjABAAAANwkJuWIRFOzg5uCpDRpMj4OX-QryoDgn-yYlXQnRwQQ&with_sec_did=1&video_share_track_ver=&titleType=title&share_sign=X9LHxUg61ueasJz9_x1uU5gZU_TcNH8ifdwtVkcYl0s-&share_version=0&ts=1787996665&from_aid=6383&from_ssr=1&share_track_info=%7B%22link_description_type%22%3A%22%22%7D,5201,725,88
7661950135517246137,金九银十 许愿点赞破万#七月行情 #七王爷 @七王爷 潜龙勿用,2026-07-13 17:59:42 CST,https://www.iesdouyin.com/share/video/7661950135517246137/?region=US&mid=7661950138239306515&u_code=0&did=MS4wLjABAAAAgDQbitRTDSdo2ngCCE692lcnhDuxa7oy99O-8xe4VJhJ8VH0yDt0vXiGp2vl892b&iid=MS4wLjABAAAANwkJuWIRFOzg5uCpDRpMj4OX-QryoDgn-yYlXQnRwQQ&with_sec_did=1&video_share_track_ver=&titleType=title&share_sign=JXsWaybqcI1Ze8oQhYMpD.9cG_RpPLL.3cM3Dz_tq7A-&share_version=0&ts=1787996665&from_aid=6383&from_ssr=1&share_track_info=%7B%22link_description_type%22%3A%22%22%7D,8601,751,193
7661766666792153593,早上伦敦金4097开盘，人名币893！属于低开，现在低开低走，那么跟我昨天发布吻合，原因在昨天文字也告诉大家了，美伊局面非常动荡！一个说海峡关闭，一个说不关闭！局面非常动荡！4分钟……版本过低，升级后可展示全部信息,2026-07-13 06:07:48 CST,https://www.iesdouyin.com/share/video/7661766666792153593/?region=US&mid=7615947194966755380&u_code=0&did=MS4wLjABAAAAgDQbitRTDSdo2ngCCE692lcnhDuxa7oy99O-8xe4VJhJ8VH0yDt0vXiGp2vl892b&iid=MS4wLjABAAAANwkJuWIRFOzg5uCpDRpMj4OX-QryoDgn-yYlXQnRwQQ&with_sec_did=1&video_share_track_ver=&titleType=title&schema_type=37&share_sign=Q7ritkpvz3DaRm4X3d7NTWxD55bdcF0so.uy_kpBBg4-&share_version=0&ts=1787996665&from_aid=6383&from_ssr=1&share_track_info=%7B%22link_description_type%22%3A%22%22%7D,1805,399,30
7661629831356625905,许愿点赞破万#美伊局势 @七王爷 潜龙勿用 #七王爷,2026-07-12 21:16:45 CST,https://www.iesdouyin.com/share/video/7661629831356625905/?region=US&mid=7661629736736623401&u_code=0&did=MS4wLjABAAAAgDQbitRTDSdo2ngCCE692lcnhDuxa7oy99O-8xe4VJhJ8VH0yDt0vXiGp2vl892b&iid=MS4wLjABAAAANwkJuWIRFOzg5uCpDRpMj4OX-QryoDgn-yYlXQnRwQQ&with_sec_did=1&video_share_track_ver=&titleType=title&share_sign=h26634_YbUDl6ktE8ADpLtRzAVqjWpIZieg8fQG.MHg-&share_version=0&ts=1787996665&from_aid=6383&from_ssr=1&share_track_info=%7B%22link_description_type%22%3A%22%22%7D,5286,381,217
7660920191824524977,我今天下午给到的点位已经抵达，最低4072（人名币888.87）我给的是4080（人名币890） 但是我观察了，最低积存人名币888.87下去太快，我心里知道不一定大家能够抢到，抢……版本过低，升级后可展示全部信息,2026-07-10 23:22:59 CST,https://www.iesdouyin.com/share/video/7660920191824524977/?region=US&mid=7243642003622333242&u_code=0&did=MS4wLjABAAAAgDQbitRTDSdo2ngCCE692lcnhDuxa7oy99O-8xe4VJhJ8VH0yDt0vXiGp2vl892b&iid=MS4wLjABAAAANwkJuWIRFOzg5uCpDRpMj4OX-QryoDgn-yYlXQnRwQQ&with_sec_did=1&video_share_track_ver=&titleType=title&schema_type=37&share_sign=z5STaVQkzmgk4ttDGvewRmt8ixfp3dPza4owQfqy7_s-&share_version=0&ts=1787996665&from_aid=6383&from_ssr=1&share_track_info=%7B%22link_description_type%22%3A%22%22%7D,1987,234,25
7660767613904197861,今天周五哈，谨慎点总没错#市场避险情绪升温 #七王爷,2026-07-10 13:30:55 CST,https://www.iesdouyin.com/share/video/7660767613904197861/?region=US&mid=7660767594575710976&u_code=0&did=MS4wLjABAAAAgDQbitRTDSdo2ngCCE692lcnhDuxa7oy99O-8xe4VJhJ8VH0yDt0vXiGp2vl892b&iid=MS4wLjABAAAANwkJuWIRFOzg5uCpDRpMj4OX-QryoDgn-yYlXQnRwQQ&with_sec_did=1&video_share_track_ver=&titleType=title&share_sign=YhwaCGDLrvn9DY7rZZpWq9eoNUY9SDbLKiCEVKEo74c-&share_version=0&ts=1787996665&from_aid=6383&from_ssr=1&share_track_info=%7B%22link_description_type%22%3A%22%22%7D,4807,610,143
7660604679345550449,近期有点燃尽了的感觉，最想的就是每周六放假一天，那就属于我自己.但是自从做了博主以来，而且做的是黄金做单博主，无数双眼睛都会盯着我，我做互联网肯定需要流量，也希望产生自我价值，我的……版本过低，升级后可展示全部信息,2026-07-10 02:58:39 CST,https://www.iesdouyin.com/share/video/7660604679345550449/?region=US&mid=7243642003622333242&u_code=0&did=MS4wLjABAAAAgDQbitRTDSdo2ngCCE692lcnhDuxa7oy99O-8xe4VJhJ8VH0yDt0vXiGp2vl892b&iid=MS4wLjABAAAANwkJuWIRFOzg5uCpDRpMj4OX-QryoDgn-yYlXQnRwQQ&with_sec_did=1&video_share_track_ver=&titleType=title&schema_type=37&share_sign=MVXlv_fQ2.ior3Z6jm2o8a4ui7x_oXnvx9RwPi4rAJQ-&share_version=0&ts=1787996665&from_aid=6383&from_ssr=1&share_track_info=%7B%22link_description_type%22%3A%22%22%7D,2481,430,13
7660233599544217721,昨天连发两条视频精准让在哪里谈恋爱，没有误差！ 今天精准通知在哪里分手，没有误差！马上91马上回落！ 那么，允许我许愿，以后点赞过万@七王爷 潜龙勿用 小号破20万粉，不过分吧？#……版本过低，升级后可展示全部信息,2026-07-09 02:58:41 CST,https://www.iesdouyin.com/share/video/7660233599544217721/?region=US&mid=7243642003622333242&u_code=0&did=MS4wLjABAAAAgDQbitRTDSdo2ngCCE692lcnhDuxa7oy99O-8xe4VJhJ8VH0yDt0vXiGp2vl892b&iid=MS4wLjABAAAANwkJuWIRFOzg5uCpDRpMj4OX-QryoDgn-yYlXQnRwQQ&with_sec_did=1&video_share_track_ver=&titleType=title&schema_type=37&share_sign=5gxawFc5enYdBVg4lEeRprpEV84atYu5irJWWgXKYyY-&share_version=0&ts=1787996665&from_aid=6383&from_ssr=1&share_track_info=%7B%22link_description_type%22%3A%22%22%7D,2135,718,39
7660231422938345457,许愿点赞破万，小号破20万粉#美联储决议 @七王爷 潜龙勿用 #七王爷,2026-07-09 02:50:13 CST,https://www.iesdouyin.com/share/video/7660231422938345457/?region=US&mid=7660231295447878441&u_code=0&did=MS4wLjABAAAAgDQbitRTDSdo2ngCCE692lcnhDuxa7oy99O-8xe4VJhJ8VH0yDt0vXiGp2vl892b&iid=MS4wLjABAAAANwkJuWIRFOzg5uCpDRpMj4OX-QryoDgn-yYlXQnRwQQ&with_sec_did=1&video_share_track_ver=&titleType=title&share_sign=uv8MTqXAqD6T9A2Cll1_Q4nEZQIeKL.BtpnncQdJ4oQ-&share_version=0&ts=1787996665&from_aid=6383&from_ssr=1&share_track_info=%7B%22link_description_type%22%3A%22%22%7D,5600,624,215
7660169204642022321,回复 @雾屿晚风的评论 我的愿望是看我视频的兄弟姐妹们人人都能赚钱，我的视频每条点赞1W！！ 以后小号会建👗@七王爷 潜龙勿用 #七王爷,2026-07-08 22:48:47 CST,https://www.iesdouyin.com/share/video/7660169204642022321/?region=US&mid=7660169151866227508&u_code=0&did=MS4wLjABAAAAgDQbitRTDSdo2ngCCE692lcnhDuxa7oy99O-8xe4VJhJ8VH0yDt0vXiGp2vl892b&iid=MS4wLjABAAAANwkJuWIRFOzg5uCpDRpMj4OX-QryoDgn-yYlXQnRwQQ&with_sec_did=1&video_share_track_ver=&titleType=title&share_sign=43yTJ7f93J7ShlBbHLr8AAOieT71RpKJeFtC300bXa0-&share_version=0&ts=1787996665&from_aid=6383&from_ssr=1&share_track_info=%7B%22link_description_type%22%3A%22%22%7D,4199,589,47
7660144505034772218,凌晨两点我不会睡，会一直着大家的！也希望大家把我每天拍的视频看完这样才不枉我的用心良苦！ 还有我开橱窗了，都是我家里自用的，有需要就拍，没有需要不要浪费钱，我这个人很真，也希望大家……版本过低，升级后可展示全部信息,2026-07-08 21:12:56 CST,https://www.iesdouyin.com/share/video/7660144505034772218/?region=US&mid=7660144506672073499&u_code=0&did=MS4wLjABAAAAgDQbitRTDSdo2ngCCE692lcnhDuxa7oy99O-8xe4VJhJ8VH0yDt0vXiGp2vl892b&iid=MS4wLjABAAAANwkJuWIRFOzg5uCpDRpMj4OX-QryoDgn-yYlXQnRwQQ&with_sec_did=1&video_share_track_ver=&titleType=title&share_sign=ihcCAq4KJqJJlF68YOIX_ypdLNk6xWHDXV6PfKg_lGc-&share_version=0&ts=1787996665&from_aid=6383&from_ssr=1&share_track_info=%7B%22link_description_type%22%3A%22%22%7D,9016,739,349
7660077570885223353,重点关注今晚美联储凌晨两点#今晚美股走势最新消息 #七王爷,2026-07-08 16:53:12 CST,https://www.iesdouyin.com/share/video/7660077570885223353/?region=US&mid=7660077467230669602&u_code=0&did=MS4wLjABAAAAgDQbitRTDSdo2ngCCE692lcnhDuxa7oy99O-8xe4VJhJ8VH0yDt0vXiGp2vl892b&iid=MS4wLjABAAAANwkJuWIRFOzg5uCpDRpMj4OX-QryoDgn-yYlXQnRwQQ&with_sec_did=1&video_share_track_ver=&titleType=title&share_sign=ThVPEuHMouDLeFDhkYY2fK5UdwiJB7SZnDsbM.kQ900-&share_version=0&ts=1787996665&from_aid=6383&from_ssr=1&share_track_info=%7B%22link_description_type%22%3A%22%22%7D,6411,971,669
7659764162533253605,4130精准进仓，4174完美出仓！ 不是马后炮，是马前炮，这一次我都佩服我自己，一点点伦敦金都没有出错！夸夸我吧，但是明天卖飞不准骂我，做当日行情#七王爷,2026-07-07 20:37:00 CST,https://www.iesdouyin.com/share/video/7659764162533253605/?region=US&mid=7243642003622333242&u_code=0&did=MS4wLjABAAAAgDQbitRTDSdo2ngCCE692lcnhDuxa7oy99O-8xe4VJhJ8VH0yDt0vXiGp2vl892b&iid=MS4wLjABAAAANwkJuWIRFOzg5uCpDRpMj4OX-QryoDgn-yYlXQnRwQQ&with_sec_did=1&video_share_track_ver=&titleType=title&schema_type=37&share_sign=pPpKfxQgod2fHtYtj4vnbn_n4hJ0lk1efaF2RW8AHbQ-&share_version=0&ts=1787996665&from_aid=6383&from_ssr=1&share_track_info=%7B%22link_description_type%22%3A%22%22%7D,1906,585,48
7659762337519971237,央行持有黄金背后的真相#七王爷#央行第二十个月增持黄金,2026-07-07 20:29:55 CST,https://www.iesdouyin.com/share/video/7659762337519971237/?region=US&mid=7659762368049580827&u_code=0&did=MS4wLjABAAAAgDQbitRTDSdo2ngCCE692lcnhDuxa7oy99O-8xe4VJhJ8VH0yDt0vXiGp2vl892b&iid=MS4wLjABAAAANwkJuWIRFOzg5uCpDRpMj4OX-QryoDgn-yYlXQnRwQQ&with_sec_did=1&video_share_track_ver=&titleType=title&share_sign=fjfuvLvpey40q_.b.fvU58P.lqMOXNq1TF6mD1IsJt0-&share_version=0&ts=1787996665&from_aid=6383&from_ssr=1&share_track_info=%7B%22link_description_type%22%3A%22%22%7D,3041,317,149
7659755146373558777,谁能解答俺的疑惑？#七王爷,2026-07-07 20:02:01 CST,https://www.iesdouyin.com/share/video/7659755146373558777/?region=US&mid=7659755039061478179&u_code=0&did=MS4wLjABAAAAgDQbitRTDSdo2ngCCE692lcnhDuxa7oy99O-8xe4VJhJ8VH0yDt0vXiGp2vl892b&iid=MS4wLjABAAAANwkJuWIRFOzg5uCpDRpMj4OX-QryoDgn-yYlXQnRwQQ&with_sec_did=1&video_share_track_ver=&titleType=title&share_sign=oO9i4wCSGpqoKWmLNd4pz.evQMdkVgefY_RV.bt7KXQ-&share_version=0&ts=1787996665&from_aid=6383&from_ssr=1&share_track_info=%7B%22link_description_type%22%3A%22%22%7D,3938,692,37
7659696564658711993,风雨无阻#央行购金数据,2026-07-07 16:14:41 CST,https://www.iesdouyin.com/share/video/7659696564658711993/?region=US&mid=0&u_code=0&did=MS4wLjABAAAAgDQbitRTDSdo2ngCCE692lcnhDuxa7oy99O-8xe4VJhJ8VH0yDt0vXiGp2vl892b&iid=MS4wLjABAAAANwkJuWIRFOzg5uCpDRpMj4OX-QryoDgn-yYlXQnRwQQ&with_sec_did=1&video_share_track_ver=&titleType=title&schema_type=37&share_sign=9Rut9m7.HZl.TgpFbTX1a.Drxjmw_RYUp8qqkAU8ulI-&share_version=0&ts=1787996665&from_aid=6383&from_ssr=1&share_track_info=%7B%22link_description_type%22%3A%22%22%7D,1229,207,81
7659426879379814245,你们这群家伙啊，真是一下不见到我都不行了#七王爷 #黄金近期走势,2026-07-06 22:48:11 CST,https://www.iesdouyin.com/share/video/7659426879379814245/?region=US&mid=7659426889563507482&u_code=0&did=MS4wLjABAAAAgDQbitRTDSdo2ngCCE692lcnhDuxa7oy99O-8xe4VJhJ8VH0yDt0vXiGp2vl892b&iid=MS4wLjABAAAANwkJuWIRFOzg5uCpDRpMj4OX-QryoDgn-yYlXQnRwQQ&with_sec_did=1&video_share_track_ver=&titleType=title&share_sign=024xWIieGfl.7_NzLT0H2CK63SmTHyDmMROCXX659i8-&share_version=0&ts=1787996665&from_aid=6383&from_ssr=1&share_track_info=%7B%22link_description_type%22%3A%22%22%7D,3909,672,150
7659396090534088313,一周总有那么几天便秘#七王爷,2026-07-06 20:48:42 CST,https://www.iesdouyin.com/share/video/7659396090534088313/?region=US&mid=7659396106769582898&u_code=0&did=MS4wLjABAAAAgDQbitRTDSdo2ngCCE692lcnhDuxa7oy99O-8xe4VJhJ8VH0yDt0vXiGp2vl892b&iid=MS4wLjABAAAANwkJuWIRFOzg5uCpDRpMj4OX-QryoDgn-yYlXQnRwQQ&with_sec_did=1&video_share_track_ver=&titleType=title&share_sign=DW1AmaViyF0gJ3K45ipvibmV2rFW3qUpA1Vox4_2RVY-&share_version=0&ts=1787996665&from_aid=6383&from_ssr=1&share_track_info=%7B%22link_description_type%22%3A%22%22%7D,4841,406,236
7659040598582800251,重点需要关注一下周二以及周四会有数据的波动#七王爷#美联储FOME,2026-07-05 21:49:12 CST,https://www.iesdouyin.com/share/video/7659040598582800251/?region=US&mid=7659040614931008307&u_code=0&did=MS4wLjABAAAAgDQbitRTDSdo2ngCCE692lcnhDuxa7oy99O-8xe4VJhJ8VH0yDt0vXiGp2vl892b&iid=MS4wLjABAAAANwkJuWIRFOzg5uCpDRpMj4OX-QryoDgn-yYlXQnRwQQ&with_sec_did=1&video_share_track_ver=&titleType=title&share_sign=2iES5.O3OSkV6VRoomv8dhVqM7uLRh4K_e3X3mTSaI4-&share_version=0&ts=1787996665&from_aid=6383&from_ssr=1&share_track_info=%7B%22link_description_type%22%3A%22%22%7D,7865,954,582
7658306474430808569,特别注意下7月7日#央行持续增持黄金 #七王爷,2026-07-03 22:20:26 CST,https://www.iesdouyin.com/share/video/7658306474430808569/?region=US&mid=7658306469149870883&u_code=0&did=MS4wLjABAAAAgDQbitRTDSdo2ngCCE692lcnhDuxa7oy99O-8xe4VJhJ8VH0yDt0vXiGp2vl892b&iid=MS4wLjABAAAANwkJuWIRFOzg5uCpDRpMj4OX-QryoDgn-yYlXQnRwQQ&with_sec_did=1&video_share_track_ver=&titleType=title&share_sign=kebNoJUSs34gKX3KT6QXE2PY1lEKwMpzwZE5cT1w0tI-&share_version=0&ts=1787996665&from_aid=6383&from_ssr=1&share_track_info=%7B%22link_description_type%22%3A%22%22%7D,6155,2321,399
7657946290034786809,财不入急门#七王爷,2026-07-02 23:02:44 CST,https://www.iesdouyin.com/share/video/7657946290034786809/?region=US&mid=7657946178566359842&u_code=0&did=MS4wLjABAAAAgDQbitRTDSdo2ngCCE692lcnhDuxa7oy99O-8xe4VJhJ8VH0yDt0vXiGp2vl892b&iid=MS4wLjABAAAANwkJuWIRFOzg5uCpDRpMj4OX-QryoDgn-yYlXQnRwQQ&with_sec_did=1&video_share_track_ver=&titleType=title&share_sign=HTgizPeht8yrssddtgwFraYuArWMYplhd1cdjdNE8MI-&share_version=0&ts=1787996665&from_aid=6383&from_ssr=1&share_track_info=%7B%22link_description_type%22%3A%22%22%7D,9639,1508,92
7657937647096330213,心急吃不到热豆腐#大非农 #七王爷,2026-07-02 22:29:12 CST,https://www.iesdouyin.com/share/video/7657937647096330213/?region=US&mid=7657937597117614882&u_code=0&did=MS4wLjABAAAAgDQbitRTDSdo2ngCCE692lcnhDuxa7oy99O-8xe4VJhJ8VH0yDt0vXiGp2vl892b&iid=MS4wLjABAAAANwkJuWIRFOzg5uCpDRpMj4OX-QryoDgn-yYlXQnRwQQ&with_sec_did=1&video_share_track_ver=&titleType=title&share_sign=azlN0uwuCTQ2n6l6bK9qb7GpgXWPdlsxMNVViizLR0E-&share_version=0&ts=1787996665&from_aid=6383&from_ssr=1&share_track_info=%7B%22link_description_type%22%3A%22%22%7D,6227,928,346
7657910507307156593,拉高出货，回落插针再进#七王爷,2026-07-02 20:43:52 CST,https://www.iesdouyin.com/share/video/7657910507307156593/?region=US&mid=7657910413299862306&u_code=0&did=MS4wLjABAAAAgDQbitRTDSdo2ngCCE692lcnhDuxa7oy99O-8xe4VJhJ8VH0yDt0vXiGp2vl892b&iid=MS4wLjABAAAANwkJuWIRFOzg5uCpDRpMj4OX-QryoDgn-yYlXQnRwQQ&with_sec_did=1&video_share_track_ver=&titleType=title&share_sign=.1Fsqdp5lnqdD_09XJTh5NOjmYyNxT1cyV5r8wwentE-&share_version=0&ts=1787996665&from_aid=6383&from_ssr=1&share_track_info=%7B%22link_description_type%22%3A%22%22%7D,3750,750,239
7657908082823660965,利多，拉涨！不追！#七王爷,2026-07-02 20:34:28 CST,https://www.iesdouyin.com/share/video/7657908082823660965/?region=US&mid=7601073683024825130&u_code=0&did=MS4wLjABAAAAgDQbitRTDSdo2ngCCE692lcnhDuxa7oy99O-8xe4VJhJ8VH0yDt0vXiGp2vl892b&iid=MS4wLjABAAAANwkJuWIRFOzg5uCpDRpMj4OX-QryoDgn-yYlXQnRwQQ&with_sec_did=1&video_share_track_ver=&titleType=title&schema_type=37&share_sign=oha5p8oduBsndDofdPem868nz.4pscu3WOavvM..G.s-&share_version=0&ts=1787996665&from_aid=6383&from_ssr=1&share_track_info=%7B%22link_description_type%22%3A%22%22%7D,1579,454,125
7657815901664983675,我很怕你们被这样的行情又把子弹骗光了，而真正有底部的时候你们又没子弹了，所以答应我别冲动好吗？#大非农 #七王爷,2026-07-02 14:36:46 CST,https://www.iesdouyin.com/share/video/7657815901664983675/?region=US&mid=7657815907359673098&u_code=0&did=MS4wLjABAAAAgDQbitRTDSdo2ngCCE692lcnhDuxa7oy99O-8xe4VJhJ8VH0yDt0vXiGp2vl892b&iid=MS4wLjABAAAANwkJuWIRFOzg5uCpDRpMj4OX-QryoDgn-yYlXQnRwQQ&with_sec_did=1&video_share_track_ver=&titleType=title&share_sign=6DwGuBtVNFAuUxkVbu0ONBYmWR6kcHnASL6eBrMGAPY-&share_version=0&ts=1787996665&from_aid=6383&from_ssr=1&share_track_info=%7B%22link_description_type%22%3A%22%22%7D,6670,788,437
7657567787560766117,完美击中，看见大家最近赚了很开心，被挂了的不要灰心，风雨过后就是彩虹#七王爷 #美联储议息会议,2026-07-01 22:33:57 CST,https://www.iesdouyin.com/share/video/7657567787560766117/?region=US&mid=7657567762033822474&u_code=0&did=MS4wLjABAAAAgDQbitRTDSdo2ngCCE692lcnhDuxa7oy99O-8xe4VJhJ8VH0yDt0vXiGp2vl892b&iid=MS4wLjABAAAANwkJuWIRFOzg5uCpDRpMj4OX-QryoDgn-yYlXQnRwQQ&with_sec_did=1&video_share_track_ver=&titleType=title&share_sign=YWVdvFn3O9QZdWv91_COzL7t9ZvsjdOIRuDtgZp3zPk-&share_version=0&ts=1787996665&from_aid=6383&from_ssr=1&share_track_info=%7B%22link_description_type%22%3A%22%22%7D,8204,1172,825
7657555224471535345,空头爆了。#七王爷,2026-07-01 21:45:12 CST,https://www.iesdouyin.com/share/video/7657555224471535345/?region=US&mid=7632472874397354790&u_code=0&did=MS4wLjABAAAAgDQbitRTDSdo2ngCCE692lcnhDuxa7oy99O-8xe4VJhJ8VH0yDt0vXiGp2vl892b&iid=MS4wLjABAAAANwkJuWIRFOzg5uCpDRpMj4OX-QryoDgn-yYlXQnRwQQ&with_sec_did=1&video_share_track_ver=&titleType=title&schema_type=37&share_sign=iCt5_VezB7EUpSC0EaKKgLMXeVGMTFbBMJXRcvZ3lj8-&share_version=0&ts=1787996668&from_aid=6383&from_ssr=1&share_track_info=%7B%22link_description_type%22%3A%22%22%7D,1714,722,117
7657526770090993018,今明两晚数据要出现阶段性波动了，大家颜控仓位#七王爷 #沃十发言,2026-07-01 19:54:47 CST,https://www.iesdouyin.com/share/video/7657526770090993018/?region=US&mid=7657526771981486854&u_code=0&did=MS4wLjABAAAAgDQbitRTDSdo2ngCCE692lcnhDuxa7oy99O-8xe4VJhJ8VH0yDt0vXiGp2vl892b&iid=MS4wLjABAAAANwkJuWIRFOzg5uCpDRpMj4OX-QryoDgn-yYlXQnRwQQ&with_sec_did=1&video_share_track_ver=&titleType=title&share_sign=h921PNL1FI8KAHUfJkqKQLLtU2E9NkfmDtEozMTnhFQ-&share_version=0&ts=1787996668&from_aid=6383&from_ssr=1&share_track_info=%7B%22link_description_type%22%3A%22%22%7D,5509,833,505
7657192350431702714,冲高好要回落的#七王爷,2026-06-30 22:17:04 CST,https://www.iesdouyin.com/share/video/7657192350431702714/?region=US&mid=7657192331530996530&u_code=0&did=MS4wLjABAAAAgDQbitRTDSdo2ngCCE692lcnhDuxa7oy99O-8xe4VJhJ8VH0yDt0vXiGp2vl892b&iid=MS4wLjABAAAANwkJuWIRFOzg5uCpDRpMj4OX-QryoDgn-yYlXQnRwQQ&with_sec_did=1&video_share_track_ver=&titleType=title&share_sign=AJlVU1ZbiRDWXclena6oBO6YD7n1Sq2aztHZU4z1_QM-&share_version=0&ts=1787996668&from_aid=6383&from_ssr=1&share_track_info=%7B%22link_description_type%22%3A%22%22%7D,3596,410,154
7657079354568782833,回复 @e直笑的评论 你有你的立场，我有我要保护的粉丝#七王爷,2026-06-30 14:58:35 CST,https://www.iesdouyin.com/share/video/7657079354568782833/?region=US&mid=7657079299494316810&u_code=0&did=MS4wLjABAAAAgDQbitRTDSdo2ngCCE692lcnhDuxa7oy99O-8xe4VJhJ8VH0yDt0vXiGp2vl892b&iid=MS4wLjABAAAANwkJuWIRFOzg5uCpDRpMj4OX-QryoDgn-yYlXQnRwQQ&with_sec_did=1&video_share_track_ver=&titleType=title&share_sign=yvKfT9.EZlvlHNMMWCtJVtAaw_iRJnS6JSmrQHO.2.o-&share_version=0&ts=1787996668&from_aid=6383&from_ssr=1&share_track_info=%7B%22link_description_type%22%3A%22%22%7D,2598,564,42
7657051450636543673,次次命中要害，我周日视频也通知了，不要说只告诉社群的伙伴了哟，但是记得严格分批！#黄金价格波动 #七王爷,2026-06-30 13:10:18 CST,https://www.iesdouyin.com/share/video/7657051450636543673/?region=US&mid=7610000056141351689&u_code=0&did=MS4wLjABAAAAgDQbitRTDSdo2ngCCE692lcnhDuxa7oy99O-8xe4VJhJ8VH0yDt0vXiGp2vl892b&iid=MS4wLjABAAAANwkJuWIRFOzg5uCpDRpMj4OX-QryoDgn-yYlXQnRwQQ&with_sec_did=1&video_share_track_ver=&titleType=title&schema_type=37&share_sign=WHsvCXxcq7PxkBl2lu_EJpY6tZ1u_U1oP.lQjeIGolM-&share_version=0&ts=1787996668&from_aid=6383&from_ssr=1&share_track_info=%7B%22link_description_type%22%3A%22%22%7D,1678,269,118
7656446989988059365,科普类，你看我视频要么赚到要么学到#大非农 #七王爷,2026-06-28 22:04:41 CST,https://www.iesdouyin.com/share/video/7656446989988059365/?region=US&mid=7656446937702337330&u_code=0&did=MS4wLjABAAAAgDQbitRTDSdo2ngCCE692lcnhDuxa7oy99O-8xe4VJhJ8VH0yDt0vXiGp2vl892b&iid=MS4wLjABAAAANwkJuWIRFOzg5uCpDRpMj4OX-QryoDgn-yYlXQnRwQQ&with_sec_did=1&video_share_track_ver=&titleType=title&share_sign=amV7Fwy0hlFmwrsgnJewJtbY.c9tdSxtkVZbYuUb8MY-&share_version=0&ts=1787996668&from_aid=6383&from_ssr=1&share_track_info=%7B%22link_description_type%22%3A%22%22%7D,4717,415,273
7656440961404419313,下周周三、周四金价会有波动#大非农 #七王爷,2026-06-28 21:41:18 CST,https://www.iesdouyin.com/share/video/7656440961404419313/?region=US&mid=7656440979374525190&u_code=0&did=MS4wLjABAAAAgDQbitRTDSdo2ngCCE692lcnhDuxa7oy99O-8xe4VJhJ8VH0yDt0vXiGp2vl892b&iid=MS4wLjABAAAANwkJuWIRFOzg5uCpDRpMj4OX-QryoDgn-yYlXQnRwQQ&with_sec_did=1&video_share_track_ver=&titleType=title&share_sign=10uPDxbJJz2DGaM2QJ9bJKcgHZ1EVfMzUKJ2OOhmllQ-&share_version=0&ts=1787996668&from_aid=6383&from_ssr=1&share_track_info=%7B%22link_description_type%22%3A%22%22%7D,6870,586,613
7655770120795242169,请配文案_______？#七王爷,2026-06-27 02:18:07 CST,https://www.iesdouyin.com/share/video/7655770120795242169/?region=US&mid=7655769811040865062&u_code=0&did=MS4wLjABAAAAgDQbitRTDSdo2ngCCE692lcnhDuxa7oy99O-8xe4VJhJ8VH0yDt0vXiGp2vl892b&iid=MS4wLjABAAAANwkJuWIRFOzg5uCpDRpMj4OX-QryoDgn-yYlXQnRwQQ&with_sec_did=1&video_share_track_ver=&titleType=title&share_sign=FD7OG8piZiEVK..AsuncZMJ3OpbdVWHSRkE_k91tY0g-&share_version=0&ts=1787996668&from_aid=6383&from_ssr=1&share_track_info=%7B%22link_description_type%22%3A%22%22%7D,2766,318,18
7655719202473710843,不打马后炮，喜欢马前炮！ 还有一个12分钟视频在审核，复盘视频#七王爷,2026-06-26 23:00:30 CST,https://www.iesdouyin.com/share/video/7655719202473710843/?region=US&mid=0&u_code=0&did=MS4wLjABAAAAgDQbitRTDSdo2ngCCE692lcnhDuxa7oy99O-8xe4VJhJ8VH0yDt0vXiGp2vl892b&iid=MS4wLjABAAAANwkJuWIRFOzg5uCpDRpMj4OX-QryoDgn-yYlXQnRwQQ&with_sec_did=1&video_share_track_ver=&titleType=title&schema_type=37&share_sign=rum0AsUBsGPjFhhyXUQHXtBRy3h_KVPksUe_HBsEfAI-&share_version=0&ts=1787996668&from_aid=6383&from_ssr=1&share_track_info=%7B%22link_description_type%22%3A%22%22%7D,1378,345,43
7655714690022395557,凡乱我道心者 S#七王爷,2026-06-26 22:42:59 CST,https://www.iesdouyin.com/share/video/7655714690022395557/?region=US&mid=7655714771714870026&u_code=0&did=MS4wLjABAAAAgDQbitRTDSdo2ngCCE692lcnhDuxa7oy99O-8xe4VJhJ8VH0yDt0vXiGp2vl892b&iid=MS4wLjABAAAANwkJuWIRFOzg5uCpDRpMj4OX-QryoDgn-yYlXQnRwQQ&with_sec_did=1&video_share_track_ver=&titleType=title&share_sign=sl1LBTsFMJBuGiK2Yti3rpp_l7Dsv0DRhvHiuKoLVvU-&share_version=0&ts=1787996668&from_aid=6383&from_ssr=1&share_track_info=%7B%22link_description_type%22%3A%22%22%7D,4867,605,333
7655616263930619323,平C针对做了杠杆的，积存跟这个毫无关系#资金管控 #七王爷,2026-06-26 16:21:02 CST,https://www.iesdouyin.com/share/video/7655616263930619323/?region=US&mid=7655616191133748003&u_code=0&did=MS4wLjABAAAAgDQbitRTDSdo2ngCCE692lcnhDuxa7oy99O-8xe4VJhJ8VH0yDt0vXiGp2vl892b&iid=MS4wLjABAAAANwkJuWIRFOzg5uCpDRpMj4OX-QryoDgn-yYlXQnRwQQ&with_sec_did=1&video_share_track_ver=&titleType=title&share_sign=bi64a5s4HVNsFRysHtVOd8wCTde075X1NWwMBNTHrww-&share_version=0&ts=1787996668&from_aid=6383&from_ssr=1&share_track_info=%7B%22link_description_type%22%3A%22%22%7D,3017,541,935
7655313868089135089,数据出来，影响较小，会有小反弹，但是一切都是钓鱼的#七王爷,2026-06-25 20:47:36 CST,https://www.iesdouyin.com/share/video/7655313868089135089/?region=US&mid=7655313816594418468&u_code=0&did=MS4wLjABAAAAgDQbitRTDSdo2ngCCE692lcnhDuxa7oy99O-8xe4VJhJ8VH0yDt0vXiGp2vl892b&iid=MS4wLjABAAAANwkJuWIRFOzg5uCpDRpMj4OX-QryoDgn-yYlXQnRwQQ&with_sec_did=1&video_share_track_ver=&titleType=title&share_sign=eIuaU9ezXIQ_VahMu8HeZjYUJ8z1wxryWhgOFglMrmc-&share_version=0&ts=1787996668&from_aid=6383&from_ssr=1&share_track_info=%7B%22link_description_type%22%3A%22%22%7D,5966,865,717
7655305570723948155,说实话，我讲的内容清晰明了不？而且不打马后炮！周一我就开始发布了#七王爷 #黄金分析 #黄金的走向,2026-06-25 20:15:24 CST,https://www.iesdouyin.com/share/video/7655305570723948155/?region=US&mid=7655305594290670387&u_code=0&did=MS4wLjABAAAAgDQbitRTDSdo2ngCCE692lcnhDuxa7oy99O-8xe4VJhJ8VH0yDt0vXiGp2vl892b&iid=MS4wLjABAAAANwkJuWIRFOzg5uCpDRpMj4OX-QryoDgn-yYlXQnRwQQ&with_sec_did=1&video_share_track_ver=&titleType=title&share_sign=ngSLgfac4D5ERL8crBCo7AdentExC4lRA9WFfMTS8dU-&share_version=0&ts=1787996668&from_aid=6383&from_ssr=1&share_track_info=%7B%22link_description_type%22%3A%22%22%7D,4585,498,698
7654980401140589046,@七王爷 潜龙勿用 #七王爷,2026-06-24 23:13:35 CST,https://www.iesdouyin.com/share/video/7654980401140589046/?region=US&mid=7654980375595420435&u_code=0&did=MS4wLjABAAAAgDQbitRTDSdo2ngCCE692lcnhDuxa7oy99O-8xe4VJhJ8VH0yDt0vXiGp2vl892b&iid=MS4wLjABAAAANwkJuWIRFOzg5uCpDRpMj4OX-QryoDgn-yYlXQnRwQQ&with_sec_did=1&video_share_track_ver=&titleType=title&share_sign=JkzSCrybvHDajUV52YnGaQxyDr2_2uNp593vgM5tzaQ-&share_version=0&ts=1787996668&from_aid=6383&from_ssr=1&share_track_info=%7B%22link_description_type%22%3A%22%22%7D,4309,839,494
7654963941160397989,给我挺住#七王爷,2026-06-24 22:09:42 CST,https://www.iesdouyin.com/share/video/7654963941160397989/?region=US&mid=7654963947908483878&u_code=0&did=MS4wLjABAAAAgDQbitRTDSdo2ngCCE692lcnhDuxa7oy99O-8xe4VJhJ8VH0yDt0vXiGp2vl892b&iid=MS4wLjABAAAANwkJuWIRFOzg5uCpDRpMj4OX-QryoDgn-yYlXQnRwQQ&with_sec_did=1&video_share_track_ver=&titleType=title&share_sign=VQYYFtM1S_zQgNX1G65VqvzB6svVi4fqYkZcv4xfNyg-&share_version=0&ts=1787996668&from_aid=6383&from_ssr=1&share_track_info=%7B%22link_description_type%22%3A%22%22%7D,5348,1706,510
7654846393312133233,如果那一天这里找不到我，请再快乐老家找我#七王爷,2026-06-24 14:33:33 CST,https://www.iesdouyin.com/share/video/7654846393312133233/?region=US&mid=7654846357660158730&u_code=0&did=MS4wLjABAAAAgDQbitRTDSdo2ngCCE692lcnhDuxa7oy99O-8xe4VJhJ8VH0yDt0vXiGp2vl892b&iid=MS4wLjABAAAANwkJuWIRFOzg5uCpDRpMj4OX-QryoDgn-yYlXQnRwQQ&with_sec_did=1&video_share_track_ver=&titleType=title&share_sign=NoUC.7gWpXwsXP.hVT_ucykRTzSCzlGCkUiULDZo8n0-&share_version=0&ts=1787996668&from_aid=6383&from_ssr=1&share_track_info=%7B%22link_description_type%22%3A%22%22%7D,3466,468,30
7654839229692104613,最近每天起来天都塌了#黄金会不会继续下跌 #黄金爆涨暴跌 #七王爷,2026-06-24 14:05:45 CST,https://www.iesdouyin.com/share/video/7654839229692104613/?region=US&mid=7654839261602106153&u_code=0&did=MS4wLjABAAAAgDQbitRTDSdo2ngCCE692lcnhDuxa7oy99O-8xe4VJhJ8VH0yDt0vXiGp2vl892b&iid=MS4wLjABAAAANwkJuWIRFOzg5uCpDRpMj4OX-QryoDgn-yYlXQnRwQQ&with_sec_did=1&video_share_track_ver=&titleType=title&share_sign=u1pseojAxjsuwfxqA8d2kSL_XB4VVB5h_38f1gjIZuU-&share_version=0&ts=1787996668&from_aid=6383&from_ssr=1&share_track_info=%7B%22link_description_type%22%3A%22%22%7D,4210,1317,317
7654577619569347818,#七王爷 @七王爷 潜龙勿用,2026-06-23 21:10:34 CST,https://www.iesdouyin.com/share/video/7654577619569347818/?region=US&mid=7654577599382391593&u_code=0&did=MS4wLjABAAAAgDQbitRTDSdo2ngCCE692lcnhDuxa7oy99O-8xe4VJhJ8VH0yDt0vXiGp2vl892b&iid=MS4wLjABAAAANwkJuWIRFOzg5uCpDRpMj4OX-QryoDgn-yYlXQnRwQQ&with_sec_did=1&video_share_track_ver=&titleType=title&share_sign=a66stqDTPJCqoS6WSL9ZNTiGfCh6KWjuQ.jWuLlHKl0-&share_version=0&ts=1787996668&from_aid=6383&from_ssr=1&share_track_info=%7B%22link_description_type%22%3A%22%22%7D,6119,2990,118
7654523739464061861,大家关心暴击什么时候是个头#黄金分析 #黄金的走向 #七王爷 @七王爷 潜龙勿用,2026-06-23 17:41:30 CST,https://www.iesdouyin.com/share/video/7654523739464061861/?region=US&mid=7654523734158052122&u_code=0&did=MS4wLjABAAAAgDQbitRTDSdo2ngCCE692lcnhDuxa7oy99O-8xe4VJhJ8VH0yDt0vXiGp2vl892b&iid=MS4wLjABAAAANwkJuWIRFOzg5uCpDRpMj4OX-QryoDgn-yYlXQnRwQQ&with_sec_did=1&video_share_track_ver=&titleType=title&share_sign=IXOEuNK7ieZ3dfJAoJJWax0hx0PIDgI8uMMrV8oqVGI-&share_version=0&ts=1787996668&from_aid=6383&from_ssr=1&share_track_info=%7B%22link_description_type%22%3A%22%22%7D,3960,730,217
7654480904970267633,暴力洗盘，沉住气#黄金大跌价 #七王爷,2026-06-23 14:55:17 CST,https://www.iesdouyin.com/share/video/7654480904970267633/?region=US&mid=7654480810141125395&u_code=0&did=MS4wLjABAAAAgDQbitRTDSdo2ngCCE692lcnhDuxa7oy99O-8xe4VJhJ8VH0yDt0vXiGp2vl892b&iid=MS4wLjABAAAANwkJuWIRFOzg5uCpDRpMj4OX-QryoDgn-yYlXQnRwQQ&with_sec_did=1&video_share_track_ver=&titleType=title&share_sign=0TWxa5l33klRPXGNpSkaLpQw3bT5oTSzPgEWw3az.tg-&share_version=0&ts=1787996668&from_aid=6383&from_ssr=1&share_track_info=%7B%22link_description_type%22%3A%22%22%7D,4518,960,366
7654196179760983909,判断行情不难，难的是人心#女孩子理财 #七王爷 @七王爷 潜龙勿用,2026-06-22 20:30:24 CST,https://www.iesdouyin.com/share/video/7654196179760983909/?region=US&mid=7654196132935289636&u_code=0&did=MS4wLjABAAAAgDQbitRTDSdo2ngCCE692lcnhDuxa7oy99O-8xe4VJhJ8VH0yDt0vXiGp2vl892b&iid=MS4wLjABAAAANwkJuWIRFOzg5uCpDRpMj4OX-QryoDgn-yYlXQnRwQQ&with_sec_did=1&video_share_track_ver=&titleType=title&share_sign=sEkymYjjVzGMaV94caHbEvi0MuEhwQN_y2BZ13GCsJI-&share_version=0&ts=1787996668&from_aid=6383&from_ssr=1&share_track_info=%7B%22link_description_type%22%3A%22%22%7D,3699,556,202
7654189302511865530,6-7月都是一个磨底的过程。会比较痛苦#周一黄金行情 #七王爷 @七王爷 潜龙勿用,2026-06-22 20:03:42 CST,https://www.iesdouyin.com/share/video/7654189302511865530/?region=US&mid=7654189169591126818&u_code=0&did=MS4wLjABAAAAgDQbitRTDSdo2ngCCE692lcnhDuxa7oy99O-8xe4VJhJ8VH0yDt0vXiGp2vl892b&iid=MS4wLjABAAAANwkJuWIRFOzg5uCpDRpMj4OX-QryoDgn-yYlXQnRwQQ&with_sec_did=1&video_share_track_ver=&titleType=title&share_sign=iztPljXqmu0ljNPsdiXX_biL8uj3YNCoXnIMfCmbZLI-&share_version=0&ts=1787996668&from_aid=6383&from_ssr=1&share_track_info=%7B%22link_description_type%22%3A%22%22%7D,2508,213,83
7653830563782668017,热心的小伙伴，帮我更正下第一条视频数据！感谢#七王爷,2026-06-21 20:51:37 CST,https://www.iesdouyin.com/share/video/7653830563782668017/?region=US&mid=7653830450999102242&u_code=0&did=MS4wLjABAAAAgDQbitRTDSdo2ngCCE692lcnhDuxa7oy99O-8xe4VJhJ8VH0yDt0vXiGp2vl892b&iid=MS4wLjABAAAANwkJuWIRFOzg5uCpDRpMj4OX-QryoDgn-yYlXQnRwQQ&with_sec_did=1&video_share_track_ver=&titleType=title&share_sign=CSv6Gp0mQZkWRrYZ4Lwkje5qZTIgWVHlxslYY0_iWsc-&share_version=0&ts=1787996668&from_aid=6383&from_ssr=1&share_track_info=%7B%22link_description_type%22%3A%22%22%7D,3304,349,139
7653826996912575461,我没有任何时候比现在更加坚定看好大黄#七王爷,2026-06-21 20:37:46 CST,https://www.iesdouyin.com/share/video/7653826996912575461/?region=US&mid=7653826935314746147&u_code=0&did=MS4wLjABAAAAgDQbitRTDSdo2ngCCE692lcnhDuxa7oy99O-8xe4VJhJ8VH0yDt0vXiGp2vl892b&iid=MS4wLjABAAAANwkJuWIRFOzg5uCpDRpMj4OX-QryoDgn-yYlXQnRwQQ&with_sec_did=1&video_share_track_ver=&titleType=title&share_sign=aey3TJgWbq9B2TMrT9_y.A9T6pNuWNfCts3WEbaW3YQ-&share_version=0&ts=1787996668&from_aid=6383&from_ssr=1&share_track_info=%7B%22link_description_type%22%3A%22%22%7D,4823,592,337
7653819120672780785,下整周数据都会比较低迷，大家最好一定心理准备！不要在低迷时连做错决定#七王爷 #美联储缩表,2026-06-21 20:07:12 CST,https://www.iesdouyin.com/share/video/7653819120672780785/?region=US&mid=7653819119707540258&u_code=0&did=MS4wLjABAAAAgDQbitRTDSdo2ngCCE692lcnhDuxa7oy99O-8xe4VJhJ8VH0yDt0vXiGp2vl892b&iid=MS4wLjABAAAANwkJuWIRFOzg5uCpDRpMj4OX-QryoDgn-yYlXQnRwQQ&with_sec_did=1&video_share_track_ver=&titleType=title&share_sign=PM4X7aL8u8Q5K9bcPOwNgBYNMYO6L4NrkbrRNXNxEEA-&share_version=0&ts=1787996668&from_aid=6383&from_ssr=1&share_track_info=%7B%22link_description_type%22%3A%22%22%7D,6750,544,660
7652725746724888249,追着大家喂饭系列，干货第二集！新粉必看系列#黄金超级周期 #七王爷 @七王爷 潜龙勿用,2026-06-18 21:24:21 CST,https://www.iesdouyin.com/share/video/7652725746724888249/?region=US&mid=7652725866363292467&u_code=0&did=MS4wLjABAAAAgDQbitRTDSdo2ngCCE692lcnhDuxa7oy99O-8xe4VJhJ8VH0yDt0vXiGp2vl892b&iid=MS4wLjABAAAANwkJuWIRFOzg5uCpDRpMj4OX-QryoDgn-yYlXQnRwQQ&with_sec_did=1&video_share_track_ver=&titleType=title&share_sign=aB9sDkP3tR6AzKHUsZ8BShbdy9WeorwhKAT_PWocdsg-&share_version=0&ts=1787996668&from_aid=6383&from_ssr=1&share_track_info=%7B%22link_description_type%22%3A%22%22%7D,5437,782,217
7652459659656636529,精准数据见上条视频！答应大家的会做到事事有交代#美联储缩表 #美联储宣布加息25个基点 #七王爷 @七王爷 潜龙勿用,2026-06-18 04:11:54 CST,https://www.iesdouyin.com/share/video/7652459659656636529/?region=US&mid=7652459631427488566&u_code=0&did=MS4wLjABAAAAgDQbitRTDSdo2ngCCE692lcnhDuxa7oy99O-8xe4VJhJ8VH0yDt0vXiGp2vl892b&iid=MS4wLjABAAAANwkJuWIRFOzg5uCpDRpMj4OX-QryoDgn-yYlXQnRwQQ&with_sec_did=1&video_share_track_ver=&titleType=title&share_sign=JVGJfLlFVkuIC2_N4dfq5lDb7zlHdQmdT06oYgfQ4Qc-&share_version=0&ts=1787996668&from_aid=6383&from_ssr=1&share_track_info=%7B%22link_description_type%22%3A%22%22%7D,8832,1023,720
7652442934792482789,沃十还没发完言，不要急！我等下还要拍汇总视频，还有下一跳，他还在叽里呱啦说一堆不重要的话#美联储决议 #今晚美股走势最新消息 #七王爷,2026-06-18 03:06:55 CST,https://www.iesdouyin.com/share/video/7652442934792482789/?region=US&mid=7652442759433554730&u_code=0&did=MS4wLjABAAAAgDQbitRTDSdo2ngCCE692lcnhDuxa7oy99O-8xe4VJhJ8VH0yDt0vXiGp2vl892b&iid=MS4wLjABAAAANwkJuWIRFOzg5uCpDRpMj4OX-QryoDgn-yYlXQnRwQQ&with_sec_did=1&video_share_track_ver=&titleType=title&share_sign=aQwDwYkB92yZlIe8HgioOG7YLkVWGVosPSGQPisyf_s-&share_version=0&ts=1787996668&from_aid=6383&from_ssr=1&share_track_info=%7B%22link_description_type%22%3A%22%22%7D,4072,523,199
7652330362706734513,回复 @知雨有所悟的评论 每一个姐妹的评论我都很在乎！所以都会认真回复！认真回复你了哟 然后给自己端午安排的礼物#七王爷,2026-06-17 19:50:04 CST,https://www.iesdouyin.com/share/video/7652330362706734513/?region=US&mid=7652330357710261028&u_code=0&did=MS4wLjABAAAAgDQbitRTDSdo2ngCCE692lcnhDuxa7oy99O-8xe4VJhJ8VH0yDt0vXiGp2vl892b&iid=MS4wLjABAAAANwkJuWIRFOzg5uCpDRpMj4OX-QryoDgn-yYlXQnRwQQ&with_sec_did=1&video_share_track_ver=&titleType=title&share_sign=NjTWimMs1AtX3Jp4NDVpCaz.awPDyVTZAGcTXZSVj8c-&share_version=0&ts=1787996668&from_aid=6383&from_ssr=1&share_track_info=%7B%22link_description_type%22%3A%22%22%7D,2314,377,53
7652298530128031675,做到事事有交代#七王爷,2026-06-17 17:46:33 CST,https://www.iesdouyin.com/share/video/7652298530128031675/?region=US&mid=7652298541989251894&u_code=0&did=MS4wLjABAAAAgDQbitRTDSdo2ngCCE692lcnhDuxa7oy99O-8xe4VJhJ8VH0yDt0vXiGp2vl892b&iid=MS4wLjABAAAANwkJuWIRFOzg5uCpDRpMj4OX-QryoDgn-yYlXQnRwQQ&with_sec_did=1&video_share_track_ver=&titleType=title&share_sign=VgFW9JMNKo8gMpDbikhuWK5Vgy9_U81CFry.5MevJMY-&share_version=0&ts=1787996668&from_aid=6383&from_ssr=1&share_track_info=%7B%22link_description_type%22%3A%22%22%7D,3465,412,154
7651899824325302769,拉高记得出货，而不是加#七王爷#美联储决议,2026-06-16 15:59:22 CST,https://www.iesdouyin.com/share/video/7651899824325302769/?region=US&mid=7651899812635298579&u_code=0&did=MS4wLjABAAAAgDQbitRTDSdo2ngCCE692lcnhDuxa7oy99O-8xe4VJhJ8VH0yDt0vXiGp2vl892b&iid=MS4wLjABAAAANwkJuWIRFOzg5uCpDRpMj4OX-QryoDgn-yYlXQnRwQQ&with_sec_did=1&video_share_track_ver=&titleType=title&share_sign=KOBvbnYm1M9.h2m_PHZ0dCOVTs6f8TroPaStj824bHk-&share_version=0&ts=1787996670&from_aid=6383&from_ssr=1&share_track_info=%7B%22link_description_type%22%3A%22%22%7D,5447,942,465
7651602926381905147,当下行情走向#MOU #七王爷,2026-06-15 20:47:15 CST,https://www.iesdouyin.com/share/video/7651602926381905147/?region=US&mid=7651603026062723883&u_code=0&did=MS4wLjABAAAAgDQbitRTDSdo2ngCCE692lcnhDuxa7oy99O-8xe4VJhJ8VH0yDt0vXiGp2vl892b&iid=MS4wLjABAAAANwkJuWIRFOzg5uCpDRpMj4OX-QryoDgn-yYlXQnRwQQ&with_sec_did=1&video_share_track_ver=&titleType=title&share_sign=TOMvsz_OjBGynI8HVeMQxY8HVIHH0gExuHfCPS0P.Ls-&share_version=0&ts=1787996670&from_aid=6383&from_ssr=1&share_track_info=%7B%22link_description_type%22%3A%22%22%7D,5042,830,285
7651556312825160890,6/15 久违见红#七王爷,2026-06-15 17:46:21 CST,https://www.iesdouyin.com/share/video/7651556312825160890/?region=US&mid=7651556390179343155&u_code=0&did=MS4wLjABAAAAgDQbitRTDSdo2ngCCE692lcnhDuxa7oy99O-8xe4VJhJ8VH0yDt0vXiGp2vl892b&iid=MS4wLjABAAAANwkJuWIRFOzg5uCpDRpMj4OX-QryoDgn-yYlXQnRwQQ&with_sec_did=1&video_share_track_ver=&titleType=title&share_sign=qXuUvTWo5eFvdp0tfcbf6eCzfgBU8Gl3bBILNQbQjS0-&share_version=0&ts=1787996670&from_aid=6383&from_ssr=1&share_track_info=%7B%22link_description_type%22%3A%22%22%7D,6084,1182,588
7651379223680296571,今天是久违的一天，勿贪#七王爷 #美伊协议,2026-06-15 06:19:10 CST,https://www.iesdouyin.com/share/video/7651379223680296571/?region=US&mid=7628758181887494953&u_code=0&did=MS4wLjABAAAAgDQbitRTDSdo2ngCCE692lcnhDuxa7oy99O-8xe4VJhJ8VH0yDt0vXiGp2vl892b&iid=MS4wLjABAAAANwkJuWIRFOzg5uCpDRpMj4OX-QryoDgn-yYlXQnRwQQ&with_sec_did=1&video_share_track_ver=&titleType=title&schema_type=37&share_sign=3bh1ZRCQS7LR8poTtb7JQTRgGXNTIqjbzGnOKgjFJIE-&share_version=0&ts=1787996670&from_aid=6383&from_ssr=1&share_track_info=%7B%22link_description_type%22%3A%22%22%7D,1965,747,182
7651262981754015482,正确面对市场，保持好的心态#七王爷  6/14,2026-06-14 22:48:05 CST,https://www.iesdouyin.com/share/video/7651262981754015482/?region=US&mid=7651262961306209064&u_code=0&did=MS4wLjABAAAAgDQbitRTDSdo2ngCCE692lcnhDuxa7oy99O-8xe4VJhJ8VH0yDt0vXiGp2vl892b&iid=MS4wLjABAAAANwkJuWIRFOzg5uCpDRpMj4OX-QryoDgn-yYlXQnRwQQ&with_sec_did=1&video_share_track_ver=&titleType=title&share_sign=P6R86MWY.4ZzGPycRSWtXnnb50hT0eUdIr2dB61IVFw-&share_version=0&ts=1787996670&from_aid=6383&from_ssr=1&share_track_info=%7B%22link_description_type%22%3A%22%22%7D,5559,757,504
7651252291656709541,乾坤未定#七王爷#美伊和谈,2026-06-14 22:06:36 CST,https://www.iesdouyin.com/share/video/7651252291656709541/?region=US&mid=7651252326895749939&u_code=0&did=MS4wLjABAAAAgDQbitRTDSdo2ngCCE692lcnhDuxa7oy99O-8xe4VJhJ8VH0yDt0vXiGp2vl892b&iid=MS4wLjABAAAANwkJuWIRFOzg5uCpDRpMj4OX-QryoDgn-yYlXQnRwQQ&with_sec_did=1&video_share_track_ver=&titleType=title&share_sign=mJ3JyJrXkhjvfEjGEK7Bc1zRRoYKPwriENegoylz_yc-&share_version=0&ts=1787996670&from_aid=6383&from_ssr=1&share_track_info=%7B%22link_description_type%22%3A%22%22%7D,7269,849,668
7650533536872770491,喂饭！针对短跑冠军#七王爷,2026-06-12 23:37:28 CST,https://www.iesdouyin.com/share/video/7650533536872770491/?region=US&mid=7650533466672499462&u_code=0&did=MS4wLjABAAAAgDQbitRTDSdo2ngCCE692lcnhDuxa7oy99O-8xe4VJhJ8VH0yDt0vXiGp2vl892b&iid=MS4wLjABAAAANwkJuWIRFOzg5uCpDRpMj4OX-QryoDgn-yYlXQnRwQQ&with_sec_did=1&video_share_track_ver=&titleType=title&share_sign=dMc1vW04GlbQlMOPfttOg.ukg0Q0Y8XKH2GaB7rKH_k-&share_version=0&ts=1787996670&from_aid=6383&from_ssr=1&share_track_info=%7B%22link_description_type%22%3A%22%22%7D,3493,760,188
7650477263326408953,大家帮我出出主意#七王爷,2026-06-12 19:59:06 CST,https://www.iesdouyin.com/share/video/7650477263326408953/?region=US&mid=7650477231806237475&u_code=0&did=MS4wLjABAAAAgDQbitRTDSdo2ngCCE692lcnhDuxa7oy99O-8xe4VJhJ8VH0yDt0vXiGp2vl892b&iid=MS4wLjABAAAANwkJuWIRFOzg5uCpDRpMj4OX-QryoDgn-yYlXQnRwQQ&with_sec_did=1&video_share_track_ver=&titleType=title&share_sign=kxX9FHPE4VhVuVEhUyRXRf93Qcm_XauAv9TwzFCjCdg-&share_version=0&ts=1787996670&from_aid=6383&from_ssr=1&share_track_info=%7B%22link_description_type%22%3A%22%22%7D,5887,2761,53
7650450056227680241,喂饭系列（今天吃的锅巴）#七王爷,2026-06-12 18:13:31 CST,https://www.iesdouyin.com/share/video/7650450056227680241/?region=US&mid=7650450182638799622&u_code=0&did=MS4wLjABAAAAgDQbitRTDSdo2ngCCE692lcnhDuxa7oy99O-8xe4VJhJ8VH0yDt0vXiGp2vl892b&iid=MS4wLjABAAAANwkJuWIRFOzg5uCpDRpMj4OX-QryoDgn-yYlXQnRwQQ&with_sec_did=1&video_share_track_ver=&titleType=title&share_sign=CWigjrJb5fcNanpij3AJRS7QChcaGx0gWxiEYmdrRKY-&share_version=0&ts=1787996670&from_aid=6383&from_ssr=1&share_track_info=%7B%22link_description_type%22%3A%22%22%7D,9083,1079,653
7650231087419307195,新低跟新高并处！#七王爷,2026-06-12 04:03:50 CST,https://www.iesdouyin.com/share/video/7650231087419307195/?region=US&mid=7650230734669564724&u_code=0&did=MS4wLjABAAAAgDQbitRTDSdo2ngCCE692lcnhDuxa7oy99O-8xe4VJhJ8VH0yDt0vXiGp2vl892b&iid=MS4wLjABAAAANwkJuWIRFOzg5uCpDRpMj4OX-QryoDgn-yYlXQnRwQQ&with_sec_did=1&video_share_track_ver=&titleType=title&share_sign=cWY5W5sb6S0ifCdZCnP99DwR.PGNk5aAU_OAUeeMwCk-&share_version=0&ts=1787996670&from_aid=6383&from_ssr=1&share_track_info=%7B%22link_description_type%22%3A%22%22%7D,5329,1103,761
7650146072585912497,底部没有形成#七王爷,2026-06-11 22:33:54 CST,https://www.iesdouyin.com/share/video/7650146072585912497/?region=US&mid=7650146166016871183&u_code=0&did=MS4wLjABAAAAgDQbitRTDSdo2ngCCE692lcnhDuxa7oy99O-8xe4VJhJ8VH0yDt0vXiGp2vl892b&iid=MS4wLjABAAAANwkJuWIRFOzg5uCpDRpMj4OX-QryoDgn-yYlXQnRwQQ&with_sec_did=1&video_share_track_ver=&titleType=title&share_sign=j.cso0hJmkII0NqE7LihJEDR16DeF_QZphQyPDa06wI-&share_version=0&ts=1787996670&from_aid=6383&from_ssr=1&share_track_info=%7B%22link_description_type%22%3A%22%22%7D,8681,1028,619
7650093090493246907,在我心里，送人玫瑰比自己拥有玫瑰更加让人开心#七王爷,2026-06-11 19:08:18 CST,https://www.iesdouyin.com/share/video/7650093090493246907/?region=US&mid=7650093092439493382&u_code=0&did=MS4wLjABAAAAgDQbitRTDSdo2ngCCE692lcnhDuxa7oy99O-8xe4VJhJ8VH0yDt0vXiGp2vl892b&iid=MS4wLjABAAAANwkJuWIRFOzg5uCpDRpMj4OX-QryoDgn-yYlXQnRwQQ&with_sec_did=1&video_share_track_ver=&titleType=title&share_sign=XpSaqvaHIskbtSghNM3JpYo5645r6oMPA088Ecuc340-&share_version=0&ts=1787996670&from_aid=6383&from_ssr=1&share_track_info=%7B%22link_description_type%22%3A%22%22%7D,7363,962,203
7650050271981585530,我加了实物#七王爷,2026-06-11 16:22:09 CST,https://www.iesdouyin.com/share/video/7650050271981585530/?region=US&mid=7650050239605459738&u_code=0&did=MS4wLjABAAAAgDQbitRTDSdo2ngCCE692lcnhDuxa7oy99O-8xe4VJhJ8VH0yDt0vXiGp2vl892b&iid=MS4wLjABAAAANwkJuWIRFOzg5uCpDRpMj4OX-QryoDgn-yYlXQnRwQQ&with_sec_did=1&video_share_track_ver=&titleType=title&share_sign=y04lhZcja.cS_b.mdwr79qVO7oGrqONQjkTHBbP.TYU-&share_version=0&ts=1787996670&from_aid=6383&from_ssr=1&share_track_info=%7B%22link_description_type%22%3A%22%22%7D,6542,1332,527
7649774185816030833,今年第三次加实物 #七王爷,2026-06-10 22:30:48 CST,https://www.iesdouyin.com/share/video/7649774185816030833/?region=US&mid=7649774165580630820&u_code=0&did=MS4wLjABAAAAgDQbitRTDSdo2ngCCE692lcnhDuxa7oy99O-8xe4VJhJ8VH0yDt0vXiGp2vl892b&iid=MS4wLjABAAAANwkJuWIRFOzg5uCpDRpMj4OX-QryoDgn-yYlXQnRwQQ&with_sec_did=1&video_share_track_ver=&titleType=title&share_sign=aEw4rNvych8Og3KB5aDrQ1Yyp43kaxcsyP.RjiiHt50-&share_version=0&ts=1787996670&from_aid=6383&from_ssr=1&share_track_info=%7B%22link_description_type%22%3A%22%22%7D,4826,1557,288
7649750635966057979,有没有跟我一样，期待8，害怕8#七王爷,2026-06-10 20:59:25 CST,https://www.iesdouyin.com/share/video/7649750635966057979/?region=US&mid=7649750564628319039&u_code=0&did=MS4wLjABAAAAgDQbitRTDSdo2ngCCE692lcnhDuxa7oy99O-8xe4VJhJ8VH0yDt0vXiGp2vl892b&iid=MS4wLjABAAAANwkJuWIRFOzg5uCpDRpMj4OX-QryoDgn-yYlXQnRwQQ&with_sec_did=1&video_share_track_ver=&titleType=title&share_sign=5t6fW9OqvCnjeBeU2obQYdCwUE99sio3Pr3klSQmFGc-&share_version=0&ts=1787996670&from_aid=6383&from_ssr=1&share_track_info=%7B%22link_description_type%22%3A%22%22%7D,5869,1177,586
7649709630701038513,回复 @幸运的评论  有的粉丝真心不配做我粉丝，你加我关注我都觉得多余！#七王爷 还有人有话说没有？,2026-06-10 18:20:18 CST,https://www.iesdouyin.com/share/video/7649709630701038513/?region=US&mid=7649709628162673418&u_code=0&did=MS4wLjABAAAAgDQbitRTDSdo2ngCCE692lcnhDuxa7oy99O-8xe4VJhJ8VH0yDt0vXiGp2vl892b&iid=MS4wLjABAAAANwkJuWIRFOzg5uCpDRpMj4OX-QryoDgn-yYlXQnRwQQ&with_sec_did=1&video_share_track_ver=&titleType=title&share_sign=Qvm49GO51O9BsiIoGPba4XO5oNM9n0nzFSfwQIfKHbE-&share_version=0&ts=1787996670&from_aid=6383&from_ssr=1&share_track_info=%7B%22link_description_type%22%3A%22%22%7D,8572,2082,707
7649699841740979813,不要再恐慌情绪做错决定#七王爷,2026-06-10 17:42:18 CST,https://www.iesdouyin.com/share/video/7649699841740979813/?region=US&mid=7649699839814486835&u_code=0&did=MS4wLjABAAAAgDQbitRTDSdo2ngCCE692lcnhDuxa7oy99O-8xe4VJhJ8VH0yDt0vXiGp2vl892b&iid=MS4wLjABAAAANwkJuWIRFOzg5uCpDRpMj4OX-QryoDgn-yYlXQnRwQQ&with_sec_did=1&video_share_track_ver=&titleType=title&share_sign=EvErjBEIi0jPkMadS6DqY_.TeF7222AO9DMAEJ_CsBY-&share_version=0&ts=1787996670&from_aid=6383&from_ssr=1&share_track_info=%7B%22link_description_type%22%3A%22%22%7D,7335,1504,1230
7649670606707131493,希望暴风雨过来迎来彩虹🌈 大家会陪我一起看彩虹吗？#七王爷,2026-06-10 15:48:51 CST,https://www.iesdouyin.com/share/video/7649670606707131493/?region=US&mid=7649670587203242793&u_code=0&did=MS4wLjABAAAAgDQbitRTDSdo2ngCCE692lcnhDuxa7oy99O-8xe4VJhJ8VH0yDt0vXiGp2vl892b&iid=MS4wLjABAAAANwkJuWIRFOzg5uCpDRpMj4OX-QryoDgn-yYlXQnRwQQ&with_sec_did=1&video_share_track_ver=&titleType=title&share_sign=6320MiDBNc6Uo5zXHnBuN8QfXQzOindXqGE2n2wA61s-&share_version=0&ts=1787996670&from_aid=6383&from_ssr=1&share_track_info=%7B%22link_description_type%22%3A%22%22%7D,5682,1376,1205
7649439993756563825,言行合一#七王爷,2026-06-10 00:53:59 CST,https://www.iesdouyin.com/share/video/7649439993756563825/?region=US&mid=7649439823845591854&u_code=0&did=MS4wLjABAAAAgDQbitRTDSdo2ngCCE692lcnhDuxa7oy99O-8xe4VJhJ8VH0yDt0vXiGp2vl892b&iid=MS4wLjABAAAANwkJuWIRFOzg5uCpDRpMj4OX-QryoDgn-yYlXQnRwQQ&with_sec_did=1&video_share_track_ver=&titleType=title&share_sign=YSCQ3vrtwtTUjqZmOgBdr2C2YlbpmxWmwELr7eTG798-&share_version=0&ts=1787996670&from_aid=6383&from_ssr=1&share_track_info=%7B%22link_description_type%22%3A%22%22%7D,3619,1299,249
7649409345692727665,一点没给机会出货！下方还有空间。做好心理准备#七王爷,2026-06-09 22:55:02 CST,https://www.iesdouyin.com/share/video/7649409345692727665/?region=US&mid=7649409289110457126&u_code=0&did=MS4wLjABAAAAgDQbitRTDSdo2ngCCE692lcnhDuxa7oy99O-8xe4VJhJ8VH0yDt0vXiGp2vl892b&iid=MS4wLjABAAAANwkJuWIRFOzg5uCpDRpMj4OX-QryoDgn-yYlXQnRwQQ&with_sec_did=1&video_share_track_ver=&titleType=title&share_sign=XX0tv8bvkP0rMEplywbU2zEexNhT2S.3a5EbL7POZRM-&share_version=0&ts=1787996670&from_aid=6383&from_ssr=1&share_track_info=%7B%22link_description_type%22%3A%22%22%7D,7606,1720,797
7649391529840132721,以后每次南下我都会入手一点点#七王爷,2026-06-09 21:45:54 CST,https://www.iesdouyin.com/share/video/7649391529840132721/?region=US&mid=7649391515772521256&u_code=0&did=MS4wLjABAAAAgDQbitRTDSdo2ngCCE692lcnhDuxa7oy99O-8xe4VJhJ8VH0yDt0vXiGp2vl892b&iid=MS4wLjABAAAANwkJuWIRFOzg5uCpDRpMj4OX-QryoDgn-yYlXQnRwQQ&with_sec_did=1&video_share_track_ver=&titleType=title&share_sign=W2JrfVXGyMqq4qd.Bo3v8Bb9oyLKCqwrp0LSkyAeMU0-&share_version=0&ts=1787996670&from_aid=6383&from_ssr=1&share_track_info=%7B%22link_description_type%22%3A%22%22%7D,2852,435,187
7649371754637832625,远的不说，先说今日行情#七王爷,2026-06-09 20:29:10 CST,https://www.iesdouyin.com/share/video/7649371754637832625/?region=US&mid=7649371745564019490&u_code=0&did=MS4wLjABAAAAgDQbitRTDSdo2ngCCE692lcnhDuxa7oy99O-8xe4VJhJ8VH0yDt0vXiGp2vl892b&iid=MS4wLjABAAAANwkJuWIRFOzg5uCpDRpMj4OX-QryoDgn-yYlXQnRwQQ&with_sec_did=1&video_share_track_ver=&titleType=title&share_sign=LxLcnuIHB20NGtHrO6dT_FPF6sXuL7uH1.zcA0Euu7o-&share_version=0&ts=1787996670&from_aid=6383&from_ssr=1&share_track_info=%7B%22link_description_type%22%3A%22%22%7D,3829,484,179
7649347192360155130,接下来我个人的一些举动#七王爷,2026-06-09 18:53:51 CST,https://www.iesdouyin.com/share/video/7649347192360155130/?region=US&mid=7649347178594552582&u_code=0&did=MS4wLjABAAAAgDQbitRTDSdo2ngCCE692lcnhDuxa7oy99O-8xe4VJhJ8VH0yDt0vXiGp2vl892b&iid=MS4wLjABAAAANwkJuWIRFOzg5uCpDRpMj4OX-QryoDgn-yYlXQnRwQQ&with_sec_did=1&video_share_track_ver=&titleType=title&share_sign=0vLQ.LFQEdUaA1qAldzTwY9eyp1roE.5aXBxuVrGtEE-&share_version=0&ts=1787996670&from_aid=6383&from_ssr=1&share_track_info=%7B%22link_description_type%22%3A%22%22%7D,4958,648,551
7649312651307430137,了解大家现在情况#七王爷,2026-06-09 16:39:48 CST,https://www.iesdouyin.com/share/video/7649312651307430137/?region=US&mid=7649312603373603638&u_code=0&did=MS4wLjABAAAAgDQbitRTDSdo2ngCCE692lcnhDuxa7oy99O-8xe4VJhJ8VH0yDt0vXiGp2vl892b&iid=MS4wLjABAAAANwkJuWIRFOzg5uCpDRpMj4OX-QryoDgn-yYlXQnRwQQ&with_sec_did=1&video_share_track_ver=&titleType=title&share_sign=iNUwf0dDIfGtBBw7xDT3HtgJdMRQiKmFII1DR9rfLL0-&share_version=0&ts=1787996670&from_aid=6383&from_ssr=1&share_track_info=%7B%22link_description_type%22%3A%22%22%7D,6287,5819,96
7648991483337585146,8:30直播#七王爷,2026-06-08 19:53:30 CST,https://www.iesdouyin.com/share/video/7648991483337585146/?region=US&mid=7648991388922678056&u_code=0&did=MS4wLjABAAAAgDQbitRTDSdo2ngCCE692lcnhDuxa7oy99O-8xe4VJhJ8VH0yDt0vXiGp2vl892b&iid=MS4wLjABAAAANwkJuWIRFOzg5uCpDRpMj4OX-QryoDgn-yYlXQnRwQQ&with_sec_did=1&video_share_track_ver=&titleType=title&share_sign=GconkZdfez31l6zXYnjahFSuBiFwG_OyYmuTcQEP0PA-&share_version=0&ts=1787996670&from_aid=6383&from_ssr=1&share_track_info=%7B%22link_description_type%22%3A%22%22%7D,8099,1693,190
7630498344461549561,不跟陌生人包括我转帐！ 下整周需要提醒的都写清楚了！#七王爷,2026-04-19 23:50:42 CST,https://www.iesdouyin.com/share/video/7630498344461549561/?region=US&mid=7630498185378597678&u_code=0&did=MS4wLjABAAAAgDQbitRTDSdo2ngCCE692lcnhDuxa7oy99O-8xe4VJhJ8VH0yDt0vXiGp2vl892b&iid=MS4wLjABAAAANwkJuWIRFOzg5uCpDRpMj4OX-QryoDgn-yYlXQnRwQQ&with_sec_did=1&video_share_track_ver=&titleType=title&share_sign=eTy7XUlEitb2XAPtnXWYkRwt8D9U6YQIsFrBQBQrds8-&share_version=0&ts=1787996670&from_aid=6383&from_ssr=1&share_track_info=%7B%22link_description_type%22%3A%22%22%7D,12635,4319,434
7628591674524922618,在我不在的这段时间，请不要追高！一定谨慎！等我回来#七王爷,2026-04-14 20:31:50 CST,https://www.iesdouyin.com/share/video/7628591674524922618/?region=US&mid=7156510600651115271&u_code=0&did=MS4wLjABAAAAgDQbitRTDSdo2ngCCE692lcnhDuxa7oy99O-8xe4VJhJ8VH0yDt0vXiGp2vl892b&iid=MS4wLjABAAAANwkJuWIRFOzg5uCpDRpMj4OX-QryoDgn-yYlXQnRwQQ&with_sec_did=1&video_share_track_ver=&titleType=title&share_sign=jxcBgvf.8oRkTitjSstO8LuOJtXnGIOTY1vT8.wODfA-&share_version=0&ts=1787996670&from_aid=6383&from_ssr=1&share_track_info=%7B%22link_description_type%22%3A%22%22%7D,18717,9690,818
7628510452082927737,超短线可以报喜，记得保留底仓#七王爷,2026-04-14 15:16:39 CST,https://www.iesdouyin.com/share/video/7628510452082927737/?region=US&mid=7628510357669038883&u_code=0&did=MS4wLjABAAAAgDQbitRTDSdo2ngCCE692lcnhDuxa7oy99O-8xe4VJhJ8VH0yDt0vXiGp2vl892b&iid=MS4wLjABAAAANwkJuWIRFOzg5uCpDRpMj4OX-QryoDgn-yYlXQnRwQQ&with_sec_did=1&video_share_track_ver=&titleType=title&share_sign=yt4Cm2mjCeYPjmN9tj1nNjNnmzrBZA96BCGoHmw1jC4-&share_version=0&ts=1787996670&from_aid=6383&from_ssr=1&share_track_info=%7B%22link_description_type%22%3A%22%22%7D,4029,889,205
7628498172370213881,横盘耐心等待#七王爷,2026-04-14 14:29:00 CST,https://www.iesdouyin.com/share/video/7628498172370213881/?region=US&mid=7628498091742022406&u_code=0&did=MS4wLjABAAAAgDQbitRTDSdo2ngCCE692lcnhDuxa7oy99O-8xe4VJhJ8VH0yDt0vXiGp2vl892b&iid=MS4wLjABAAAANwkJuWIRFOzg5uCpDRpMj4OX-QryoDgn-yYlXQnRwQQ&with_sec_did=1&video_share_track_ver=&titleType=title&share_sign=988J4A.myag5DyTkvy1cMWUtzvlTT1iGHP9PiWohRd8-&share_version=0&ts=1787996670&from_aid=6383&from_ssr=1&share_track_info=%7B%22link_description_type%22%3A%22%22%7D,3555,576,164
7628277227327810277,矮油，磨人！但是不要再磨人阶段做错误决定！,2026-04-14 00:11:37 CST,https://www.iesdouyin.com/share/video/7628277227327810277/?region=US&mid=7628277174042200883&u_code=0&did=MS4wLjABAAAAgDQbitRTDSdo2ngCCE692lcnhDuxa7oy99O-8xe4VJhJ8VH0yDt0vXiGp2vl892b&iid=MS4wLjABAAAANwkJuWIRFOzg5uCpDRpMj4OX-QryoDgn-yYlXQnRwQQ&with_sec_did=1&video_share_track_ver=&titleType=title&share_sign=zbr2V5VJO32ffDlizTMIsrF3qMEHMaSd6llbg5W6l1I-&share_version=0&ts=1787996670&from_aid=6383&from_ssr=1&share_track_info=%7B%22link_description_type%22%3A%22%22%7D,3215,604,117
7628217313175305403,我习惯从大逻辑讲到细节，你看完视频有啥办法#七王爷,2026-04-13 20:19:07 CST,https://www.iesdouyin.com/share/video/7628217313175305403/?region=US&mid=7628217338906610475&u_code=0&did=MS4wLjABAAAAgDQbitRTDSdo2ngCCE692lcnhDuxa7oy99O-8xe4VJhJ8VH0yDt0vXiGp2vl892b&iid=MS4wLjABAAAANwkJuWIRFOzg5uCpDRpMj4OX-QryoDgn-yYlXQnRwQQ&with_sec_did=1&video_share_track_ver=&titleType=title&share_sign=TZiXOjlr9MhPNaZWEguk5qxbpsqjPjdsqqpxTm3hkfo-&share_version=0&ts=1787996673&from_aid=6383&from_ssr=1&share_track_info=%7B%22link_description_type%22%3A%22%22%7D,5779,869,445
7628177261774856177,有的时候解释成本很高，好累了！希望大家不要上当受骗#七王爷,2026-04-13 17:43:42 CST,https://www.iesdouyin.com/share/video/7628177261774856177/?region=US&mid=7628177178089573155&u_code=0&did=MS4wLjABAAAAgDQbitRTDSdo2ngCCE692lcnhDuxa7oy99O-8xe4VJhJ8VH0yDt0vXiGp2vl892b&iid=MS4wLjABAAAANwkJuWIRFOzg5uCpDRpMj4OX-QryoDgn-yYlXQnRwQQ&with_sec_did=1&video_share_track_ver=&titleType=title&share_sign=9fyUq80JUhrGFX5ikJabhZLGzk.BnTMJjd6GIvk7_3c-&share_version=0&ts=1787996673&from_aid=6383&from_ssr=1&share_track_info=%7B%22link_description_type%22%3A%22%22%7D,3790,389,55
7627999289625640357,伦敦金现货黄金与COMXE都开盘了！跟我视频说的一致都是低开！那么我们平台开的话也是低开，请轻装上阵，分批布局，不要密集建立！能答应俺吗？#七王爷,2026-04-13 06:13:06 CST,https://www.iesdouyin.com/share/video/7627999289625640357/?region=US&mid=0&u_code=0&did=MS4wLjABAAAAgDQbitRTDSdo2ngCCE692lcnhDuxa7oy99O-8xe4VJhJ8VH0yDt0vXiGp2vl892b&iid=MS4wLjABAAAANwkJuWIRFOzg5uCpDRpMj4OX-QryoDgn-yYlXQnRwQQ&with_sec_did=1&video_share_track_ver=&titleType=title&schema_type=37&share_sign=217RbCMRPf0LeTB_4ZCkrm3FjnV6QUnTp7aHCp6Tsvk-&share_version=0&ts=1787996673&from_aid=6383&from_ssr=1&share_track_info=%7B%22link_description_type%22%3A%22%22%7D,2399,1328,151
7627891633186883749,喂饭系列#七王爷,2026-04-12 23:15:19 CST,https://www.iesdouyin.com/share/video/7627891633186883749/?region=US&mid=7627891479605693218&u_code=0&did=MS4wLjABAAAAgDQbitRTDSdo2ngCCE692lcnhDuxa7oy99O-8xe4VJhJ8VH0yDt0vXiGp2vl892b&iid=MS4wLjABAAAANwkJuWIRFOzg5uCpDRpMj4OX-QryoDgn-yYlXQnRwQQ&with_sec_did=1&video_share_track_ver=&titleType=title&share_sign=uAh7CllyFcBVzjFpLesgOp1RuM5PKbOZMHA6b6tuvqM-&share_version=0&ts=1787996673&from_aid=6383&from_ssr=1&share_track_info=%7B%22link_description_type%22%3A%22%22%7D,6528,1026,717
7627880625688948154,又回到最初的起点#七王爷,2026-04-12 22:32:36 CST,https://www.iesdouyin.com/share/video/7627880625688948154/?region=US&mid=7627880529265806116&u_code=0&did=MS4wLjABAAAAgDQbitRTDSdo2ngCCE692lcnhDuxa7oy99O-8xe4VJhJ8VH0yDt0vXiGp2vl892b&iid=MS4wLjABAAAANwkJuWIRFOzg5uCpDRpMj4OX-QryoDgn-yYlXQnRwQQ&with_sec_did=1&video_share_track_ver=&titleType=title&share_sign=y0sirIwasGkdjTIKRRtFtbC95dIcdxUIT6CIh.p_i7o-&share_version=0&ts=1787996673&from_aid=6383&from_ssr=1&share_track_info=%7B%22link_description_type%22%3A%22%22%7D,6293,838,666
7627134778345388517,视频与社群内容一致，不要再问啥时候开社群了！ 这周俺的总结！#七王爷,2026-04-10 22:18:20 CST,https://www.iesdouyin.com/share/video/7627134778345388517/?region=US&mid=7627134689605733183&u_code=0&did=MS4wLjABAAAAgDQbitRTDSdo2ngCCE692lcnhDuxa7oy99O-8xe4VJhJ8VH0yDt0vXiGp2vl892b&iid=MS4wLjABAAAANwkJuWIRFOzg5uCpDRpMj4OX-QryoDgn-yYlXQnRwQQ&with_sec_did=1&video_share_track_ver=&titleType=title&share_sign=0w7ftS0tq9lgH5LEUZwjK9MR5LnbXVhA7JH3FNhu_3k-&share_version=0&ts=1787996673&from_aid=6383&from_ssr=1&share_track_info=%7B%22link_description_type%22%3A%22%22%7D,5100,1219,171
7627098901930034811,这是我这一个月的布局思路！希望大瀑布不回来，来的话我有准备，再也不会乱了阵脚#七王爷,2026-04-10 19:59:07 CST,https://www.iesdouyin.com/share/video/7627098901930034811/?region=US&mid=7627098885470653234&u_code=0&did=MS4wLjABAAAAgDQbitRTDSdo2ngCCE692lcnhDuxa7oy99O-8xe4VJhJ8VH0yDt0vXiGp2vl892b&iid=MS4wLjABAAAANwkJuWIRFOzg5uCpDRpMj4OX-QryoDgn-yYlXQnRwQQ&with_sec_did=1&video_share_track_ver=&titleType=title&share_sign=9TuR1GQgpSCPiVe1vGO8m3i7An0LZrNZNIV7SQ78FnI-&share_version=0&ts=1787996673&from_aid=6383&from_ssr=1&share_track_info=%7B%22link_description_type%22%3A%22%22%7D,6635,1014,628
7627090565961076465,今晚思路！大家注意8:30#七王爷,2026-04-10 19:26:46 CST,https://www.iesdouyin.com/share/video/7627090565961076465/?region=US&mid=7627090567118900018&u_code=0&did=MS4wLjABAAAAgDQbitRTDSdo2ngCCE692lcnhDuxa7oy99O-8xe4VJhJ8VH0yDt0vXiGp2vl892b&iid=MS4wLjABAAAANwkJuWIRFOzg5uCpDRpMj4OX-QryoDgn-yYlXQnRwQQ&with_sec_did=1&video_share_track_ver=&titleType=title&share_sign=qto6CBY5j6kCL.78ave0I.022TYPBq1dAMrsCIcnclw-&share_version=0&ts=1787996673&from_aid=6383&from_ssr=1&share_track_info=%7B%22link_description_type%22%3A%22%22%7D,3728,486,338
7626796518096789989,喂饭系列，红不追涨，拿心等待好仓位#七王爷,2026-04-10 00:25:42 CST,https://www.iesdouyin.com/share/video/7626796518096789989/?region=US&mid=7626796315430636323&u_code=0&did=MS4wLjABAAAAgDQbitRTDSdo2ngCCE692lcnhDuxa7oy99O-8xe4VJhJ8VH0yDt0vXiGp2vl892b&iid=MS4wLjABAAAANwkJuWIRFOzg5uCpDRpMj4OX-QryoDgn-yYlXQnRwQQ&with_sec_did=1&video_share_track_ver=&titleType=title&share_sign=cPcHIiwwcS2z3J5PiQvqSJQcNOIOsOLo9DJ7Bjksg28-&share_version=0&ts=1787996673&from_aid=6383&from_ssr=1&share_track_info=%7B%22link_description_type%22%3A%22%22%7D,6224,1077,377
7626795044737788145,新粉喂饭系列第三集#七王爷,2026-04-10 00:20:00 CST,https://www.iesdouyin.com/share/video/7626795044737788145/?region=US&mid=7626795005193358126&u_code=0&did=MS4wLjABAAAAgDQbitRTDSdo2ngCCE692lcnhDuxa7oy99O-8xe4VJhJ8VH0yDt0vXiGp2vl892b&iid=MS4wLjABAAAANwkJuWIRFOzg5uCpDRpMj4OX-QryoDgn-yYlXQnRwQQ&with_sec_did=1&video_share_track_ver=&titleType=title&share_sign=IFKZgcN.CcNEsagMvAQhYBbcIzErCuUsYBWIuNp0wqw-&share_version=0&ts=1787996673&from_aid=6383&from_ssr=1&share_track_info=%7B%22link_description_type%22%3A%22%22%7D,3061,230,151
7626793039008772721,新粉喂饭系列第二集#七王爷,2026-04-10 00:12:12 CST,https://www.iesdouyin.com/share/video/7626793039008772721/?region=US&mid=7626792713156954920&u_code=0&did=MS4wLjABAAAAgDQbitRTDSdo2ngCCE692lcnhDuxa7oy99O-8xe4VJhJ8VH0yDt0vXiGp2vl892b&iid=MS4wLjABAAAANwkJuWIRFOzg5uCpDRpMj4OX-QryoDgn-yYlXQnRwQQ&with_sec_did=1&video_share_track_ver=&titleType=title&share_sign=KxLqxPODW1MghabIOX2oBN4lcnjiAxG7Z2uEJti0VwE-&share_version=0&ts=1787996673&from_aid=6383&from_ssr=1&share_track_info=%7B%22link_description_type%22%3A%22%22%7D,7535,587,1345
7626783440046794746,新粉喂饭第一集#七王爷,2026-04-09 23:34:57 CST,https://www.iesdouyin.com/share/video/7626783440046794746/?region=US&mid=7626783383191816994&u_code=0&did=MS4wLjABAAAAgDQbitRTDSdo2ngCCE692lcnhDuxa7oy99O-8xe4VJhJ8VH0yDt0vXiGp2vl892b&iid=MS4wLjABAAAANwkJuWIRFOzg5uCpDRpMj4OX-QryoDgn-yYlXQnRwQQ&with_sec_did=1&video_share_track_ver=&titleType=title&share_sign=FQksrhgWEGhMqu2tMxU4Z76s6XG7hnHlnk2cpPTjxfQ-&share_version=0&ts=1787996673&from_aid=6383&from_ssr=1&share_track_info=%7B%22link_description_type%22%3A%22%22%7D,4295,669,399
7626755616015413861,超短线来报喜，昨天吃好好仓位来报喜，赚了的来报喜#七王爷,2026-04-09 21:46:59 CST,https://www.iesdouyin.com/share/video/7626755616015413861/?region=US&mid=7626755479137569563&u_code=0&did=MS4wLjABAAAAgDQbitRTDSdo2ngCCE692lcnhDuxa7oy99O-8xe4VJhJ8VH0yDt0vXiGp2vl892b&iid=MS4wLjABAAAANwkJuWIRFOzg5uCpDRpMj4OX-QryoDgn-yYlXQnRwQQ&with_sec_did=1&video_share_track_ver=&titleType=title&share_sign=SChs_k6NHrxFW_uoaDdEAWKA0lwtZ0dyc6ZuDbkfXBA-&share_version=0&ts=1787996673&from_aid=6383&from_ssr=1&share_track_info=%7B%22link_description_type%22%3A%22%22%7D,4199,1336,289
7626748989928558778,今晚数据温和利多#七王爷,2026-04-09 21:21:16 CST,https://www.iesdouyin.com/share/video/7626748989928558778/?region=US&mid=7626749017908726555&u_code=0&did=MS4wLjABAAAAgDQbitRTDSdo2ngCCE692lcnhDuxa7oy99O-8xe4VJhJ8VH0yDt0vXiGp2vl892b&iid=MS4wLjABAAAANwkJuWIRFOzg5uCpDRpMj4OX-QryoDgn-yYlXQnRwQQ&with_sec_did=1&video_share_track_ver=&titleType=title&share_sign=u2eGF64PnozG.c8e3pPU2FfAaOWq99heJq43Iww7PHw-&share_version=0&ts=1787996673&from_aid=6383&from_ssr=1&share_track_info=%7B%22link_description_type%22%3A%22%22%7D,3450,689,214
7626735014542040677,喂饭成功系列#七王爷,2026-04-09 20:27:03 CST,https://www.iesdouyin.com/share/video/7626735014542040677/?region=US&mid=7626734987286481673&u_code=0&did=MS4wLjABAAAAgDQbitRTDSdo2ngCCE692lcnhDuxa7oy99O-8xe4VJhJ8VH0yDt0vXiGp2vl892b&iid=MS4wLjABAAAANwkJuWIRFOzg5uCpDRpMj4OX-QryoDgn-yYlXQnRwQQ&with_sec_did=1&video_share_track_ver=&titleType=title&share_sign=VBWUxtKTHwr_EsKUZBGU2dDj1j6m5kesUDa6pevfqAQ-&share_version=0&ts=1787996673&from_aid=6383&from_ssr=1&share_track_info=%7B%22link_description_type%22%3A%22%22%7D,3315,592,184
7626470423358663610,因为投入了热情，对粉丝有感情，所以看见追高的生气#七王爷,2026-04-09 03:20:23 CST,https://www.iesdouyin.com/share/video/7626470423358663610/?region=US&mid=7626470221754272555&u_code=0&did=MS4wLjABAAAAgDQbitRTDSdo2ngCCE692lcnhDuxa7oy99O-8xe4VJhJ8VH0yDt0vXiGp2vl892b&iid=MS4wLjABAAAANwkJuWIRFOzg5uCpDRpMj4OX-QryoDgn-yYlXQnRwQQ&with_sec_did=1&video_share_track_ver=&titleType=title&share_sign=H6Blt9svp6MYG0_C9bVOw6nmEd.9zTxwxAlGZzYhRy8-&share_version=0&ts=1787996673&from_aid=6383&from_ssr=1&share_track_info=%7B%22link_description_type%22%3A%22%22%7D,6902,1232,269
7626465829136616049,让你追高！一天喊都喊不赢，无了个大语！财不入急门#七王爷,2026-04-09 03:02:29 CST,https://www.iesdouyin.com/share/video/7626465829136616049/?region=US&mid=7626465324807883572&u_code=0&did=MS4wLjABAAAAgDQbitRTDSdo2ngCCE692lcnhDuxa7oy99O-8xe4VJhJ8VH0yDt0vXiGp2vl892b&iid=MS4wLjABAAAANwkJuWIRFOzg5uCpDRpMj4OX-QryoDgn-yYlXQnRwQQ&with_sec_did=1&video_share_track_ver=&titleType=title&share_sign=ck8bczVesZeIIiV7CK3OceNfVjy9SmZO1sqEpf5Z8oA-&share_version=0&ts=1787996673&from_aid=6383&from_ssr=1&share_track_info=%7B%22link_description_type%22%3A%22%22%7D,6079,982,460
7626397570276828281,成为高手系列#七王爷,2026-04-08 22:37:36 CST,https://www.iesdouyin.com/share/video/7626397570276828281/?region=US&mid=7626397496662592307&u_code=0&did=MS4wLjABAAAAgDQbitRTDSdo2ngCCE692lcnhDuxa7oy99O-8xe4VJhJ8VH0yDt0vXiGp2vl892b&iid=MS4wLjABAAAANwkJuWIRFOzg5uCpDRpMj4OX-QryoDgn-yYlXQnRwQQ&with_sec_did=1&video_share_track_ver=&titleType=title&share_sign=BMJvcgx.aIHZ4KDCzDJltDgbUWqkEqFc8g88pPRHBWA-&share_version=0&ts=1787996673&from_aid=6383&from_ssr=1&share_track_info=%7B%22link_description_type%22%3A%22%22%7D,4257,646,359
7626355176173045690,喂饭系列#七王爷,2026-04-08 19:53:04 CST,https://www.iesdouyin.com/share/video/7626355176173045690/?region=US&mid=7626355167440489267&u_code=0&did=MS4wLjABAAAAgDQbitRTDSdo2ngCCE692lcnhDuxa7oy99O-8xe4VJhJ8VH0yDt0vXiGp2vl892b&iid=MS4wLjABAAAANwkJuWIRFOzg5uCpDRpMj4OX-QryoDgn-yYlXQnRwQQ&with_sec_did=1&video_share_track_ver=&titleType=title&share_sign=QtmPsGhKNwt.WOeUcTVMg8kEnkRnEDBNyaEkim66sx8-&share_version=0&ts=1787996673&from_aid=6383&from_ssr=1&share_track_info=%7B%22link_description_type%22%3A%22%22%7D,7034,1241,751
7626183540199890545,五月才有正式大主升浪，最近还是震荡为主#七王爷,2026-04-08 08:47:02 CST,https://www.iesdouyin.com/share/video/7626183540199890545/?region=US&mid=7626183406027672335&u_code=0&did=MS4wLjABAAAAgDQbitRTDSdo2ngCCE692lcnhDuxa7oy99O-8xe4VJhJ8VH0yDt0vXiGp2vl892b&iid=MS4wLjABAAAANwkJuWIRFOzg5uCpDRpMj4OX-QryoDgn-yYlXQnRwQQ&with_sec_did=1&video_share_track_ver=&titleType=title&share_sign=MIfsoqKG4uOvkfaOrUSUNLyvVkIbnQO4HsbNG_s3f0w-&share_version=0&ts=1787996673&from_aid=6383&from_ssr=1&share_track_info=%7B%22link_description_type%22%3A%22%22%7D,6602,1916,699
7626178329498737659,等下次插针或者小瀑布再入手#七王爷,2026-04-08 08:26:49 CST,https://www.iesdouyin.com/share/video/7626178329498737659/?region=US&mid=7626178197336312576&u_code=0&did=MS4wLjABAAAAgDQbitRTDSdo2ngCCE692lcnhDuxa7oy99O-8xe4VJhJ8VH0yDt0vXiGp2vl892b&iid=MS4wLjABAAAANwkJuWIRFOzg5uCpDRpMj4OX-QryoDgn-yYlXQnRwQQ&with_sec_did=1&video_share_track_ver=&titleType=title&share_sign=W_h9QfUhmD7UpqnbZYABdXMQNtz3ICe3XFHMcfD9_Wo-&share_version=0&ts=1787996673&from_aid=6383&from_ssr=1&share_track_info=%7B%22link_description_type%22%3A%22%22%7D,3541,935,292
7626025515024376049,带大家操到第一批筹码，内心很开心！ 超短线报喜，波段可以在等等#七王爷,2026-04-07 22:33:50 CST,https://www.iesdouyin.com/share/video/7626025515024376049/?region=US&mid=7626025424304278287&u_code=0&did=MS4wLjABAAAAgDQbitRTDSdo2ngCCE692lcnhDuxa7oy99O-8xe4VJhJ8VH0yDt0vXiGp2vl892b&iid=MS4wLjABAAAANwkJuWIRFOzg5uCpDRpMj4OX-QryoDgn-yYlXQnRwQQ&with_sec_did=1&video_share_track_ver=&titleType=title&share_sign=o422fYpZs1f.D9rP4VqIPa2VvEb3Kl_ukRuxZ0XXI1M-&share_version=0&ts=1787996673&from_aid=6383&from_ssr=1&share_track_info=%7B%22link_description_type%22%3A%22%22%7D,3043,778,117
7626021335285977585,拿到好筹码报喜#七王爷,2026-04-07 22:17:36 CST,https://www.iesdouyin.com/share/video/7626021335285977585/?region=US&mid=7626021318219041586&u_code=0&did=MS4wLjABAAAAgDQbitRTDSdo2ngCCE692lcnhDuxa7oy99O-8xe4VJhJ8VH0yDt0vXiGp2vl892b&iid=MS4wLjABAAAANwkJuWIRFOzg5uCpDRpMj4OX-QryoDgn-yYlXQnRwQQ&with_sec_did=1&video_share_track_ver=&titleType=title&share_sign=Vm3XjS_VN42QXU8Y01tHlnSOUMpHj4O_sXdY7mhPxww-&share_version=0&ts=1787996673&from_aid=6383&from_ssr=1&share_track_info=%7B%22link_description_type%22%3A%22%22%7D,3462,663,357
7625997405813643761,地面战拉起，第三阶段黄金的避险属性打开#七王爷,2026-04-07 20:44:45 CST,https://www.iesdouyin.com/share/video/7625997405813643761/?region=US&mid=7625997326837992207&u_code=0&did=MS4wLjABAAAAgDQbitRTDSdo2ngCCE692lcnhDuxa7oy99O-8xe4VJhJ8VH0yDt0vXiGp2vl892b&iid=MS4wLjABAAAANwkJuWIRFOzg5uCpDRpMj4OX-QryoDgn-yYlXQnRwQQ&with_sec_did=1&video_share_track_ver=&titleType=title&share_sign=04mId6B9cdzMyW8mGoCHtTGcZm5uOph1U0vWc52jcgI-&share_version=0&ts=1787996673&from_aid=6383&from_ssr=1&share_track_info=%7B%22link_description_type%22%3A%22%22%7D,3817,781,628
7625984410583643365,最近操作思路，喂饭系列#七王爷,2026-04-07 19:54:19 CST,https://www.iesdouyin.com/share/video/7625984410583643365/?region=US&mid=7625984371098618651&u_code=0&did=MS4wLjABAAAAgDQbitRTDSdo2ngCCE692lcnhDuxa7oy99O-8xe4VJhJ8VH0yDt0vXiGp2vl892b&iid=MS4wLjABAAAANwkJuWIRFOzg5uCpDRpMj4OX-QryoDgn-yYlXQnRwQQ&with_sec_did=1&video_share_track_ver=&titleType=title&share_sign=jsc2lO5v1avLyRL..dZy8EZtiMwRVzFNm4VVeGJ1mt4-&share_version=0&ts=1787996673&from_aid=6383&from_ssr=1&share_track_info=%7B%22link_description_type%22%3A%22%22%7D,3378,582,308
7625662500491750522,今年利润更大化。只有两个！搜藏反复看#七王爷,2026-04-06 23:05:08 CST,https://www.iesdouyin.com/share/video/7625662500491750522/?region=US&mid=7625662448607005490&u_code=0&did=MS4wLjABAAAAgDQbitRTDSdo2ngCCE692lcnhDuxa7oy99O-8xe4VJhJ8VH0yDt0vXiGp2vl892b&iid=MS4wLjABAAAANwkJuWIRFOzg5uCpDRpMj4OX-QryoDgn-yYlXQnRwQQ&with_sec_did=1&video_share_track_ver=&titleType=title&share_sign=Q6OZv61jZkrQtyFdoKnkEZ1A.EgGj6Xgc_XfYX8yCgo-&share_version=0&ts=1787996673&from_aid=6383&from_ssr=1&share_track_info=%7B%22link_description_type%22%3A%22%22%7D,5233,661,565
7625645817432468410,去传送门去看吧#七王爷,2026-04-06 22:00:24 CST,https://www.iesdouyin.com/share/video/7625645817432468410/?region=US&mid=7625645718195194667&u_code=0&did=MS4wLjABAAAAgDQbitRTDSdo2ngCCE692lcnhDuxa7oy99O-8xe4VJhJ8VH0yDt0vXiGp2vl892b&iid=MS4wLjABAAAANwkJuWIRFOzg5uCpDRpMj4OX-QryoDgn-yYlXQnRwQQ&with_sec_did=1&video_share_track_ver=&titleType=title&share_sign=HFaD1tLkfyD0GWcrRB0qhj_I2jK9DIlUG8Mcu_fH_k8-&share_version=0&ts=1787996673&from_aid=6383&from_ssr=1&share_track_info=%7B%22link_description_type%22%3A%22%22%7D,3452,454,20
7625639666260679034,进攻防守我写清楚了，但是只要你只需要考虑你是做波段还是中长线？#七王爷,2026-04-06 21:36:32 CST,https://www.iesdouyin.com/share/video/7625639666260679034/?region=US&mid=7625639669715290907&u_code=0&did=MS4wLjABAAAAgDQbitRTDSdo2ngCCE692lcnhDuxa7oy99O-8xe4VJhJ8VH0yDt0vXiGp2vl892b&iid=MS4wLjABAAAANwkJuWIRFOzg5uCpDRpMj4OX-QryoDgn-yYlXQnRwQQ&with_sec_did=1&video_share_track_ver=&titleType=title&share_sign=qpw_jQB5.u3.b276ScBfoJYC2o1ozx.p9mGtfP4ciAg-&share_version=0&ts=1787996673&from_aid=6383&from_ssr=1&share_track_info=%7B%22link_description_type%22%3A%22%22%7D,4959,635,460
7624379180713869690,切记不要重复建立仓位！祝大家有个开心的周末#七王爷,2026-04-03 12:05:12 CST,https://www.iesdouyin.com/share/video/7624379180713869690/?region=US&mid=7624379128335649572&u_code=0&did=MS4wLjABAAAAgDQbitRTDSdo2ngCCE692lcnhDuxa7oy99O-8xe4VJhJ8VH0yDt0vXiGp2vl892b&iid=MS4wLjABAAAANwkJuWIRFOzg5uCpDRpMj4OX-QryoDgn-yYlXQnRwQQ&with_sec_did=1&video_share_track_ver=&titleType=title&share_sign=8hZOveVCpfJQRZLdYcPWiR7jbMBeqWSqtc90NwOStvc-&share_version=0&ts=1787996673&from_aid=6383&from_ssr=1&share_track_info=%7B%22link_description_type%22%3A%22%22%7D,4218,1135,233
7624183741242825209,实物可以分批在每次大瀑布入一点@艺潮首饰水贝九九甄选 #七王爷,2026-04-02 23:26:48 CST,https://www.iesdouyin.com/share/video/7624183741242825209/?region=US&mid=7624183750888606499&u_code=0&did=MS4wLjABAAAAgDQbitRTDSdo2ngCCE692lcnhDuxa7oy99O-8xe4VJhJ8VH0yDt0vXiGp2vl892b&iid=MS4wLjABAAAANwkJuWIRFOzg5uCpDRpMj4OX-QryoDgn-yYlXQnRwQQ&with_sec_did=1&video_share_track_ver=&titleType=title&share_sign=OGCHrcgD_MWIkVrNLAeZRfWeoaEQL1VEAE3Kt1j0WMo-&share_version=0&ts=1787996673&from_aid=6383&from_ssr=1&share_track_info=%7B%22link_description_type%22%3A%22%22%7D,4563,754,221
7624173699062584057,牛市不变#黄金牛市#七王爷,2026-04-02 22:47:50 CST,https://www.iesdouyin.com/share/video/7624173699062584057/?region=US&mid=7624173652375915318&u_code=0&did=MS4wLjABAAAAgDQbitRTDSdo2ngCCE692lcnhDuxa7oy99O-8xe4VJhJ8VH0yDt0vXiGp2vl892b&iid=MS4wLjABAAAANwkJuWIRFOzg5uCpDRpMj4OX-QryoDgn-yYlXQnRwQQ&with_sec_did=1&video_share_track_ver=&titleType=title&share_sign=qO71xz6NI0ZoDl69LZ91FuwODrFze_YO864UnwsGQn0-&share_version=0&ts=1787996675&from_aid=6383&from_ssr=1&share_track_info=%7B%22link_description_type%22%3A%22%22%7D,4556,853,621
7624161946418780409,我不接受任何卖飞了的来骂我！视频说清楚了什么人群应该怎么做#七王爷,2026-04-02 22:02:14 CST,https://www.iesdouyin.com/share/video/7624161946418780409/?region=US&mid=7624161821661907712&u_code=0&did=MS4wLjABAAAAgDQbitRTDSdo2ngCCE692lcnhDuxa7oy99O-8xe4VJhJ8VH0yDt0vXiGp2vl892b&iid=MS4wLjABAAAANwkJuWIRFOzg5uCpDRpMj4OX-QryoDgn-yYlXQnRwQQ&with_sec_did=1&video_share_track_ver=&titleType=title&share_sign=wfCU.qdNw11f06_9f581yCrzyDMk87WplH38Y9ex84Y-&share_version=0&ts=1787996675&from_aid=6383&from_ssr=1&share_track_info=%7B%22link_description_type%22%3A%22%22%7D,2928,853,174
7624139097653559738,小心驶得万年船，记得一定分批间隔20块加仓！#七王爷,2026-04-02 20:33:34 CST,https://www.iesdouyin.com/share/video/7624139097653559738/?region=US&mid=7624139039251204914&u_code=0&did=MS4wLjABAAAAgDQbitRTDSdo2ngCCE692lcnhDuxa7oy99O-8xe4VJhJ8VH0yDt0vXiGp2vl892b&iid=MS4wLjABAAAANwkJuWIRFOzg5uCpDRpMj4OX-QryoDgn-yYlXQnRwQQ&with_sec_did=1&video_share_track_ver=&titleType=title&share_sign=ZpSseWgV90POQh_oWaEPEWXCJb6mMLDIUfX.a2t0w0I-&share_version=0&ts=1787996675&from_aid=6383&from_ssr=1&share_track_info=%7B%22link_description_type%22%3A%22%22%7D,3207,821,173
7624131807118133371,人教人教不会，事教人一下就会了！ 但是在1050-1055要求减仓的现在会有人来感谢我吗？#七王爷,2026-04-02 20:05:16 CST,https://www.iesdouyin.com/share/video/7624131807118133371/?region=US&mid=7624131682580318976&u_code=0&did=MS4wLjABAAAAgDQbitRTDSdo2ngCCE692lcnhDuxa7oy99O-8xe4VJhJ8VH0yDt0vXiGp2vl892b&iid=MS4wLjABAAAANwkJuWIRFOzg5uCpDRpMj4OX-QryoDgn-yYlXQnRwQQ&with_sec_did=1&video_share_track_ver=&titleType=title&share_sign=wO.ljwLenYO84MvqoX_0V8MZ86vjgpujNfauW4dWngk-&share_version=0&ts=1787996675&from_aid=6383&from_ssr=1&share_track_info=%7B%22link_description_type%22%3A%22%22%7D,3356,799,82
7623978914301390075,我能做的只能到这里了！学会间隔仓位，不要密集仓位#七王爷,2026-04-02 10:11:58 CST,https://www.iesdouyin.com/share/video/7623978914301390075/?region=US&mid=7623978763048028962&u_code=0&did=MS4wLjABAAAAgDQbitRTDSdo2ngCCE692lcnhDuxa7oy99O-8xe4VJhJ8VH0yDt0vXiGp2vl892b&iid=MS4wLjABAAAANwkJuWIRFOzg5uCpDRpMj4OX-QryoDgn-yYlXQnRwQQ&with_sec_did=1&video_share_track_ver=&titleType=title&share_sign=TBg7EuSnccUpoz908BriyL42rYUvp2AIy9S3XtRi8k4-&share_version=0&ts=1787996675&from_aid=6383&from_ssr=1&share_track_info=%7B%22link_description_type%22%3A%22%22%7D,5567,3384,910
7623973844155716273,学会间隔补仓#七王爷,2026-04-02 09:52:18 CST,https://www.iesdouyin.com/share/video/7623973844155716273/?region=US&mid=7623973718183775012&u_code=0&did=MS4wLjABAAAAgDQbitRTDSdo2ngCCE692lcnhDuxa7oy99O-8xe4VJhJ8VH0yDt0vXiGp2vl892b&iid=MS4wLjABAAAANwkJuWIRFOzg5uCpDRpMj4OX-QryoDgn-yYlXQnRwQQ&with_sec_did=1&video_share_track_ver=&titleType=title&share_sign=4bS4I4TvX3DChQ5J.OZi_SPMsenGD8.3kUeas40V1h8-&share_version=0&ts=1787996675&from_aid=6383&from_ssr=1&share_track_info=%7B%22link_description_type%22%3A%22%22%7D,6559,1900,630
7623968108784965369,一定做好间隔补仓#七王爷,2026-04-02 09:30:03 CST,https://www.iesdouyin.com/share/video/7623968108784965369/?region=US&mid=7623968005067672361&u_code=0&did=MS4wLjABAAAAgDQbitRTDSdo2ngCCE692lcnhDuxa7oy99O-8xe4VJhJ8VH0yDt0vXiGp2vl892b&iid=MS4wLjABAAAANwkJuWIRFOzg5uCpDRpMj4OX-QryoDgn-yYlXQnRwQQ&with_sec_did=1&video_share_track_ver=&titleType=title&share_sign=EIbdU7aeXnJ0chGxIHyT4E7YRlJC77QoCbQ0ScHlCuk-&share_version=0&ts=1787996675&from_aid=6383&from_ssr=1&share_track_info=%7B%22link_description_type%22%3A%22%22%7D,1707,1101,90
7623839967983290234,今晚多空对决，多头胜利#七王爷,2026-04-02 01:12:49 CST,https://www.iesdouyin.com/share/video/7623839967983290234/?region=US&mid=7623839906040744740&u_code=0&did=MS4wLjABAAAAgDQbitRTDSdo2ngCCE692lcnhDuxa7oy99O-8xe4VJhJ8VH0yDt0vXiGp2vl892b&iid=MS4wLjABAAAANwkJuWIRFOzg5uCpDRpMj4OX-QryoDgn-yYlXQnRwQQ&with_sec_did=1&video_share_track_ver=&titleType=title&share_sign=SxwQGpdXcE5JvCMxy2dLJiGQy2AxVin2Mu.cHOyvcro-&share_version=0&ts=1787996675&from_aid=6383&from_ssr=1&share_track_info=%7B%22link_description_type%22%3A%22%22%7D,3243,836,239
7623791998335622779,今晚三利空，我前面让1050-1055减仓3/1！对了#七王爷,2026-04-01 22:06:38 CST,https://www.iesdouyin.com/share/video/7623791998335622779/?region=US&mid=7623791974352866094&u_code=0&did=MS4wLjABAAAAgDQbitRTDSdo2ngCCE692lcnhDuxa7oy99O-8xe4VJhJ8VH0yDt0vXiGp2vl892b&iid=MS4wLjABAAAANwkJuWIRFOzg5uCpDRpMj4OX-QryoDgn-yYlXQnRwQQ&with_sec_did=1&video_share_track_ver=&titleType=title&share_sign=WYXQUR4g8AXkn7rSX76j._mt7fH9FvsHWAVXGfYGEHw-&share_version=0&ts=1787996675&from_aid=6383&from_ssr=1&share_track_info=%7B%22link_description_type%22%3A%22%22%7D,3559,1473,261
7623776087583122299,嗯#七王爷,2026-04-01 21:04:54 CST,https://www.iesdouyin.com/share/video/7623776087583122299/?region=US&mid=7623776049018112831&u_code=0&did=MS4wLjABAAAAgDQbitRTDSdo2ngCCE692lcnhDuxa7oy99O-8xe4VJhJ8VH0yDt0vXiGp2vl892b&iid=MS4wLjABAAAANwkJuWIRFOzg5uCpDRpMj4OX-QryoDgn-yYlXQnRwQQ&with_sec_did=1&video_share_track_ver=&titleType=title&share_sign=mnRUtl7a5ojFWiDYxoBBdoSzZZkQp9gTFZp_DSU28OU-&share_version=0&ts=1787996675&from_aid=6383&from_ssr=1&share_track_info=%7B%22link_description_type%22%3A%22%22%7D,4545,1151,783
7623711627310175099,无动力更新#七王爷,2026-04-01 16:54:46 CST,https://www.iesdouyin.com/share/video/7623711627310175099/?region=US&mid=7623711612322614043&u_code=0&did=MS4wLjABAAAAgDQbitRTDSdo2ngCCE692lcnhDuxa7oy99O-8xe4VJhJ8VH0yDt0vXiGp2vl892b&iid=MS4wLjABAAAANwkJuWIRFOzg5uCpDRpMj4OX-QryoDgn-yYlXQnRwQQ&with_sec_did=1&video_share_track_ver=&titleType=title&share_sign=9YtZYj6ZAnDUbFH4qxUUfFkLBRHgaeBty.LyzqvA6z4-&share_version=0&ts=1787996675&from_aid=6383&from_ssr=1&share_track_info=%7B%22link_description_type%22%3A%22%22%7D,5468,3040,145
7623467416882226161,刚刚拉涨的原因#七王爷,2026-04-01 01:07:07 CST,https://www.iesdouyin.com/share/video/7623467416882226161/?region=US&mid=7623467153605266176&u_code=0&did=MS4wLjABAAAAgDQbitRTDSdo2ngCCE692lcnhDuxa7oy99O-8xe4VJhJ8VH0yDt0vXiGp2vl892b&iid=MS4wLjABAAAANwkJuWIRFOzg5uCpDRpMj4OX-QryoDgn-yYlXQnRwQQ&with_sec_did=1&video_share_track_ver=&titleType=title&share_sign=mittyE2W9FqQnMuVDRaa__qiERg54zgpMDF0SISPAiA-&share_version=0&ts=1787996675&from_aid=6383&from_ssr=1&share_track_info=%7B%22link_description_type%22%3A%22%22%7D,4833,1435,879
7623440453186972858,说给自己，也告诫大家#七王爷,2026-03-31 23:22:28 CST,https://www.iesdouyin.com/share/video/7623440453186972858/?region=US&mid=7623440430784662323&u_code=0&did=MS4wLjABAAAAgDQbitRTDSdo2ngCCE692lcnhDuxa7oy99O-8xe4VJhJ8VH0yDt0vXiGp2vl892b&iid=MS4wLjABAAAANwkJuWIRFOzg5uCpDRpMj4OX-QryoDgn-yYlXQnRwQQ&with_sec_did=1&video_share_track_ver=&titleType=title&share_sign=eQw3Q6OtRkJOcKxxVKCLTAmKqoQu3M_a7g2mKr1Si5I-&share_version=0&ts=1787996675&from_aid=6383&from_ssr=1&share_track_info=%7B%22link_description_type%22%3A%22%22%7D,3142,751,263
7623433581411737849,把你心目中加仓位置写出来#七王爷,2026-03-31 22:55:48 CST,https://www.iesdouyin.com/share/video/7623433581411737849/?region=US&mid=7623433487684537094&u_code=0&did=MS4wLjABAAAAgDQbitRTDSdo2ngCCE692lcnhDuxa7oy99O-8xe4VJhJ8VH0yDt0vXiGp2vl892b&iid=MS4wLjABAAAANwkJuWIRFOzg5uCpDRpMj4OX-QryoDgn-yYlXQnRwQQ&with_sec_did=1&video_share_track_ver=&titleType=title&share_sign=7R9CNX20lhAMTCJuiqspxzNEtWtMYkdYwypkvyFwR_4-&share_version=0&ts=1787996675&from_aid=6383&from_ssr=1&share_track_info=%7B%22link_description_type%22%3A%22%22%7D,3035,817,255
7623412095368140529,短线千万猛干#七王爷,2026-03-31 21:32:25 CST,https://www.iesdouyin.com/share/video/7623412095368140529/?region=US&mid=7623412001729366820&u_code=0&did=MS4wLjABAAAAgDQbitRTDSdo2ngCCE692lcnhDuxa7oy99O-8xe4VJhJ8VH0yDt0vXiGp2vl892b&iid=MS4wLjABAAAANwkJuWIRFOzg5uCpDRpMj4OX-QryoDgn-yYlXQnRwQQ&with_sec_did=1&video_share_track_ver=&titleType=title&share_sign=B0WuUgApkwrtu1wWOYBJxTL1DHtoPRSdN8qnPnimWbw-&share_version=0&ts=1787996675&from_aid=6383&from_ssr=1&share_track_info=%7B%22link_description_type%22%3A%22%22%7D,6739,711,1506
7623403836778079162,虽然到处都是利好，但是警惕第二次回调#七王爷,2026-03-31 21:00:22 CST,https://www.iesdouyin.com/share/video/7623403836778079162/?region=US&mid=7623403768599563023&u_code=0&did=MS4wLjABAAAAgDQbitRTDSdo2ngCCE692lcnhDuxa7oy99O-8xe4VJhJ8VH0yDt0vXiGp2vl892b&iid=MS4wLjABAAAANwkJuWIRFOzg5uCpDRpMj4OX-QryoDgn-yYlXQnRwQQ&with_sec_did=1&video_share_track_ver=&titleType=title&share_sign=U0s6mIQ2gR5pF1EnbkB0BMCF_dDJMmHBv889Xhezfrc-&share_version=0&ts=1787996675&from_aid=6383&from_ssr=1&share_track_info=%7B%22link_description_type%22%3A%22%22%7D,2922,458,412
7623393573668859130,报喜贴#七王爷,2026-03-31 20:20:33 CST,https://www.iesdouyin.com/share/video/7623393573668859130/?region=US&mid=7623393514378119942&u_code=0&did=MS4wLjABAAAAgDQbitRTDSdo2ngCCE692lcnhDuxa7oy99O-8xe4VJhJ8VH0yDt0vXiGp2vl892b&iid=MS4wLjABAAAANwkJuWIRFOzg5uCpDRpMj4OX-QryoDgn-yYlXQnRwQQ&with_sec_did=1&video_share_track_ver=&titleType=title&share_sign=3VsXtBb4ueYY5KBw9afgeHZe0QtJn.AI5831867VTtc-&share_version=0&ts=1787996675&from_aid=6383&from_ssr=1&share_track_info=%7B%22link_description_type%22%3A%22%22%7D,3664,1005,91
7623109653618094961,果然发不出来，就不打字幕了#七王爷,2026-03-31 01:58:47 CST,https://www.iesdouyin.com/share/video/7623109653618094961/?region=US&mid=7623109101207374627&u_code=0&did=MS4wLjABAAAAgDQbitRTDSdo2ngCCE692lcnhDuxa7oy99O-8xe4VJhJ8VH0yDt0vXiGp2vl892b&iid=MS4wLjABAAAANwkJuWIRFOzg5uCpDRpMj4OX-QryoDgn-yYlXQnRwQQ&with_sec_did=1&video_share_track_ver=&titleType=title&share_sign=V6Vga24G_SSqW79Ua71s9beea328vgnRbdJF0jhE0Cw-&share_version=0&ts=1787996675&from_aid=6383&from_ssr=1&share_track_info=%7B%22link_description_type%22%3A%22%22%7D,3227,484,66
7623084458564590577,视频后方有彩蛋#七王爷,2026-03-31 00:21:02 CST,https://www.iesdouyin.com/share/video/7623084458564590577/?region=US&mid=7623084366373063465&u_code=0&did=MS4wLjABAAAAgDQbitRTDSdo2ngCCE692lcnhDuxa7oy99O-8xe4VJhJ8VH0yDt0vXiGp2vl892b&iid=MS4wLjABAAAANwkJuWIRFOzg5uCpDRpMj4OX-QryoDgn-yYlXQnRwQQ&with_sec_did=1&video_share_track_ver=&titleType=title&share_sign=jfOUEvfWUSXm7f2HCtuCFF3s9mUqjIsyPtNtM0wF0SI-&share_version=0&ts=1787996675&from_aid=6383&from_ssr=1&share_track_info=%7B%22link_description_type%22%3A%22%22%7D,4059,487,306
7623049701856493947,只有视频跟得紧，才了解俺#七王爷,2026-03-30 22:06:09 CST,https://www.iesdouyin.com/share/video/7623049701856493947/?region=US&mid=7623049520968305448&u_code=0&did=MS4wLjABAAAAgDQbitRTDSdo2ngCCE692lcnhDuxa7oy99O-8xe4VJhJ8VH0yDt0vXiGp2vl892b&iid=MS4wLjABAAAANwkJuWIRFOzg5uCpDRpMj4OX-QryoDgn-yYlXQnRwQQ&with_sec_did=1&video_share_track_ver=&titleType=title&share_sign=Rr.pw8LppWbhxXj_IxnX7KyBAj5tCC81oR8_zJ.jj2A-&share_version=0&ts=1787996675&from_aid=6383&from_ssr=1&share_track_info=%7B%22link_description_type%22%3A%22%22%7D,3441,1077,67
7623043772235310065,22:30以后会有波动#七王爷,2026-03-30 21:43:08 CST,https://www.iesdouyin.com/share/video/7623043772235310065/?region=US&mid=7623043656354057000&u_code=0&did=MS4wLjABAAAAgDQbitRTDSdo2ngCCE692lcnhDuxa7oy99O-8xe4VJhJ8VH0yDt0vXiGp2vl892b&iid=MS4wLjABAAAANwkJuWIRFOzg5uCpDRpMj4OX-QryoDgn-yYlXQnRwQQ&with_sec_did=1&video_share_track_ver=&titleType=title&share_sign=D56Txenw_qVEhOO9v.vW4mYu_mRoghyAMBgVmEOTbSo-&share_version=0&ts=1787996675&from_aid=6383&from_ssr=1&share_track_info=%7B%22link_description_type%22%3A%22%22%7D,2580,529,365
7623036686688233829,黄金第二阶段已经出现“避险属性”#七王爷  拉涨击破任何谣言,2026-03-30 21:15:38 CST,https://www.iesdouyin.com/share/video/7623036686688233829/?region=US&mid=7623036656806824746&u_code=0&did=MS4wLjABAAAAgDQbitRTDSdo2ngCCE692lcnhDuxa7oy99O-8xe4VJhJ8VH0yDt0vXiGp2vl892b&iid=MS4wLjABAAAANwkJuWIRFOzg5uCpDRpMj4OX-QryoDgn-yYlXQnRwQQ&with_sec_did=1&video_share_track_ver=&titleType=title&share_sign=IYcfJ9P_JqffI.Ey0NFrsboSB_F4KX9aaRxQwMr61FQ-&share_version=0&ts=1787996675&from_aid=6383&from_ssr=1&share_track_info=%7B%22link_description_type%22%3A%22%22%7D,2763,500,368
7623019081529038437,所有粉丝俺都是统一对待的#七王爷,2026-03-30 20:07:20 CST,https://www.iesdouyin.com/share/video/7623019081529038437/?region=US&mid=7623019041665403690&u_code=0&did=MS4wLjABAAAAgDQbitRTDSdo2ngCCE692lcnhDuxa7oy99O-8xe4VJhJ8VH0yDt0vXiGp2vl892b&iid=MS4wLjABAAAANwkJuWIRFOzg5uCpDRpMj4OX-QryoDgn-yYlXQnRwQQ&with_sec_did=1&video_share_track_ver=&titleType=title&share_sign=7I2M471h_IRepq5Rul2G4yI1eGrbB0Z4UU0yP120lpU-&share_version=0&ts=1787996675&from_aid=6383&from_ssr=1&share_track_info=%7B%22link_description_type%22%3A%22%22%7D,2895,735,426
7622677577840667833,会在9字与1000极限拉扯#七王爷,2026-03-29 22:02:07 CST,https://www.iesdouyin.com/share/video/7622677577840667833/?region=US&mid=7622677561490852646&u_code=0&did=MS4wLjABAAAAgDQbitRTDSdo2ngCCE692lcnhDuxa7oy99O-8xe4VJhJ8VH0yDt0vXiGp2vl892b&iid=MS4wLjABAAAANwkJuWIRFOzg5uCpDRpMj4OX-QryoDgn-yYlXQnRwQQ&with_sec_did=1&video_share_track_ver=&titleType=title&share_sign=iW1lWtNLjX8cA7ZvlA1LcgfPrOoH4Wi7bX7F1ShkmdU-&share_version=0&ts=1787996675&from_aid=6383&from_ssr=1&share_track_info=%7B%22link_description_type%22%3A%22%22%7D,5056,1063,552
7621851706561894650,合理管理仓位#七王爷,2026-03-27 16:37:19 CST,https://www.iesdouyin.com/share/video/7621851706561894650/?region=US&mid=7621851688316209958&u_code=0&did=MS4wLjABAAAAgDQbitRTDSdo2ngCCE692lcnhDuxa7oy99O-8xe4VJhJ8VH0yDt0vXiGp2vl892b&iid=MS4wLjABAAAANwkJuWIRFOzg5uCpDRpMj4OX-QryoDgn-yYlXQnRwQQ&with_sec_did=1&video_share_track_ver=&titleType=title&share_sign=4KNwnpn28PUQOyahyhYnm_EmWjlj.2TIP.MjMfoD2y4-&share_version=0&ts=1787996675&from_aid=6383&from_ssr=1&share_track_info=%7B%22link_description_type%22%3A%22%22%7D,2767,688,172
7621845728546032229,间距至少拉大到30块下跌#七王爷,2026-03-27 16:14:07 CST,https://www.iesdouyin.com/share/video/7621845728546032229/?region=US&mid=7621845696794069786&u_code=0&did=MS4wLjABAAAAgDQbitRTDSdo2ngCCE692lcnhDuxa7oy99O-8xe4VJhJ8VH0yDt0vXiGp2vl892b&iid=MS4wLjABAAAANwkJuWIRFOzg5uCpDRpMj4OX-QryoDgn-yYlXQnRwQQ&with_sec_did=1&video_share_track_ver=&titleType=title&share_sign=5d4yvGGRvGibnj7qMkn7ScTHGCJEV_NTydYDv5r9VHY-&share_version=0&ts=1787996675&from_aid=6383&from_ssr=1&share_track_info=%7B%22link_description_type%22%3A%22%22%7D,3292,671,427
7621577299700476837,😂#七王爷,2026-03-26 22:52:29 CST,https://www.iesdouyin.com/share/video/7621577299700476837/?region=US&mid=7621577055357553427&u_code=0&did=MS4wLjABAAAAgDQbitRTDSdo2ngCCE692lcnhDuxa7oy99O-8xe4VJhJ8VH0yDt0vXiGp2vl892b&iid=MS4wLjABAAAANwkJuWIRFOzg5uCpDRpMj4OX-QryoDgn-yYlXQnRwQQ&with_sec_did=1&video_share_track_ver=&titleType=title&share_sign=pVGemdYkCdhy6GT4Wx9I5no3GR3rEsuD1VQXsO0NvuU-&share_version=0&ts=1787996675&from_aid=6383&from_ssr=1&share_track_info=%7B%22link_description_type%22%3A%22%22%7D,2118,768,136
7621567326130948773,手把手教，低吸高抛的方法#七王爷,2026-03-26 22:13:46 CST,https://www.iesdouyin.com/share/video/7621567326130948773/?region=US&mid=7621567311090076454&u_code=0&did=MS4wLjABAAAAgDQbitRTDSdo2ngCCE692lcnhDuxa7oy99O-8xe4VJhJ8VH0yDt0vXiGp2vl892b&iid=MS4wLjABAAAANwkJuWIRFOzg5uCpDRpMj4OX-QryoDgn-yYlXQnRwQQ&with_sec_did=1&video_share_track_ver=&titleType=title&share_sign=x304XE4dvDjGP5V2ak1hisrxZ_UnBcWelI3xHegUzIc-&share_version=0&ts=1787996675&from_aid=6383&from_ssr=1&share_track_info=%7B%22link_description_type%22%3A%22%22%7D,3974,606,755
7621562196904993466,不要刻舟求剑，仅见学会见好就收#七王爷,2026-03-26 21:53:53 CST,https://www.iesdouyin.com/share/video/7621562196904993466/?region=US&mid=7621562138843171618&u_code=0&did=MS4wLjABAAAAgDQbitRTDSdo2ngCCE692lcnhDuxa7oy99O-8xe4VJhJ8VH0yDt0vXiGp2vl892b&iid=MS4wLjABAAAANwkJuWIRFOzg5uCpDRpMj4OX-QryoDgn-yYlXQnRwQQ&with_sec_did=1&video_share_track_ver=&titleType=title&share_sign=fF1agJPvFVjggYZkysoHGK3UegebF02KuyBo6eGCjKo-&share_version=0&ts=1787996675&from_aid=6383&from_ssr=1&share_track_info=%7B%22link_description_type%22%3A%22%22%7D,2971,567,276
7621553960545787493,你关心牛于熊的问题#黄金牛市 #七王爷,2026-03-26 21:21:55 CST,https://www.iesdouyin.com/share/video/7621553960545787493/?region=US&mid=7621554014509009714&u_code=0&did=MS4wLjABAAAAgDQbitRTDSdo2ngCCE692lcnhDuxa7oy99O-8xe4VJhJ8VH0yDt0vXiGp2vl892b&iid=MS4wLjABAAAANwkJuWIRFOzg5uCpDRpMj4OX-QryoDgn-yYlXQnRwQQ&with_sec_did=1&video_share_track_ver=&titleType=title&share_sign=wLSCgfVS96OwH9mZLbKKv3ndAMapqAg69AhgZ9lCiVE-&share_version=0&ts=1787996675&from_aid=6383&from_ssr=1&share_track_info=%7B%22link_description_type%22%3A%22%22%7D,4902,1448,1096
7621531081669412849,昨天我的三条视频救了多少人，告诉我#七王爷,2026-03-26 19:53:08 CST,https://www.iesdouyin.com/share/video/7621531081669412849/?region=US&mid=7621531046105877311&u_code=0&did=MS4wLjABAAAAgDQbitRTDSdo2ngCCE692lcnhDuxa7oy99O-8xe4VJhJ8VH0yDt0vXiGp2vl892b&iid=MS4wLjABAAAANwkJuWIRFOzg5uCpDRpMj4OX-QryoDgn-yYlXQnRwQQ&with_sec_did=1&video_share_track_ver=&titleType=title&share_sign=7P.F72u8UbQSZqcYj8nGkUJtCp8UklIE_tzjrPHJOLU-&share_version=0&ts=1787996678&from_aid=6383&from_ssr=1&share_track_info=%7B%22link_description_type%22%3A%22%22%7D,3169,1247,111
7621225350286857977,人生短短三万天，没有什么比你爱你自己更重要#七王爷,2026-03-26 00:06:44 CST,https://www.iesdouyin.com/share/video/7621225350286857977/?region=US&mid=7621225293935594303&u_code=0&did=MS4wLjABAAAAgDQbitRTDSdo2ngCCE692lcnhDuxa7oy99O-8xe4VJhJ8VH0yDt0vXiGp2vl892b&iid=MS4wLjABAAAANwkJuWIRFOzg5uCpDRpMj4OX-QryoDgn-yYlXQnRwQQ&with_sec_did=1&video_share_track_ver=&titleType=title&share_sign=OGekt1PcvuRkZk1c4vL7XMFXIcEl452fSWROApo68ec-&share_version=0&ts=1787996678&from_aid=6383&from_ssr=1&share_track_info=%7B%22link_description_type%22%3A%22%22%7D,4030,713,212
7621191177959119537,时间是最好的朋友#七王爷,2026-03-25 21:54:08 CST,https://www.iesdouyin.com/share/video/7621191177959119537/?region=US&mid=7621191121675848483&u_code=0&did=MS4wLjABAAAAgDQbitRTDSdo2ngCCE692lcnhDuxa7oy99O-8xe4VJhJ8VH0yDt0vXiGp2vl892b&iid=MS4wLjABAAAANwkJuWIRFOzg5uCpDRpMj4OX-QryoDgn-yYlXQnRwQQ&with_sec_did=1&video_share_track_ver=&titleType=title&share_sign=sRXQ4jp4wv7JV7OG1IGz2eDwasPgyXaDL1l8FkIM_f0-&share_version=0&ts=1787996678&from_aid=6383&from_ssr=1&share_track_info=%7B%22link_description_type%22%3A%22%22%7D,3629,706,470
7621178983182687673,传送门！自己打车来，那边发了三条#七王爷,2026-03-25 21:06:48 CST,https://www.iesdouyin.com/share/video/7621178983182687673/?region=US&mid=7621178944074648326&u_code=0&did=MS4wLjABAAAAgDQbitRTDSdo2ngCCE692lcnhDuxa7oy99O-8xe4VJhJ8VH0yDt0vXiGp2vl892b&iid=MS4wLjABAAAANwkJuWIRFOzg5uCpDRpMj4OX-QryoDgn-yYlXQnRwQQ&with_sec_did=1&video_share_track_ver=&titleType=title&share_sign=KVoGWpjlPU0Xky3sv8vhCY0x9CiAvucfMlWiLxjGRMM-&share_version=0&ts=1787996678&from_aid=6383&from_ssr=1&share_track_info=%7B%22link_description_type%22%3A%22%22%7D,2861,588,62
7621171583562688753,很多事情不着急，时间是个好东西！会等到大家想要的#七王爷,2026-03-25 20:38:05 CST,https://www.iesdouyin.com/share/video/7621171583562688753/?region=US&mid=7621171459725347630&u_code=0&did=MS4wLjABAAAAgDQbitRTDSdo2ngCCE692lcnhDuxa7oy99O-8xe4VJhJ8VH0yDt0vXiGp2vl892b&iid=MS4wLjABAAAANwkJuWIRFOzg5uCpDRpMj4OX-QryoDgn-yYlXQnRwQQ&with_sec_did=1&video_share_track_ver=&titleType=title&share_sign=JUZN3K01L7Gj.AZfFjDKuHN0MTjVZ3I2T32TR4ReF_Y-&share_version=0&ts=1787996678&from_aid=6383&from_ssr=1&share_track_info=%7B%22link_description_type%22%3A%22%22%7D,5795,1277,1515
7621039767912728570,今日份快乐，女人要懂得取悦自己！ 我昨天在实物加仓的，告诉下姐妹们@艺潮首饰水贝九九甄选,2026-03-25 12:06:35 CST,https://www.iesdouyin.com/share/video/7621039767912728570/?region=US&mid=7621039626640788239&u_code=0&did=MS4wLjABAAAAgDQbitRTDSdo2ngCCE692lcnhDuxa7oy99O-8xe4VJhJ8VH0yDt0vXiGp2vl892b&iid=MS4wLjABAAAANwkJuWIRFOzg5uCpDRpMj4OX-QryoDgn-yYlXQnRwQQ&with_sec_did=1&video_share_track_ver=&titleType=title&share_sign=RrYz6S23V5dnzYj8XzcoZ77e_JWkOY2Td_2PMTCON5I-&share_version=0&ts=1787996678&from_aid=6383&from_ssr=1&share_track_info=%7B%22link_description_type%22%3A%22%22%7D,1818,544,537
7621024978003225082,准备直播了！来找我吧！老地方！,2026-03-25 11:09:12 CST,https://www.iesdouyin.com/share/video/7621024978003225082/?region=US&mid=7621024873984314127&u_code=0&did=MS4wLjABAAAAgDQbitRTDSdo2ngCCE692lcnhDuxa7oy99O-8xe4VJhJ8VH0yDt0vXiGp2vl892b&iid=MS4wLjABAAAANwkJuWIRFOzg5uCpDRpMj4OX-QryoDgn-yYlXQnRwQQ&with_sec_did=1&video_share_track_ver=&titleType=title&share_sign=snsNrvN9c7EpbM9qyiaJlbbcwt5z05ZHgrAXT_.tp48-&share_version=0&ts=1787996678&from_aid=6383&from_ssr=1&share_track_info=%7B%22link_description_type%22%3A%22%22%7D,2117,395,159
7621012145954930682,不要因为短暂涨跌而影响自己的心情#七王爷,2026-03-25 10:19:24 CST,https://www.iesdouyin.com/share/video/7621012145954930682/?region=US&mid=7621012067390835483&u_code=0&did=MS4wLjABAAAAgDQbitRTDSdo2ngCCE692lcnhDuxa7oy99O-8xe4VJhJ8VH0yDt0vXiGp2vl892b&iid=MS4wLjABAAAANwkJuWIRFOzg5uCpDRpMj4OX-QryoDgn-yYlXQnRwQQ&with_sec_did=1&video_share_track_ver=&titleType=title&share_sign=cKFPFKZns9lPxZRrm6xrHGoeqf.aadD8pAEokqpKRDc-&share_version=0&ts=1787996678&from_aid=6383&from_ssr=1&share_track_info=%7B%22link_description_type%22%3A%22%22%7D,2508,708,386
7621001731246695419,以后我不会喊任何人加仓，也不会喊任何人不追高，也再也不喊任何人要不要下下车了！ 为什么同样是视频，有人就听我的在4000-4200补了仓。你被吓破胆没有补要怪我？回答#七王爷,2026-03-25 09:38:59 CST,https://www.iesdouyin.com/share/video/7621001731246695419/?region=US&mid=7621001689604164402&u_code=0&did=MS4wLjABAAAAgDQbitRTDSdo2ngCCE692lcnhDuxa7oy99O-8xe4VJhJ8VH0yDt0vXiGp2vl892b&iid=MS4wLjABAAAANwkJuWIRFOzg5uCpDRpMj4OX-QryoDgn-yYlXQnRwQQ&with_sec_did=1&video_share_track_ver=&titleType=title&share_sign=dK4HG8.BnkbbrWCwQwAyvHpXOcZ.eD8YKEubc0u193A-&share_version=0&ts=1787996678&from_aid=6383&from_ssr=1&share_track_info=%7B%22link_description_type%22%3A%22%22%7D,1829,674,63
7620844053064237563,个人观点，经供参考#七王爷,2026-03-24 23:27:06 CST,https://www.iesdouyin.com/share/video/7620844053064237563/?region=US&mid=7620844071749192498&u_code=0&did=MS4wLjABAAAAgDQbitRTDSdo2ngCCE692lcnhDuxa7oy99O-8xe4VJhJ8VH0yDt0vXiGp2vl892b&iid=MS4wLjABAAAANwkJuWIRFOzg5uCpDRpMj4OX-QryoDgn-yYlXQnRwQQ&with_sec_did=1&video_share_track_ver=&titleType=title&share_sign=XoDU5luhrWbALHqQZKOGz.rtAX.Pz22L8seesUd3k5I-&share_version=0&ts=1787996678&from_aid=6383&from_ssr=1&share_track_info=%7B%22link_description_type%22%3A%22%22%7D,2478,762,220
7620823986352941477,你有啥规划？#七王爷,2026-03-24 22:09:14 CST,https://www.iesdouyin.com/share/video/7620823986352941477/?region=US&mid=7620823943440321320&u_code=0&did=MS4wLjABAAAAgDQbitRTDSdo2ngCCE692lcnhDuxa7oy99O-8xe4VJhJ8VH0yDt0vXiGp2vl892b&iid=MS4wLjABAAAANwkJuWIRFOzg5uCpDRpMj4OX-QryoDgn-yYlXQnRwQQ&with_sec_did=1&video_share_track_ver=&titleType=title&share_sign=4Mg6Ti3b.62XdZOZoKaNucjswICayl98TUYZoIjal3Q-&share_version=0&ts=1787996678&from_aid=6383&from_ssr=1&share_track_info=%7B%22link_description_type%22%3A%22%22%7D,3183,740,249
7620749864662654565,严格遵守记录，行情不明朗时间，大家记得不空仓，不满仓#七王爷,2026-03-24 17:21:37 CST,https://www.iesdouyin.com/share/video/7620749864662654565/?region=US&mid=7620749714926537507&u_code=0&did=MS4wLjABAAAAgDQbitRTDSdo2ngCCE692lcnhDuxa7oy99O-8xe4VJhJ8VH0yDt0vXiGp2vl892b&iid=MS4wLjABAAAANwkJuWIRFOzg5uCpDRpMj4OX-QryoDgn-yYlXQnRwQQ&with_sec_did=1&video_share_track_ver=&titleType=title&share_sign=av.MQjlyjgJXNkNrpc77iQWgDycqWLT6SG.30esbaLA-&share_version=0&ts=1787996678&from_aid=6383&from_ssr=1&share_track_info=%7B%22link_description_type%22%3A%22%22%7D,3220,825,598
7620453343764340090,每次很多人连看视频时间都不耐心，那还说啥呢？ 我每一条视频都拍的很长#七王爷,2026-03-23 22:10:57 CST,https://www.iesdouyin.com/share/video/7620453343764340090/?region=US&mid=7620453304354589480&u_code=0&did=MS4wLjABAAAAgDQbitRTDSdo2ngCCE692lcnhDuxa7oy99O-8xe4VJhJ8VH0yDt0vXiGp2vl892b&iid=MS4wLjABAAAANwkJuWIRFOzg5uCpDRpMj4OX-QryoDgn-yYlXQnRwQQ&with_sec_did=1&video_share_track_ver=&titleType=title&share_sign=yjCg8MnV7Ga7JU5ppe_hxXpv9Uvw7p4NKTmC.YWk66s-&share_version=0&ts=1787996678&from_aid=6383&from_ssr=1&share_track_info=%7B%22link_description_type%22%3A%22%22%7D,6761,2431,1672
7620436581498262949,一油落，万物生#七王爷,2026-03-23 21:05:55 CST,https://www.iesdouyin.com/share/video/7620436581498262949/?region=US&mid=7620436573783608100&u_code=0&did=MS4wLjABAAAAgDQbitRTDSdo2ngCCE692lcnhDuxa7oy99O-8xe4VJhJ8VH0yDt0vXiGp2vl892b&iid=MS4wLjABAAAANwkJuWIRFOzg5uCpDRpMj4OX-QryoDgn-yYlXQnRwQQ&with_sec_did=1&video_share_track_ver=&titleType=title&share_sign=.ZfC7rgVfRHhbDgL3tB2UgZjkvJO_DJgJAUItazlUKU-&share_version=0&ts=1787996678&from_aid=6383&from_ssr=1&share_track_info=%7B%22link_description_type%22%3A%22%22%7D,7399,1615,2910
7620352424075583345,警惕阴跌#七王爷,2026-03-23 15:39:21 CST,https://www.iesdouyin.com/share/video/7620352424075583345/?region=US&mid=7620352351258938154&u_code=0&did=MS4wLjABAAAAgDQbitRTDSdo2ngCCE692lcnhDuxa7oy99O-8xe4VJhJ8VH0yDt0vXiGp2vl892b&iid=MS4wLjABAAAANwkJuWIRFOzg5uCpDRpMj4OX-QryoDgn-yYlXQnRwQQ&with_sec_did=1&video_share_track_ver=&titleType=title&share_sign=jDxAJ0JsAOJpZ3GLAlpnhJYItj9yCjdExl0FLr81eQI-&share_version=0&ts=1787996678&from_aid=6383&from_ssr=1&share_track_info=%7B%22link_description_type%22%3A%22%22%7D,4248,1670,1420
7620277304934391417,还没有企稳#七王爷,2026-03-23 10:47:50 CST,https://www.iesdouyin.com/share/video/7620277304934391417/?region=US&mid=7620277282225392434&u_code=0&did=MS4wLjABAAAAgDQbitRTDSdo2ngCCE692lcnhDuxa7oy99O-8xe4VJhJ8VH0yDt0vXiGp2vl892b&iid=MS4wLjABAAAANwkJuWIRFOzg5uCpDRpMj4OX-QryoDgn-yYlXQnRwQQ&with_sec_did=1&video_share_track_ver=&titleType=title&share_sign=aKpDXl7LhV33pr9Dgn93YJJYrAR7Zwk5nJklNeWX_Bg-&share_version=0&ts=1787996678&from_aid=6383&from_ssr=1&share_track_info=%7B%22link_description_type%22%3A%22%22%7D,4108,1854,1369
7620103239555404922,谣言止于智者#七王爷,2026-03-22 23:32:23 CST,https://www.iesdouyin.com/share/video/7620103239555404922/?region=US&mid=7620102968318511914&u_code=0&did=MS4wLjABAAAAgDQbitRTDSdo2ngCCE692lcnhDuxa7oy99O-8xe4VJhJ8VH0yDt0vXiGp2vl892b&iid=MS4wLjABAAAANwkJuWIRFOzg5uCpDRpMj4OX-QryoDgn-yYlXQnRwQQ&with_sec_did=1&video_share_track_ver=&titleType=title&share_sign=ggnVDHQz55kIf41L6bZ53_oebbCowWCG8Gen..j2GmQ-&share_version=0&ts=1787996678&from_aid=6383&from_ssr=1&share_track_info=%7B%22link_description_type%22%3A%22%22%7D,4238,1814,60
7620092727011876538,长期利好基石#美债规模突破前三十万亿 #七王爷,2026-03-22 22:51:34 CST,https://www.iesdouyin.com/share/video/7620092727011876538/?region=US&mid=7620092613802134312&u_code=0&did=MS4wLjABAAAAgDQbitRTDSdo2ngCCE692lcnhDuxa7oy99O-8xe4VJhJ8VH0yDt0vXiGp2vl892b&iid=MS4wLjABAAAANwkJuWIRFOzg5uCpDRpMj4OX-QryoDgn-yYlXQnRwQQ&with_sec_did=1&video_share_track_ver=&titleType=title&share_sign=WDCP1QIdvprcnAkPGEgAa2WAUl6aJDo524PfRUFZZbQ-&share_version=0&ts=1787996678&from_aid=6383&from_ssr=1&share_track_info=%7B%22link_description_type%22%3A%22%22%7D,3417,1117,743
7620069222252585445,底部一旦企稳，就是回升#七王爷,2026-03-22 21:20:22 CST,https://www.iesdouyin.com/share/video/7620069222252585445/?region=US&mid=7620069137263725353&u_code=0&did=MS4wLjABAAAAgDQbitRTDSdo2ngCCE692lcnhDuxa7oy99O-8xe4VJhJ8VH0yDt0vXiGp2vl892b&iid=MS4wLjABAAAANwkJuWIRFOzg5uCpDRpMj4OX-QryoDgn-yYlXQnRwQQ&with_sec_did=1&video_share_track_ver=&titleType=title&share_sign=EQ367zj6Tgy.caF9IBCvDkveXr8UEiNkTt_vtztP08Y-&share_version=0&ts=1787996678&from_aid=6383&from_ssr=1&share_track_info=%7B%22link_description_type%22%3A%22%22%7D,3987,1811,548
7620061309820245669,下整周底部信号不明朗#七王爷,2026-03-22 20:49:39 CST,https://www.iesdouyin.com/share/video/7620061309820245669/?region=US&mid=7620061249358924553&u_code=0&did=MS4wLjABAAAAgDQbitRTDSdo2ngCCE692lcnhDuxa7oy99O-8xe4VJhJ8VH0yDt0vXiGp2vl892b&iid=MS4wLjABAAAANwkJuWIRFOzg5uCpDRpMj4OX-QryoDgn-yYlXQnRwQQ&with_sec_did=1&video_share_track_ver=&titleType=title&share_sign=kquT90f4mEDvT5EzPZNbuGOkqXo0WrQaUimLrMcTr4k-&share_version=0&ts=1787996678&from_aid=6383&from_ssr=1&share_track_info=%7B%22link_description_type%22%3A%22%22%7D,3978,1020,1385
7619695247921541819,真想即将浮出水面#七王爷,2026-03-21 21:09:09 CST,https://www.iesdouyin.com/share/video/7619695247921541819/?region=US&mid=7619695180565383970&u_code=0&did=MS4wLjABAAAAgDQbitRTDSdo2ngCCE692lcnhDuxa7oy99O-8xe4VJhJ8VH0yDt0vXiGp2vl892b&iid=MS4wLjABAAAANwkJuWIRFOzg5uCpDRpMj4OX-QryoDgn-yYlXQnRwQQ&with_sec_did=1&video_share_track_ver=&titleType=title&share_sign=zr.lQ8jz68TYzgHp2WSz9pL8DPtmYQ7Kz0My0e9gfAM-&share_version=0&ts=1787996678&from_aid=6383&from_ssr=1&share_track_info=%7B%22link_description_type%22%3A%22%22%7D,4550,1554,516
7619675248187511226,至暗时刻，黎明破晓#七王爷,2026-03-21 19:51:33 CST,https://www.iesdouyin.com/share/video/7619675248187511226/?region=US&mid=7619675241299839796&u_code=0&did=MS4wLjABAAAAgDQbitRTDSdo2ngCCE692lcnhDuxa7oy99O-8xe4VJhJ8VH0yDt0vXiGp2vl892b&iid=MS4wLjABAAAANwkJuWIRFOzg5uCpDRpMj4OX-QryoDgn-yYlXQnRwQQ&with_sec_did=1&video_share_track_ver=&titleType=title&share_sign=Ncz1VQG.A_6uZLXQXyJ1XOsGJo2QO.xR3itPrJrwEy8-&share_version=0&ts=1787996678&from_aid=6383&from_ssr=1&share_track_info=%7B%22link_description_type%22%3A%22%22%7D,4814,1666,676
7619663196954093754,假消息忙天飞#七王爷,2026-03-21 19:04:48 CST,https://www.iesdouyin.com/share/video/7619663196954093754/?region=US&mid=7619663179460184895&u_code=0&did=MS4wLjABAAAAgDQbitRTDSdo2ngCCE692lcnhDuxa7oy99O-8xe4VJhJ8VH0yDt0vXiGp2vl892b&iid=MS4wLjABAAAANwkJuWIRFOzg5uCpDRpMj4OX-QryoDgn-yYlXQnRwQQ&with_sec_did=1&video_share_track_ver=&titleType=title&share_sign=Oo0rDWYJfnluMmVxxD0Zo8ySJMKtgCZjECv8h7i7mEM-&share_version=0&ts=1787996678&from_aid=6383&from_ssr=1&share_track_info=%7B%22link_description_type%22%3A%22%22%7D,3218,1463,312
7619382482438180529,做最坏的打算！#七王爷,2026-03-21 00:55:28 CST,https://www.iesdouyin.com/share/video/7619382482438180529/?region=US&mid=7619382179138669347&u_code=0&did=MS4wLjABAAAAgDQbitRTDSdo2ngCCE692lcnhDuxa7oy99O-8xe4VJhJ8VH0yDt0vXiGp2vl892b&iid=MS4wLjABAAAANwkJuWIRFOzg5uCpDRpMj4OX-QryoDgn-yYlXQnRwQQ&with_sec_did=1&video_share_track_ver=&titleType=title&share_sign=APpfozivVkfQvlvaPeCDAg6SKfWe92OwVSitYP2BkQc-&share_version=0&ts=1787996678&from_aid=6383&from_ssr=1&share_track_info=%7B%22link_description_type%22%3A%22%22%7D,5506,2434,913
7619324471695181945,追涨必死，贷款必死，做杠杠必死#七王爷,2026-03-20 21:10:21 CST,https://www.iesdouyin.com/share/video/7619324471695181945/?region=US&mid=7619324471463447359&u_code=0&did=MS4wLjABAAAAgDQbitRTDSdo2ngCCE692lcnhDuxa7oy99O-8xe4VJhJ8VH0yDt0vXiGp2vl892b&iid=MS4wLjABAAAANwkJuWIRFOzg5uCpDRpMj4OX-QryoDgn-yYlXQnRwQQ&with_sec_did=1&video_share_track_ver=&titleType=title&share_sign=mGVppSAkRMBaXM4uADmd12UBr_yaz2pKt7ii.GZ6wRU-&share_version=0&ts=1787996678&from_aid=6383&from_ssr=1&share_track_info=%7B%22link_description_type%22%3A%22%22%7D,4586,1689,515
7619305771004050289,拿稳实物积存金！#七王爷,2026-03-20 19:57:47 CST,https://www.iesdouyin.com/share/video/7619305771004050289/?region=US&mid=7619305746035297033&u_code=0&did=MS4wLjABAAAAgDQbitRTDSdo2ngCCE692lcnhDuxa7oy99O-8xe4VJhJ8VH0yDt0vXiGp2vl892b&iid=MS4wLjABAAAANwkJuWIRFOzg5uCpDRpMj4OX-QryoDgn-yYlXQnRwQQ&with_sec_did=1&video_share_track_ver=&titleType=title&share_sign=nDUiDQWVeC_2TnlhJiw5f3QXM8bZCeV75KMRF03O.M8-&share_version=0&ts=1787996678&from_aid=6383&from_ssr=1&share_track_info=%7B%22link_description_type%22%3A%22%22%7D,4882,1104,454
7619300529583435195,切记红了不追，绿的才是机会#七王爷,2026-03-20 19:37:27 CST,https://www.iesdouyin.com/share/video/7619300529583435195/?region=US&mid=7619300513305135918&u_code=0&did=MS4wLjABAAAAgDQbitRTDSdo2ngCCE692lcnhDuxa7oy99O-8xe4VJhJ8VH0yDt0vXiGp2vl892b&iid=MS4wLjABAAAANwkJuWIRFOzg5uCpDRpMj4OX-QryoDgn-yYlXQnRwQQ&with_sec_did=1&video_share_track_ver=&titleType=title&share_sign=6g1YP74I.geioGfugwGhQd3I9pMUr0MvYIo5bebBp8A-&share_version=0&ts=1787996678&from_aid=6383&from_ssr=1&share_track_info=%7B%22link_description_type%22%3A%22%22%7D,2766,761,379
7619032752944555003,投资是投资，不是靠情绪决定#七王爷,2026-03-20 02:18:23 CST,https://www.iesdouyin.com/share/video/7619032752944555003/?region=US&mid=7619032258585938740&u_code=0&did=MS4wLjABAAAAgDQbitRTDSdo2ngCCE692lcnhDuxa7oy99O-8xe4VJhJ8VH0yDt0vXiGp2vl892b&iid=MS4wLjABAAAANwkJuWIRFOzg5uCpDRpMj4OX-QryoDgn-yYlXQnRwQQ&with_sec_did=1&video_share_track_ver=&titleType=title&share_sign=uGxqHu._ZI8JVa2CudAMvvP2h2yOGAdiWg5hWzhR3xo-&share_version=0&ts=1787996678&from_aid=6383&from_ssr=1&share_track_info=%7B%22link_description_type%22%3A%22%22%7D,10717,3906,3195
7618970632361843365,必须拿稳。#七王爷,2026-03-19 22:17:17 CST,https://www.iesdouyin.com/share/video/7618970632361843365/?region=US&mid=7618970397073050420&u_code=0&did=MS4wLjABAAAAgDQbitRTDSdo2ngCCE692lcnhDuxa7oy99O-8xe4VJhJ8VH0yDt0vXiGp2vl892b&iid=MS4wLjABAAAANwkJuWIRFOzg5uCpDRpMj4OX-QryoDgn-yYlXQnRwQQ&with_sec_did=1&video_share_track_ver=&titleType=title&share_sign=PPQEwXoV3bs3OSP9kGDeSm4bMGW0Zx9uSRCto25kqFE-&share_version=0&ts=1787996678&from_aid=6383&from_ssr=1&share_track_info=%7B%22link_description_type%22%3A%22%22%7D,5614,1654,2051
7618923415080438117,吓唬你才可以拿到筹码#七王爷,2026-03-19 19:14:03 CST,https://www.iesdouyin.com/share/video/7618923415080438117/?region=US&mid=7618923364107602729&u_code=0&did=MS4wLjABAAAAgDQbitRTDSdo2ngCCE692lcnhDuxa7oy99O-8xe4VJhJ8VH0yDt0vXiGp2vl892b&iid=MS4wLjABAAAANwkJuWIRFOzg5uCpDRpMj4OX-QryoDgn-yYlXQnRwQQ&with_sec_did=1&video_share_track_ver=&titleType=title&share_sign=2oUSjho4sAtHXYBBR8.t2HXqFZvbAPYeJ37x4Pvv0kQ-&share_version=0&ts=1787996678&from_aid=6383&from_ssr=1&share_track_info=%7B%22link_description_type%22%3A%22%22%7D,4497,2955,1731
7618817194017144805,三位数是过去式，三月也是甩人下车月#七王爷 #美联储宣布维持利率不变,2026-03-19 12:21:53 CST,https://www.iesdouyin.com/share/video/7618817194017144805/?region=US&mid=7618817181979118382&u_code=0&did=MS4wLjABAAAAgDQbitRTDSdo2ngCCE692lcnhDuxa7oy99O-8xe4VJhJ8VH0yDt0vXiGp2vl892b&iid=MS4wLjABAAAANwkJuWIRFOzg5uCpDRpMj4OX-QryoDgn-yYlXQnRwQQ&with_sec_did=1&video_share_track_ver=&titleType=title&share_sign=MmpLxHF_yIv3PzipzP9xdFA3jLNX83TQw4iY5ZO8TR8-&share_version=0&ts=1787996680&from_aid=6383&from_ssr=1&share_track_info=%7B%22link_description_type%22%3A%22%22%7D,3463,2398,379
7618811834443799482,去年补仓的时间在今天被推火了，你猜为什么😂#七王爷 #美联储宣布维持利率不变,2026-03-19 12:01:04 CST,https://www.iesdouyin.com/share/video/7618811834443799482/?region=US&mid=7618811723631151906&u_code=0&did=MS4wLjABAAAAgDQbitRTDSdo2ngCCE692lcnhDuxa7oy99O-8xe4VJhJ8VH0yDt0vXiGp2vl892b&iid=MS4wLjABAAAANwkJuWIRFOzg5uCpDRpMj4OX-QryoDgn-yYlXQnRwQQ&with_sec_did=1&video_share_track_ver=&titleType=title&share_sign=ZdLIFn9IcF9R3TEIc0FNN4jZXWNDU4l3w00zbct4xSk-&share_version=0&ts=1787996680&from_aid=6383&from_ssr=1&share_track_info=%7B%22link_description_type%22%3A%22%22%7D,4078,2345,2208
7618690230300823226,做好短期承压风险#七王爷,2026-03-19 04:09:11 CST,https://www.iesdouyin.com/share/video/7618690230300823226/?region=US&mid=7618689910090189568&u_code=0&did=MS4wLjABAAAAgDQbitRTDSdo2ngCCE692lcnhDuxa7oy99O-8xe4VJhJ8VH0yDt0vXiGp2vl892b&iid=MS4wLjABAAAANwkJuWIRFOzg5uCpDRpMj4OX-QryoDgn-yYlXQnRwQQ&with_sec_did=1&video_share_track_ver=&titleType=title&share_sign=nfJnJFRNwW05jmeNJfBQCnyT7oOALgLO5vZrne46fFY-&share_version=0&ts=1787996680&from_aid=6383&from_ssr=1&share_track_info=%7B%22link_description_type%22%3A%22%22%7D,6994,1750,1968
7618660581348032123,警惕黑天鹅事件，保留好子弹#七王爷,2026-03-19 02:14:09 CST,https://www.iesdouyin.com/share/video/7618660581348032123/?region=US&mid=7618660201721367348&u_code=0&did=MS4wLjABAAAAgDQbitRTDSdo2ngCCE692lcnhDuxa7oy99O-8xe4VJhJ8VH0yDt0vXiGp2vl892b&iid=MS4wLjABAAAANwkJuWIRFOzg5uCpDRpMj4OX-QryoDgn-yYlXQnRwQQ&with_sec_did=1&video_share_track_ver=&titleType=title&share_sign=5j2.1CdpnsmtPv5JMIGy6wNawTQcHKKyoQ1Ge_hF8Hc-&share_version=0&ts=1787996680&from_aid=6383&from_ssr=1&share_track_info=%7B%22link_description_type%22%3A%22%22%7D,3780,641,587
7618584665058926201,我直播去了，陪大家#七王爷,2026-03-18 21:19:33 CST,https://www.iesdouyin.com/share/video/7618584665058926201/?region=US&mid=7618584484044213044&u_code=0&did=MS4wLjABAAAAgDQbitRTDSdo2ngCCE692lcnhDuxa7oy99O-8xe4VJhJ8VH0yDt0vXiGp2vl892b&iid=MS4wLjABAAAANwkJuWIRFOzg5uCpDRpMj4OX-QryoDgn-yYlXQnRwQQ&with_sec_did=1&video_share_track_ver=&titleType=title&share_sign=.eIjQkV2QB7JQcxj90CaKZsCPv9godgrmhcmZFrbISY-&share_version=0&ts=1787996680&from_aid=6383&from_ssr=1&share_track_info=%7B%22link_description_type%22%3A%22%22%7D,5106,1649,415
7618578120597195962,我只万积存金➕拿实物#七王爷,2026-03-18 20:54:08 CST,https://www.iesdouyin.com/share/video/7618578120597195962/?region=US&mid=7618578049612696355&u_code=0&did=MS4wLjABAAAAgDQbitRTDSdo2ngCCE692lcnhDuxa7oy99O-8xe4VJhJ8VH0yDt0vXiGp2vl892b&iid=MS4wLjABAAAANwkJuWIRFOzg5uCpDRpMj4OX-QryoDgn-yYlXQnRwQQ&with_sec_did=1&video_share_track_ver=&titleType=title&share_sign=RhzUg40tA2cu1OoHrNoer36ZbkIGak1FXGZ.z6Tzf1o-&share_version=0&ts=1787996680&from_aid=6383&from_ssr=1&share_track_info=%7B%22link_description_type%22%3A%22%22%7D,1796,605,499
7618570389841636517,不要被情绪左右你的选择#七王爷,2026-03-18 20:24:08 CST,https://www.iesdouyin.com/share/video/7618570389841636517/?region=US&mid=7618570395955776310&u_code=0&did=MS4wLjABAAAAgDQbitRTDSdo2ngCCE692lcnhDuxa7oy99O-8xe4VJhJ8VH0yDt0vXiGp2vl892b&iid=MS4wLjABAAAANwkJuWIRFOzg5uCpDRpMj4OX-QryoDgn-yYlXQnRwQQ&with_sec_did=1&video_share_track_ver=&titleType=title&share_sign=iHeV1c4BKKCP114.H6FHTOpFGnfaF3i1is24VmNzcPU-&share_version=0&ts=1787996680&from_aid=6383&from_ssr=1&share_track_info=%7B%22link_description_type%22%3A%22%22%7D,2907,1109,637
7618559476354809253,只能靠阴跌实现多空双杀#七王爷,2026-03-18 19:41:46 CST,https://www.iesdouyin.com/share/video/7618559476354809253/?region=US&mid=7618559426059946788&u_code=0&did=MS4wLjABAAAAgDQbitRTDSdo2ngCCE692lcnhDuxa7oy99O-8xe4VJhJ8VH0yDt0vXiGp2vl892b&iid=MS4wLjABAAAANwkJuWIRFOzg5uCpDRpMj4OX-QryoDgn-yYlXQnRwQQ&with_sec_did=1&video_share_track_ver=&titleType=title&share_sign=PcZrbf68ay7k3uNX85dZudTr2i_sdf4rEhtA4d3YF2Q-&share_version=0&ts=1787996680&from_aid=6383&from_ssr=1&share_track_info=%7B%22link_description_type%22%3A%22%22%7D,2644,2585,470
7618552336361719973,不要重复建仓#七王爷,2026-03-18 19:14:04 CST,https://www.iesdouyin.com/share/video/7618552336361719973/?region=US&mid=7618552295340788531&u_code=0&did=MS4wLjABAAAAgDQbitRTDSdo2ngCCE692lcnhDuxa7oy99O-8xe4VJhJ8VH0yDt0vXiGp2vl892b&iid=MS4wLjABAAAANwkJuWIRFOzg5uCpDRpMj4OX-QryoDgn-yYlXQnRwQQ&with_sec_did=1&video_share_track_ver=&titleType=title&share_sign=XjD_RA41gFgEC8uN7f5VAnL3YXMyYIgxamOFfstWEx0-&share_version=0&ts=1787996680&from_aid=6383&from_ssr=1&share_track_info=%7B%22link_description_type%22%3A%22%22%7D,2638,1345,386
7618199205928287653,打江山容易，守江山难，拿稳#七王爷,2026-03-17 20:23:45 CST,https://www.iesdouyin.com/share/video/7618199205928287653/?region=US&mid=7618199176157055771&u_code=0&did=MS4wLjABAAAAgDQbitRTDSdo2ngCCE692lcnhDuxa7oy99O-8xe4VJhJ8VH0yDt0vXiGp2vl892b&iid=MS4wLjABAAAANwkJuWIRFOzg5uCpDRpMj4OX-QryoDgn-yYlXQnRwQQ&with_sec_did=1&video_share_track_ver=&titleType=title&share_sign=yhgGCOue6Ik7HOzjTr75o0Ck_v7OvGB.AUz.FFJefAo-&share_version=0&ts=1787996680&from_aid=6383&from_ssr=1&share_track_info=%7B%22link_description_type%22%3A%22%22%7D,5258,1164,603
7618063304527728869,实物在每次大瀑布，都可以入手一点#七王爷,2026-03-17 11:36:23 CST,https://www.iesdouyin.com/share/video/7618063304527728869/?region=US&mid=7618063257005329194&u_code=0&did=MS4wLjABAAAAgDQbitRTDSdo2ngCCE692lcnhDuxa7oy99O-8xe4VJhJ8VH0yDt0vXiGp2vl892b&iid=MS4wLjABAAAANwkJuWIRFOzg5uCpDRpMj4OX-QryoDgn-yYlXQnRwQQ&with_sec_did=1&video_share_track_ver=&titleType=title&share_sign=NjW0f41RuhZtSbPdU7vfbn2nS5BK.1aDtkWW_ylV2Wc-&share_version=0&ts=1787996680&from_aid=6383&from_ssr=1&share_track_info=%7B%22link_description_type%22%3A%22%22%7D,3175,812,329
7617896681527480561,三月都是震荡月#七王爷,2026-03-17 00:49:49 CST,https://www.iesdouyin.com/share/video/7617896681527480561/?region=US&mid=7617896656515795731&u_code=0&did=MS4wLjABAAAAgDQbitRTDSdo2ngCCE692lcnhDuxa7oy99O-8xe4VJhJ8VH0yDt0vXiGp2vl892b&iid=MS4wLjABAAAANwkJuWIRFOzg5uCpDRpMj4OX-QryoDgn-yYlXQnRwQQ&with_sec_did=1&video_share_track_ver=&titleType=title&share_sign=Ubjd0oRREcZ0l6mmIyosJk2mOdqSxu7vkmbewbnWXOk-&share_version=0&ts=1787996680&from_aid=6383&from_ssr=1&share_track_info=%7B%22link_description_type%22%3A%22%22%7D,3953,580,211
7617863149844215225,很多视频都被嘎了！只能传送门去看了#七王爷,2026-03-16 22:39:41 CST,https://www.iesdouyin.com/share/video/7617863149844215225/?region=US&mid=7617863096081615679&u_code=0&did=MS4wLjABAAAAgDQbitRTDSdo2ngCCE692lcnhDuxa7oy99O-8xe4VJhJ8VH0yDt0vXiGp2vl892b&iid=MS4wLjABAAAANwkJuWIRFOzg5uCpDRpMj4OX-QryoDgn-yYlXQnRwQQ&with_sec_did=1&video_share_track_ver=&titleType=title&share_sign=dkN1zEbweGnL8Zftd3eqCGWJewfrqFswwYCKqZZ358I-&share_version=0&ts=1787996680&from_aid=6383&from_ssr=1&share_track_info=%7B%22link_description_type%22%3A%22%22%7D,2763,539,427
7617859098181663867,发了10次，证明说对了,2026-03-16 22:23:57 CST,https://www.iesdouyin.com/share/video/7617859098181663867/?region=US&mid=7617859089007790874&u_code=0&did=MS4wLjABAAAAgDQbitRTDSdo2ngCCE692lcnhDuxa7oy99O-8xe4VJhJ8VH0yDt0vXiGp2vl892b&iid=MS4wLjABAAAANwkJuWIRFOzg5uCpDRpMj4OX-QryoDgn-yYlXQnRwQQ&with_sec_did=1&video_share_track_ver=&titleType=title&share_sign=WPEDb1RBrfR2esCY5dnu.06ypzA19H8GmqnKQY1l.KQ-&share_version=0&ts=1787996680&from_aid=6383&from_ssr=1&share_track_info=%7B%22link_description_type%22%3A%22%22%7D,2786,642,352
7617815926724970213,警惕诱多#七王爷,2026-03-16 19:36:26 CST,https://www.iesdouyin.com/share/video/7617815926724970213/?region=US&mid=7617815835033357106&u_code=0&did=MS4wLjABAAAAgDQbitRTDSdo2ngCCE692lcnhDuxa7oy99O-8xe4VJhJ8VH0yDt0vXiGp2vl892b&iid=MS4wLjABAAAANwkJuWIRFOzg5uCpDRpMj4OX-QryoDgn-yYlXQnRwQQ&with_sec_did=1&video_share_track_ver=&titleType=title&share_sign=OQr2UI3gRkFvjs5fQB5YPEl4eUhByUZ3CAsI3l.oauM-&share_version=0&ts=1787996680&from_aid=6383&from_ssr=1&share_track_info=%7B%22link_description_type%22%3A%22%22%7D,5149,1216,737
7617785717096138737,物极必反，否极泰来#七王爷,2026-03-16 17:39:12 CST,https://www.iesdouyin.com/share/video/7617785717096138737/?region=US&mid=7617785644143692594&u_code=0&did=MS4wLjABAAAAgDQbitRTDSdo2ngCCE692lcnhDuxa7oy99O-8xe4VJhJ8VH0yDt0vXiGp2vl892b&iid=MS4wLjABAAAANwkJuWIRFOzg5uCpDRpMj4OX-QryoDgn-yYlXQnRwQQ&with_sec_did=1&video_share_track_ver=&titleType=title&share_sign=zPSRWtVEhRJUZSOZPi_1FAtzN04s2HuDaYN37uWL1y4-&share_version=0&ts=1787996680&from_aid=6383&from_ssr=1&share_track_info=%7B%22link_description_type%22%3A%22%22%7D,3626,1340,500
7617468532993150906,黎明前的天都是黑的#七王爷,2026-03-15 21:08:21 CST,https://www.iesdouyin.com/share/video/7617468532993150906/?region=US&mid=7617468410250660643&u_code=0&did=MS4wLjABAAAAgDQbitRTDSdo2ngCCE692lcnhDuxa7oy99O-8xe4VJhJ8VH0yDt0vXiGp2vl892b&iid=MS4wLjABAAAANwkJuWIRFOzg5uCpDRpMj4OX-QryoDgn-yYlXQnRwQQ&with_sec_did=1&video_share_track_ver=&titleType=title&share_sign=FIg3p5Ndk987DMy1sbuUK4pIrgoLAZ6lCN4RuWmkGeg-&share_version=0&ts=1787996680&from_aid=6383&from_ssr=1&share_track_info=%7B%22link_description_type%22%3A%22%22%7D,5032,1524,553
7617452551055447675,底部最近会逐渐明朗#七王爷,2026-03-15 20:06:20 CST,https://www.iesdouyin.com/share/video/7617452551055447675/?region=US&mid=7617452544889015066&u_code=0&did=MS4wLjABAAAAgDQbitRTDSdo2ngCCE692lcnhDuxa7oy99O-8xe4VJhJ8VH0yDt0vXiGp2vl892b&iid=MS4wLjABAAAANwkJuWIRFOzg5uCpDRpMj4OX-QryoDgn-yYlXQnRwQQ&with_sec_did=1&video_share_track_ver=&titleType=title&share_sign=SPlNsSmygsOC4sKWJaMxhrQeCj0K5Na.B2dfI1Z6py4-&share_version=0&ts=1787996680&from_aid=6383&from_ssr=1&share_track_info=%7B%22link_description_type%22%3A%22%22%7D,5286,1504,825
7617120614767516282,打战时工具很重要#七王爷,2026-03-14 22:38:16 CST,https://www.iesdouyin.com/share/video/7617120614767516282/?region=US&mid=7617120568927652660&u_code=0&did=MS4wLjABAAAAgDQbitRTDSdo2ngCCE692lcnhDuxa7oy99O-8xe4VJhJ8VH0yDt0vXiGp2vl892b&iid=MS4wLjABAAAANwkJuWIRFOzg5uCpDRpMj4OX-QryoDgn-yYlXQnRwQQ&with_sec_did=1&video_share_track_ver=&titleType=title&share_sign=kSMhMP3r1mVrgM2djY8tFrLEkqmVMEAx6VMveL7ZwYw-&share_version=0&ts=1787996680&from_aid=6383&from_ssr=1&share_track_info=%7B%22link_description_type%22%3A%22%22%7D,2860,1589,540
7617105319584906149,不割肉，不恐慌#七王爷,2026-03-14 21:38:55 CST,https://www.iesdouyin.com/share/video/7617105319584906149/?region=US&mid=7617105223855819535&u_code=0&did=MS4wLjABAAAAgDQbitRTDSdo2ngCCE692lcnhDuxa7oy99O-8xe4VJhJ8VH0yDt0vXiGp2vl892b&iid=MS4wLjABAAAANwkJuWIRFOzg5uCpDRpMj4OX-QryoDgn-yYlXQnRwQQ&with_sec_did=1&video_share_track_ver=&titleType=title&share_sign=qWkbAn62Loso6OzzbO7yOJCKTT.mdvFvsXjdRlBWWVc-&share_version=0&ts=1787996680&from_aid=6383&from_ssr=1&share_track_info=%7B%22link_description_type%22%3A%22%22%7D,5193,1048,596
7617099720200206842,耐住性子#七王爷,2026-03-14 21:17:11 CST,https://www.iesdouyin.com/share/video/7617099720200206842/?region=US&mid=7617099685864655657&u_code=0&did=MS4wLjABAAAAgDQbitRTDSdo2ngCCE692lcnhDuxa7oy99O-8xe4VJhJ8VH0yDt0vXiGp2vl892b&iid=MS4wLjABAAAANwkJuWIRFOzg5uCpDRpMj4OX-QryoDgn-yYlXQnRwQQ&with_sec_did=1&video_share_track_ver=&titleType=title&share_sign=3aWoIMn8uwmFKYSfYFFOyrx5HjlXi0M2_xlXtcqcL7A-&share_version=0&ts=1787996680&from_aid=6383&from_ssr=1&share_track_info=%7B%22link_description_type%22%3A%22%22%7D,2740,648,412
7617041322796795769,不是比的谁过的好不好，而是比谁过的久不久#七王爷,2026-03-14 17:30:34 CST,https://www.iesdouyin.com/share/video/7617041322796795769/?region=US&mid=7617041250440497956&u_code=0&did=MS4wLjABAAAAgDQbitRTDSdo2ngCCE692lcnhDuxa7oy99O-8xe4VJhJ8VH0yDt0vXiGp2vl892b&iid=MS4wLjABAAAANwkJuWIRFOzg5uCpDRpMj4OX-QryoDgn-yYlXQnRwQQ&with_sec_did=1&video_share_track_ver=&titleType=title&share_sign=SVz.syed6z86zxXIaBUFZ7HTFr2g3VL5RI4ASPoCzME-&share_version=0&ts=1787996680&from_aid=6383&from_ssr=1&share_track_info=%7B%22link_description_type%22%3A%22%22%7D,3160,899,228
7616815031850991803,周六请假，周日出视频！做到事事有交代#七王爷,2026-03-14 02:52:29 CST,https://www.iesdouyin.com/share/video/7616815031850991803/?region=US&mid=7616814952975731465&u_code=0&did=MS4wLjABAAAAgDQbitRTDSdo2ngCCE692lcnhDuxa7oy99O-8xe4VJhJ8VH0yDt0vXiGp2vl892b&iid=MS4wLjABAAAANwkJuWIRFOzg5uCpDRpMj4OX-QryoDgn-yYlXQnRwQQ&with_sec_did=1&video_share_track_ver=&titleType=title&share_sign=KM_FoLleKnF4WUYrowuDy8ot1V1qCSKArGa0D8ScCC0-&share_version=0&ts=1787996680&from_aid=6383&from_ssr=1&share_track_info=%7B%22link_description_type%22%3A%22%22%7D,4599,1295,479
7616758398096650617,紧急情况#七王爷,2026-03-13 23:12:40 CST,https://www.iesdouyin.com/share/video/7616758398096650617/?region=US&mid=7616758357910686491&u_code=0&did=MS4wLjABAAAAgDQbitRTDSdo2ngCCE692lcnhDuxa7oy99O-8xe4VJhJ8VH0yDt0vXiGp2vl892b&iid=MS4wLjABAAAANwkJuWIRFOzg5uCpDRpMj4OX-QryoDgn-yYlXQnRwQQ&with_sec_did=1&video_share_track_ver=&titleType=title&share_sign=fW3MtTV2AepDlDOPTVCOEuxYgDtBkJQJ99FNUZAzLAQ-&share_version=0&ts=1787996680&from_aid=6383&from_ssr=1&share_track_info=%7B%22link_description_type%22%3A%22%22%7D,2707,1355,405
7616743382810999673,如果爱，请深爱#七王爷,2026-03-13 22:14:25 CST,https://www.iesdouyin.com/share/video/7616743382810999673/?region=US&mid=7616743302662081315&u_code=0&did=MS4wLjABAAAAgDQbitRTDSdo2ngCCE692lcnhDuxa7oy99O-8xe4VJhJ8VH0yDt0vXiGp2vl892b&iid=MS4wLjABAAAANwkJuWIRFOzg5uCpDRpMj4OX-QryoDgn-yYlXQnRwQQ&with_sec_did=1&video_share_track_ver=&titleType=title&share_sign=7HTRqDwK1NRBLHaptOJLCWRGlMyt69_gZgKU_VwSBtM-&share_version=0&ts=1787996680&from_aid=6383&from_ssr=1&share_track_info=%7B%22link_description_type%22%3A%22%22%7D,1928,529,66
7616721749250988411,最近无大事，都是小事#七王爷,2026-03-13 20:50:27 CST,https://www.iesdouyin.com/share/video/7616721749250988411/?region=US&mid=7616721720963205897&u_code=0&did=MS4wLjABAAAAgDQbitRTDSdo2ngCCE692lcnhDuxa7oy99O-8xe4VJhJ8VH0yDt0vXiGp2vl892b&iid=MS4wLjABAAAANwkJuWIRFOzg5uCpDRpMj4OX-QryoDgn-yYlXQnRwQQ&with_sec_did=1&video_share_track_ver=&titleType=title&share_sign=24XTbf3ZdltsMtVWCHgWRHg6YnzYnD4IjvwbcTPP5Wc-&share_version=0&ts=1787996680&from_aid=6383&from_ssr=1&share_track_info=%7B%22link_description_type%22%3A%22%22%7D,2404,381,137
7616673658543000049,@飞哥聊黄金💰  不打不相识，最后你我立场统一出发点都是为了粉丝好！ 很开心因为这件事认识您！希望喜欢俺的兄弟姐妹，给飞哥评论区打一波“飞哥七王爷互联网一家亲”#七王爷,2026-03-13 17:43:51 CST,https://www.iesdouyin.com/share/video/7616673658543000049/?region=US&mid=7616673590939110194&u_code=0&did=MS4wLjABAAAAgDQbitRTDSdo2ngCCE692lcnhDuxa7oy99O-8xe4VJhJ8VH0yDt0vXiGp2vl892b&iid=MS4wLjABAAAANwkJuWIRFOzg5uCpDRpMj4OX-QryoDgn-yYlXQnRwQQ&with_sec_did=1&video_share_track_ver=&titleType=title&share_sign=_MsSUvvVF1tHafCIuEsfvXwpor5K0eq4sxHMcvG.HIQ-&share_version=0&ts=1787996680&from_aid=6383&from_ssr=1&share_track_info=%7B%22link_description_type%22%3A%22%22%7D,2679,612,44
7616617631931669413,学会间隔管理仓位#七王爷,2026-03-13 14:06:26 CST,https://www.iesdouyin.com/share/video/7616617631931669413/?region=US&mid=7616617354407021352&u_code=0&did=MS4wLjABAAAAgDQbitRTDSdo2ngCCE692lcnhDuxa7oy99O-8xe4VJhJ8VH0yDt0vXiGp2vl892b&iid=MS4wLjABAAAANwkJuWIRFOzg5uCpDRpMj4OX-QryoDgn-yYlXQnRwQQ&with_sec_did=1&video_share_track_ver=&titleType=title&share_sign=cgLFTi9k9nFLPGBuG7ip3_p4DvUhzP0CTXzGYJIrF8s-&share_version=0&ts=1787996680&from_aid=6383&from_ssr=1&share_track_info=%7B%22link_description_type%22%3A%22%22%7D,1708,674,149
7616391474926533553,刚刚视频被嘎了！且看且珍惜3/12#七王爷,2026-03-12 23:28:50 CST,https://www.iesdouyin.com/share/video/7616391474926533553/?region=US&mid=7616391289940167443&u_code=0&did=MS4wLjABAAAAgDQbitRTDSdo2ngCCE692lcnhDuxa7oy99O-8xe4VJhJ8VH0yDt0vXiGp2vl892b&iid=MS4wLjABAAAANwkJuWIRFOzg5uCpDRpMj4OX-QryoDgn-yYlXQnRwQQ&with_sec_did=1&video_share_track_ver=&titleType=title&share_sign=TVbLYK7zN4hj_V3mS8F2WafGf2TdimBXIvDqY2ANpPM-&share_version=0&ts=1787996680&from_aid=6383&from_ssr=1&share_track_info=%7B%22link_description_type%22%3A%22%22%7D,2194,758,161
7616374338711345787,怕了，就把我视频彻底看完！#七王爷,2026-03-12 22:22:20 CST,https://www.iesdouyin.com/share/video/7616374338711345787/?region=US&mid=7616374287938980623&u_code=0&did=MS4wLjABAAAAgDQbitRTDSdo2ngCCE692lcnhDuxa7oy99O-8xe4VJhJ8VH0yDt0vXiGp2vl892b&iid=MS4wLjABAAAANwkJuWIRFOzg5uCpDRpMj4OX-QryoDgn-yYlXQnRwQQ&with_sec_did=1&video_share_track_ver=&titleType=title&share_sign=5rzRCAceyvCa5Sq5Vom5hvJZRpAmG5xc51U.KXyr.ck-&share_version=0&ts=1787996680&from_aid=6383&from_ssr=1&share_track_info=%7B%22link_description_type%22%3A%22%22%7D,4080,484,1019
7616326861764892601,相信官方数据#七王爷,2026-03-12 19:18:05 CST,https://www.iesdouyin.com/share/video/7616326861764892601/?region=US&mid=7616326837764934446&u_code=0&did=MS4wLjABAAAAgDQbitRTDSdo2ngCCE692lcnhDuxa7oy99O-8xe4VJhJ8VH0yDt0vXiGp2vl892b&iid=MS4wLjABAAAANwkJuWIRFOzg5uCpDRpMj4OX-QryoDgn-yYlXQnRwQQ&with_sec_did=1&video_share_track_ver=&titleType=title&share_sign=Ev6r.gj6brdtjWTucE_1_LPcl468_pP1errmiLsrCtg-&share_version=0&ts=1787996683&from_aid=6383&from_ssr=1&share_track_info=%7B%22link_description_type%22%3A%22%22%7D,2798,390,258
7616008049757945521,四月是美好的一个月！#七王爷,2026-03-11 22:40:57 CST,https://www.iesdouyin.com/share/video/7616008049757945521/?region=US&mid=7616008033562397490&u_code=0&did=MS4wLjABAAAAgDQbitRTDSdo2ngCCE692lcnhDuxa7oy99O-8xe4VJhJ8VH0yDt0vXiGp2vl892b&iid=MS4wLjABAAAANwkJuWIRFOzg5uCpDRpMj4OX-QryoDgn-yYlXQnRwQQ&with_sec_did=1&video_share_track_ver=&titleType=title&share_sign=1DhOo5aJ.3v1t_X91nTpfjTztjoltuigvxG7aGz9fas-&share_version=0&ts=1787996683&from_aid=6383&from_ssr=1&share_track_info=%7B%22link_description_type%22%3A%22%22%7D,3354,667,530
7615990060672653179,3月19日有个风水岭#七王爷,2026-03-11 21:31:08 CST,https://www.iesdouyin.com/share/video/7615990060672653179/?region=US&mid=7615990049280199451&u_code=0&did=MS4wLjABAAAAgDQbitRTDSdo2ngCCE692lcnhDuxa7oy99O-8xe4VJhJ8VH0yDt0vXiGp2vl892b&iid=MS4wLjABAAAANwkJuWIRFOzg5uCpDRpMj4OX-QryoDgn-yYlXQnRwQQ&with_sec_did=1&video_share_track_ver=&titleType=title&share_sign=D4PUbrr60JBtNOfMTGlmOC8kFzAZ2kjGjqiJTEfDEK4-&share_version=0&ts=1787996683&from_aid=6383&from_ssr=1&share_track_info=%7B%22link_description_type%22%3A%22%22%7D,4288,722,575
7615981508482774437,记住一个风水岭，3月19日#七王爷,2026-03-11 20:57:57 CST,https://www.iesdouyin.com/share/video/7615981508482774437/?region=US&mid=7615981364113885986&u_code=0&did=MS4wLjABAAAAgDQbitRTDSdo2ngCCE692lcnhDuxa7oy99O-8xe4VJhJ8VH0yDt0vXiGp2vl892b&iid=MS4wLjABAAAANwkJuWIRFOzg5uCpDRpMj4OX-QryoDgn-yYlXQnRwQQ&with_sec_did=1&video_share_track_ver=&titleType=title&share_sign=ctbz6b5OPaNiAyizwRMBiBYdvLqrLlQl2guZgBrsyVc-&share_version=0&ts=1787996683&from_aid=6383&from_ssr=1&share_track_info=%7B%22link_description_type%22%3A%22%22%7D,1893,366,166
7615903760876245242,拿稳自己优秀的底仓！这条路只留给坚定不移的人#七王爷,2026-03-11 15:56:15 CST,https://www.iesdouyin.com/share/video/7615903760876245242/?region=US&mid=7615903691920689966&u_code=0&did=MS4wLjABAAAAgDQbitRTDSdo2ngCCE692lcnhDuxa7oy99O-8xe4VJhJ8VH0yDt0vXiGp2vl892b&iid=MS4wLjABAAAANwkJuWIRFOzg5uCpDRpMj4OX-QryoDgn-yYlXQnRwQQ&with_sec_did=1&video_share_track_ver=&titleType=title&share_sign=GnQmblA6Swh5jxKwG7CacGJvjwtYilfCKBxHOwlDMr4-&share_version=0&ts=1787996683&from_aid=6383&from_ssr=1&share_track_info=%7B%22link_description_type%22%3A%22%22%7D,1607,402,104
7615898380867487675,其实也就这么多！没有啥新鲜菜了#七王爷,2026-03-11 15:35:22 CST,https://www.iesdouyin.com/share/video/7615898380867487675/?region=US&mid=7615898277931256616&u_code=0&did=MS4wLjABAAAAgDQbitRTDSdo2ngCCE692lcnhDuxa7oy99O-8xe4VJhJ8VH0yDt0vXiGp2vl892b&iid=MS4wLjABAAAANwkJuWIRFOzg5uCpDRpMj4OX-QryoDgn-yYlXQnRwQQ&with_sec_did=1&video_share_track_ver=&titleType=title&share_sign=Lgc1EmDyvdXClFEU9yYBh23VYUH1mFdhxPnNrYZWTm0-&share_version=0&ts=1787996683&from_aid=6383&from_ssr=1&share_track_info=%7B%22link_description_type%22%3A%22%22%7D,3247,420,453
7615889606337688241,警惕追高，回落才是机会#七王爷,2026-03-11 15:01:19 CST,https://www.iesdouyin.com/share/video/7615889606337688241/?region=US&mid=7615889564301200191&u_code=0&did=MS4wLjABAAAAgDQbitRTDSdo2ngCCE692lcnhDuxa7oy99O-8xe4VJhJ8VH0yDt0vXiGp2vl892b&iid=MS4wLjABAAAANwkJuWIRFOzg5uCpDRpMj4OX-QryoDgn-yYlXQnRwQQ&with_sec_did=1&video_share_track_ver=&titleType=title&share_sign=xbK23.TcQuZee4aQj2wLHXwbqb3uxQZXL1G_UhD8_Uk-&share_version=0&ts=1787996683&from_aid=6383&from_ssr=1&share_track_info=%7B%22link_description_type%22%3A%22%22%7D,2209,432,211
7615677225984534522,未雨绸缪#七王爷,2026-03-11 01:17:16 CST,https://www.iesdouyin.com/share/video/7615677225984534522/?region=US&mid=7615677098065283886&u_code=0&did=MS4wLjABAAAAgDQbitRTDSdo2ngCCE692lcnhDuxa7oy99O-8xe4VJhJ8VH0yDt0vXiGp2vl892b&iid=MS4wLjABAAAANwkJuWIRFOzg5uCpDRpMj4OX-QryoDgn-yYlXQnRwQQ&with_sec_did=1&video_share_track_ver=&titleType=title&share_sign=LNAtnPIr8zSHtir187ewF_CXeit2DhlZ2R..L4hStqI-&share_version=0&ts=1787996683&from_aid=6383&from_ssr=1&share_track_info=%7B%22link_description_type%22%3A%22%22%7D,2425,336,161
7615672099840149369,选好工具#七王爷,2026-03-11 00:57:17 CST,https://www.iesdouyin.com/share/video/7615672099840149369/?region=US&mid=7615672029127510811&u_code=0&did=MS4wLjABAAAAgDQbitRTDSdo2ngCCE692lcnhDuxa7oy99O-8xe4VJhJ8VH0yDt0vXiGp2vl892b&iid=MS4wLjABAAAANwkJuWIRFOzg5uCpDRpMj4OX-QryoDgn-yYlXQnRwQQ&with_sec_did=1&video_share_track_ver=&titleType=title&share_sign=wry3t.Cfizext_4vC8swhRQ5Fv7Fab3wYVlPynIebZc-&share_version=0&ts=1787996683&from_aid=6383&from_ssr=1&share_track_info=%7B%22link_description_type%22%3A%22%22%7D,1774,479,125
7615624900128261307,战还在打，逢绿了很多在进#七王爷,2026-03-10 21:54:08 CST,https://www.iesdouyin.com/share/video/7615624900128261307/?region=US&mid=7615624728461118243&u_code=0&did=MS4wLjABAAAAgDQbitRTDSdo2ngCCE692lcnhDuxa7oy99O-8xe4VJhJ8VH0yDt0vXiGp2vl892b&iid=MS4wLjABAAAANwkJuWIRFOzg5uCpDRpMj4OX-QryoDgn-yYlXQnRwQQ&with_sec_did=1&video_share_track_ver=&titleType=title&share_sign=gMgKouGX54xkBX4N10qyH2YlJrKfw1q5B07_wrMETWE-&share_version=0&ts=1787996683&from_aid=6383&from_ssr=1&share_track_info=%7B%22link_description_type%22%3A%22%22%7D,2353,698,88
7615616024075567546,你选哪个剧本，然后会怎么表演？#七王爷,2026-03-10 21:19:41 CST,https://www.iesdouyin.com/share/video/7615616024075567546/?region=US&mid=7615615972405480192&u_code=0&did=MS4wLjABAAAAgDQbitRTDSdo2ngCCE692lcnhDuxa7oy99O-8xe4VJhJ8VH0yDt0vXiGp2vl892b&iid=MS4wLjABAAAANwkJuWIRFOzg5uCpDRpMj4OX-QryoDgn-yYlXQnRwQQ&with_sec_did=1&video_share_track_ver=&titleType=title&share_sign=HHlTO2RqZqF6STWNYHCLf2P5DWVQ88ofbnHB32Hm2pY-&share_version=0&ts=1787996683&from_aid=6383&from_ssr=1&share_track_info=%7B%22link_description_type%22%3A%22%22%7D,2470,818,261
7615608916886379769,底部强支撑在5000-5050！周三周五要变天#七王爷,2026-03-10 20:52:06 CST,https://www.iesdouyin.com/share/video/7615608916886379769/?region=US&mid=7615608902205639460&u_code=0&did=MS4wLjABAAAAgDQbitRTDSdo2ngCCE692lcnhDuxa7oy99O-8xe4VJhJ8VH0yDt0vXiGp2vl892b&iid=MS4wLjABAAAANwkJuWIRFOzg5uCpDRpMj4OX-QryoDgn-yYlXQnRwQQ&with_sec_did=1&video_share_track_ver=&titleType=title&share_sign=fKmG4pUYMEgzptuyrzX5C9ojQec89HaCe29YHkkkmlM-&share_version=0&ts=1787996683&from_aid=6383&from_ssr=1&share_track_info=%7B%22link_description_type%22%3A%22%22%7D,1677,426,149
7615252181860271610,静心向内求#七王爷,2026-03-09 21:47:47 CST,https://www.iesdouyin.com/share/video/7615252181860271610/?region=US&mid=7615252186183846702&u_code=0&did=MS4wLjABAAAAgDQbitRTDSdo2ngCCE692lcnhDuxa7oy99O-8xe4VJhJ8VH0yDt0vXiGp2vl892b&iid=MS4wLjABAAAANwkJuWIRFOzg5uCpDRpMj4OX-QryoDgn-yYlXQnRwQQ&with_sec_did=1&video_share_track_ver=&titleType=title&share_sign=qQHkuSgxhX.2hyhbcymuPS6tI6l2hfJbU22rdS3xyv0-&share_version=0&ts=1787996683&from_aid=6383&from_ssr=1&share_track_info=%7B%22link_description_type%22%3A%22%22%7D,2397,560,219
7615081638426681595,黄金短期承美元，石油压力！中期上涨市场逻辑从来不变#七王爷,2026-03-09 10:46:00 CST,https://www.iesdouyin.com/share/video/7615081638426681595/?region=US&mid=7615081621183564570&u_code=0&did=MS4wLjABAAAAgDQbitRTDSdo2ngCCE692lcnhDuxa7oy99O-8xe4VJhJ8VH0yDt0vXiGp2vl892b&iid=MS4wLjABAAAANwkJuWIRFOzg5uCpDRpMj4OX-QryoDgn-yYlXQnRwQQ&with_sec_did=1&video_share_track_ver=&titleType=title&share_sign=iX2AnEt2mp3PHcdaIYZZdUfiehzTARWxOvNfrHnxJZE-&share_version=0&ts=1787996683&from_aid=6383&from_ssr=1&share_track_info=%7B%22link_description_type%22%3A%22%22%7D,2687,573,321
7615066415972491771,下方买盘很强，回调迅速拉升起来#七王爷,2026-03-09 09:46:57 CST,https://www.iesdouyin.com/share/video/7615066415972491771/?region=US&mid=7615066378933439295&u_code=0&did=MS4wLjABAAAAgDQbitRTDSdo2ngCCE692lcnhDuxa7oy99O-8xe4VJhJ8VH0yDt0vXiGp2vl892b&iid=MS4wLjABAAAANwkJuWIRFOzg5uCpDRpMj4OX-QryoDgn-yYlXQnRwQQ&with_sec_did=1&video_share_track_ver=&titleType=title&share_sign=L5hr82dP0SctN_ziiNePPB7zUW8v.SrWFVstQG6lfQY-&share_version=0&ts=1787996683&from_aid=6383&from_ssr=1&share_track_info=%7B%22link_description_type%22%3A%22%22%7D,1799,765,160
7614930948153966961,大肚秃顶男离我远点！#七王爷  聪明人做到不跟风踩踏任何博主,2026-03-09 01:01:14 CST,https://www.iesdouyin.com/share/video/7614930948153966961/?region=US&mid=7614930842880002854&u_code=0&did=MS4wLjABAAAAgDQbitRTDSdo2ngCCE692lcnhDuxa7oy99O-8xe4VJhJ8VH0yDt0vXiGp2vl892b&iid=MS4wLjABAAAANwkJuWIRFOzg5uCpDRpMj4OX-QryoDgn-yYlXQnRwQQ&with_sec_did=1&video_share_track_ver=&titleType=title&share_sign=WY_L8sMm.Vt2Zf_LSv6uz0Diwiv5CXeLP9PmrBmxyH8-&share_version=0&ts=1787996683&from_aid=6383&from_ssr=1&share_track_info=%7B%22link_description_type%22%3A%22%22%7D,2025,284,28
7614926279095680953,从不做讨好型人格#七王爷,2026-03-09 00:43:08 CST,https://www.iesdouyin.com/share/video/7614926279095680953/?region=US&mid=7614926228620872484&u_code=0&did=MS4wLjABAAAAgDQbitRTDSdo2ngCCE692lcnhDuxa7oy99O-8xe4VJhJ8VH0yDt0vXiGp2vl892b&iid=MS4wLjABAAAANwkJuWIRFOzg5uCpDRpMj4OX-QryoDgn-yYlXQnRwQQ&with_sec_did=1&video_share_track_ver=&titleType=title&share_sign=isKKChkE5ggqrnkky0wOCMfMcZYOaApksifOAEbH93Q-&share_version=0&ts=1787996683&from_aid=6383&from_ssr=1&share_track_info=%7B%22link_description_type%22%3A%22%22%7D,1551,185,14
7614894214447847417,死拿只买不卖显然不是一个好的理财决策#七王爷,2026-03-08 22:38:41 CST,https://www.iesdouyin.com/share/video/7614894214447847417/?region=US&mid=7614894204326071091&u_code=0&did=MS4wLjABAAAAgDQbitRTDSdo2ngCCE692lcnhDuxa7oy99O-8xe4VJhJ8VH0yDt0vXiGp2vl892b&iid=MS4wLjABAAAANwkJuWIRFOzg5uCpDRpMj4OX-QryoDgn-yYlXQnRwQQ&with_sec_did=1&video_share_track_ver=&titleType=title&share_sign=WhNn7gOcXhmTSDHO_yFSdxvz6blvkBJ7M3B8g6KVe9I-&share_version=0&ts=1787996683&from_aid=6383&from_ssr=1&share_track_info=%7B%22link_description_type%22%3A%22%22%7D,8257,668,1905
7614882460653051621,个人看下整周5200一破，看5220！震荡上行！ 变盘在周三、周五#七王爷 #七王爷讲黄金好准,2026-03-08 21:53:05 CST,https://www.iesdouyin.com/share/video/7614882460653051621/?region=US&mid=7614882497584433974&u_code=0&did=MS4wLjABAAAAgDQbitRTDSdo2ngCCE692lcnhDuxa7oy99O-8xe4VJhJ8VH0yDt0vXiGp2vl892b&iid=MS4wLjABAAAANwkJuWIRFOzg5uCpDRpMj4OX-QryoDgn-yYlXQnRwQQ&with_sec_did=1&video_share_track_ver=&titleType=title&share_sign=Z25s6B8fcG9xplBlKC3mZM0Y2zkh8WJb278KCghxQro-&share_version=0&ts=1787996683&from_aid=6383&from_ssr=1&share_track_info=%7B%22link_description_type%22%3A%22%22%7D,3410,511,275
7614246377727786937,许个愿吧，周一开高！心里种下一颗种子！ 让我更多兄弟姐妹盈利，并且获得高回报！ #七王爷 #七王爷讲黄金好准,2026-03-07 04:44:46 CST,https://www.iesdouyin.com/share/video/7614246377727786937/?region=US&mid=7614246294646737718&u_code=0&did=MS4wLjABAAAAgDQbitRTDSdo2ngCCE692lcnhDuxa7oy99O-8xe4VJhJ8VH0yDt0vXiGp2vl892b&iid=MS4wLjABAAAANwkJuWIRFOzg5uCpDRpMj4OX-QryoDgn-yYlXQnRwQQ&with_sec_did=1&video_share_track_ver=&titleType=title&share_sign=Hz1CpVszDIOKqudb.o7g9.OxP.AzA3UOi6UfWuHCVv8-&share_version=0&ts=1787996683&from_aid=6383&from_ssr=1&share_track_info=%7B%22link_description_type%22%3A%22%22%7D,7431,1228,1141
7614140101388089957,心里种下一颗种子#七王爷,2026-03-06 21:52:21 CST,https://www.iesdouyin.com/share/video/7614140101388089957/?region=US&mid=7614140083725191999&u_code=0&did=MS4wLjABAAAAgDQbitRTDSdo2ngCCE692lcnhDuxa7oy99O-8xe4VJhJ8VH0yDt0vXiGp2vl892b&iid=MS4wLjABAAAANwkJuWIRFOzg5uCpDRpMj4OX-QryoDgn-yYlXQnRwQQ&with_sec_did=1&video_share_track_ver=&titleType=title&share_sign=mp1pSLWzVaJHSBJfsDkKSxv8rNcSsyKkKrNgSYuHrH4-&share_version=0&ts=1787996683&from_aid=6383&from_ssr=1&share_track_info=%7B%22link_description_type%22%3A%22%22%7D,2311,528,226
7614112159216284081,提前做好进攻跟防守准备，未雨绸缪#七王爷,2026-03-06 20:03:55 CST,https://www.iesdouyin.com/share/video/7614112159216284081/?region=US&mid=7614112151469886223&u_code=0&did=MS4wLjABAAAAgDQbitRTDSdo2ngCCE692lcnhDuxa7oy99O-8xe4VJhJ8VH0yDt0vXiGp2vl892b&iid=MS4wLjABAAAANwkJuWIRFOzg5uCpDRpMj4OX-QryoDgn-yYlXQnRwQQ&with_sec_did=1&video_share_track_ver=&titleType=title&share_sign=8a6Pjwk.83zzbOlq_61PbP65H7yBjloDJz3eNbfnWHY-&share_version=0&ts=1787996683&from_aid=6383&from_ssr=1&share_track_info=%7B%22link_description_type%22%3A%22%22%7D,4136,1452,479
7614109043795761146,村子里的狗叫了一声，但是所有的狗都在叫，也不知道为社会吗叫😂#七王爷,2026-03-06 19:51:50 CST,https://www.iesdouyin.com/share/video/7614109043795761146/?region=US&mid=7614108972387584803&u_code=0&did=MS4wLjABAAAAgDQbitRTDSdo2ngCCE692lcnhDuxa7oy99O-8xe4VJhJ8VH0yDt0vXiGp2vl892b&iid=MS4wLjABAAAANwkJuWIRFOzg5uCpDRpMj4OX-QryoDgn-yYlXQnRwQQ&with_sec_did=1&video_share_track_ver=&titleType=title&share_sign=vyOuwdTIbtFnr1aYwPjGKh63onFnW4i7v6VjpJQ6vFQ-&share_version=0&ts=1787996683&from_aid=6383&from_ssr=1&share_track_info=%7B%22link_description_type%22%3A%22%22%7D,1404,314,103
7614066624887380153,市场永远在变，唯有不变的就是控制好自己想操作的手#七王爷,2026-03-06 17:07:15 CST,https://www.iesdouyin.com/share/video/7614066624887380153/?region=US&mid=7614066590753327887&u_code=0&did=MS4wLjABAAAAgDQbitRTDSdo2ngCCE692lcnhDuxa7oy99O-8xe4VJhJ8VH0yDt0vXiGp2vl892b&iid=MS4wLjABAAAANwkJuWIRFOzg5uCpDRpMj4OX-QryoDgn-yYlXQnRwQQ&with_sec_did=1&video_share_track_ver=&titleType=title&share_sign=wdPjVHf.OTYPRAyC9wWVhVgmrEnlphguY6H2r30RQns-&share_version=0&ts=1787996683&from_aid=6383&from_ssr=1&share_track_info=%7B%22link_description_type%22%3A%22%22%7D,3910,1163,721
7614053807731358970,现在恐慌指数到哪里了？#七王爷,2026-03-06 16:17:29 CST,https://www.iesdouyin.com/share/video/7614053807731358970/?region=US&mid=7614053797781932851&u_code=0&did=MS4wLjABAAAAgDQbitRTDSdo2ngCCE692lcnhDuxa7oy99O-8xe4VJhJ8VH0yDt0vXiGp2vl892b&iid=MS4wLjABAAAANwkJuWIRFOzg5uCpDRpMj4OX-QryoDgn-yYlXQnRwQQ&with_sec_did=1&video_share_track_ver=&titleType=title&share_sign=fpHKh2h3S.d2XxsiohqIptpKEo9PGVgyw7ryPktuKvM-&share_version=0&ts=1787996683&from_aid=6383&from_ssr=1&share_track_info=%7B%22link_description_type%22%3A%22%22%7D,2981,947,570
7614046733089201657,在面对统一大局面的时候。大家抱团取暖#七王爷,2026-03-06 15:50:02 CST,https://www.iesdouyin.com/share/video/7614046733089201657/?region=US&mid=7614046488817191720&u_code=0&did=MS4wLjABAAAAgDQbitRTDSdo2ngCCE692lcnhDuxa7oy99O-8xe4VJhJ8VH0yDt0vXiGp2vl892b&iid=MS4wLjABAAAANwkJuWIRFOzg5uCpDRpMj4OX-QryoDgn-yYlXQnRwQQ&with_sec_did=1&video_share_track_ver=&titleType=title&share_sign=iEy1lGSfNE6.WEs_t3txRfq1BvUZzUu5WT5NwZdSxnc-&share_version=0&ts=1787996683&from_aid=6383&from_ssr=1&share_track_info=%7B%22link_description_type%22%3A%22%22%7D,1176,288,5
7613597715657965049,只盈利不亏，因为我从来不割肉#七王爷,2026-03-05 10:47:37 CST,https://www.iesdouyin.com/share/video/7613597715657965049/?region=US&mid=7613597663912594195&u_code=0&did=MS4wLjABAAAAgDQbitRTDSdo2ngCCE692lcnhDuxa7oy99O-8xe4VJhJ8VH0yDt0vXiGp2vl892b&iid=MS4wLjABAAAANwkJuWIRFOzg5uCpDRpMj4OX-QryoDgn-yYlXQnRwQQ&with_sec_did=1&video_share_track_ver=&titleType=title&share_sign=zWhge.Dmq92_.5DJZubJWMSYWg1GXQW532TT1MPo5PA-&share_version=0&ts=1787996683&from_aid=6383&from_ssr=1&share_track_info=%7B%22link_description_type%22%3A%22%22%7D,2575,743,474
7613580470001355642,咱们家以后也受那么气了，看见发帖子喷的，直接回击！ 打得一拳开，免得百拳来#七王爷,2026-03-05 09:40:45 CST,https://www.iesdouyin.com/share/video/7613580470001355642/?region=US&mid=7613580351952472884&u_code=0&did=MS4wLjABAAAAgDQbitRTDSdo2ngCCE692lcnhDuxa7oy99O-8xe4VJhJ8VH0yDt0vXiGp2vl892b&iid=MS4wLjABAAAANwkJuWIRFOzg5uCpDRpMj4OX-QryoDgn-yYlXQnRwQQ&with_sec_did=1&video_share_track_ver=&titleType=title&share_sign=HUQUcAFXQCp.kPfAOiWRBEt31a0XCpSn9XNf3xEl_sM-&share_version=0&ts=1787996683&from_aid=6383&from_ssr=1&share_track_info=%7B%22link_description_type%22%3A%22%22%7D,4754,714,45
7613574118378800613,今天全白天高位震荡为主#七王爷,2026-03-05 09:16:03 CST,https://www.iesdouyin.com/share/video/7613574118378800613/?region=US&mid=7613574055156828970&u_code=0&did=MS4wLjABAAAAgDQbitRTDSdo2ngCCE692lcnhDuxa7oy99O-8xe4VJhJ8VH0yDt0vXiGp2vl892b&iid=MS4wLjABAAAANwkJuWIRFOzg5uCpDRpMj4OX-QryoDgn-yYlXQnRwQQ&with_sec_did=1&video_share_track_ver=&titleType=title&share_sign=cgXi6NE4uw4neowiyuaAb87s09W9UQ8dkKa_v70e0aY-&share_version=0&ts=1787996683&from_aid=6383&from_ssr=1&share_track_info=%7B%22link_description_type%22%3A%22%22%7D,2057,277,169
7613493541516409721,很多博主从积极、努力、变得谨慎、视频变少、也不再说任何公开具体点位！应该我也最开始从质疑、不理解、再成为这样的人了吧#七王爷,2026-03-05 04:03:23 CST,https://www.iesdouyin.com/share/video/7613493541516409721/?region=US&mid=7613493469570435867&u_code=0&did=MS4wLjABAAAAgDQbitRTDSdo2ngCCE692lcnhDuxa7oy99O-8xe4VJhJ8VH0yDt0vXiGp2vl892b&iid=MS4wLjABAAAANwkJuWIRFOzg5uCpDRpMj4OX-QryoDgn-yYlXQnRwQQ&with_sec_did=1&video_share_track_ver=&titleType=title&share_sign=CVkSbgSvzfIVBu8nOcLiKLnhrrG5_K3G4EHeGSuv4L0-&share_version=0&ts=1787996683&from_aid=6383&from_ssr=1&share_track_info=%7B%22link_description_type%22%3A%22%22%7D,3766,1074,31
7613437744869679589,换位思考，接下来交给你来判断，我来听#七王爷 #七王爷讲黄金好准,2026-03-05 00:26:51 CST,https://www.iesdouyin.com/share/video/7613437744869679589/?region=US&mid=7613437666071563027&u_code=0&did=MS4wLjABAAAAgDQbitRTDSdo2ngCCE692lcnhDuxa7oy99O-8xe4VJhJ8VH0yDt0vXiGp2vl892b&iid=MS4wLjABAAAANwkJuWIRFOzg5uCpDRpMj4OX-QryoDgn-yYlXQnRwQQ&with_sec_did=1&video_share_track_ver=&titleType=title&share_sign=nGI.ykcishQiMo47HJjHwtXsob0AvrgdJWv3_xypOOs-&share_version=0&ts=1787996686&from_aid=6383&from_ssr=1&share_track_info=%7B%22link_description_type%22%3A%22%22%7D,2265,485,246
7613433139125970353,黄金牛是不是结束了？看完就懂了#七王爷 #七王爷讲黄金好准,2026-03-05 00:09:00 CST,https://www.iesdouyin.com/share/video/7613433139125970353/?region=US&mid=7613433036277189428&u_code=0&did=MS4wLjABAAAAgDQbitRTDSdo2ngCCE692lcnhDuxa7oy99O-8xe4VJhJ8VH0yDt0vXiGp2vl892b&iid=MS4wLjABAAAANwkJuWIRFOzg5uCpDRpMj4OX-QryoDgn-yYlXQnRwQQ&with_sec_did=1&video_share_track_ver=&titleType=title&share_sign=RK1D0L4kG.S12KZ3cbU47jgrxlE7wXIWhVvEGEJpFsw-&share_version=0&ts=1787996686&from_aid=6383&from_ssr=1&share_track_info=%7B%22link_description_type%22%3A%22%22%7D,1869,277,190
7613410285391823290,2026年年度置顶视频！ 方便新关注我的铁粉观看的技巧以及方法，还有对我个人的了解，以及我实盘的操作习惯！ 今年机会很多，但是坑也不少，只要你愿意耐心看完我的经验视频，我不能保证1……版本过低，升级后可展示全部信息,2026-03-04 22:40:18 CST,https://www.iesdouyin.com/share/video/7613410285391823290/?region=US&mid=7613410368093784838&u_code=16bah2718&did=MS4wLjABAAAAgDQbitRTDSdo2ngCCE692lcnhDuxa7oy99O-8xe4VJhJ8VH0yDt0vXiGp2vl892b&iid=MS4wLjABAAAANwkJuWIRFOzg5uCpDRpMj4OX-QryoDgn-yYlXQnRwQQ&with_sec_did=1&video_share_track_ver=&titleType=title&share_sign=wp.yR0CXSvo7YwcPrNqnsLY5vOD_NPXmROP1H_piNVo-&share_version=0&ts=1787996655&from_aid=6383&from_ssr=1&share_track_info=%7B%22link_description_type%22%3A%22%22%7D,9902,969,1283
7613389726510285753,四星利空！数据出来需要15-20分钟消化市场数据！ #七王爷,2026-03-04 21:20:31 CST,https://www.iesdouyin.com/share/video/7613389726510285753/?region=US&mid=7613389635355544360&u_code=0&did=MS4wLjABAAAAgDQbitRTDSdo2ngCCE692lcnhDuxa7oy99O-8xe4VJhJ8VH0yDt0vXiGp2vl892b&iid=MS4wLjABAAAANwkJuWIRFOzg5uCpDRpMj4OX-QryoDgn-yYlXQnRwQQ&with_sec_did=1&video_share_track_ver=&titleType=title&share_sign=1NZj58ETz4ybbh0HxRrbH8Uq_cFEnAHfhs7hwGQZDaA-&share_version=0&ts=1787996686&from_aid=6383&from_ssr=1&share_track_info=%7B%22link_description_type%22%3A%22%22%7D,2373,826,407
7613387251519363301,写给所有新粉老粉长期置顶的叮嘱： 我个人不是预测博主，是实盘博主，也是跟大家站得最近的一个人，做积存金已经一年半了，这条视频是写给新关注我的伙伴，因为我每天更新视频很多，很多人看头……版本过低，升级后可展示全部信息,2026-03-04 21:10:55 CST,https://www.iesdouyin.com/share/video/7613387251519363301/?region=US&mid=7613387253020101419&u_code=16bah2718&did=MS4wLjABAAAAgDQbitRTDSdo2ngCCE692lcnhDuxa7oy99O-8xe4VJhJ8VH0yDt0vXiGp2vl892b&iid=MS4wLjABAAAANwkJuWIRFOzg5uCpDRpMj4OX-QryoDgn-yYlXQnRwQQ&with_sec_did=1&video_share_track_ver=&titleType=title&share_sign=wI1yrWYZvFQLG34LUcsEN3f7gMO4Rkh_ju5w2dPZCH8-&share_version=0&ts=1787996655&from_aid=6383&from_ssr=1&share_track_info=%7B%22link_description_type%22%3A%22%22%7D,15313,946,1924
7613373294146737637,个人看周三跟周五的小非农，零售数据！#七王爷 #七王爷讲黄金好准,2026-03-04 20:16:45 CST,https://www.iesdouyin.com/share/video/7613373294146737637/?region=US&mid=7613373259003284230&u_code=0&did=MS4wLjABAAAAgDQbitRTDSdo2ngCCE692lcnhDuxa7oy99O-8xe4VJhJ8VH0yDt0vXiGp2vl892b&iid=MS4wLjABAAAANwkJuWIRFOzg5uCpDRpMj4OX-QryoDgn-yYlXQnRwQQ&with_sec_did=1&video_share_track_ver=&titleType=title&share_sign=YKtnYl_YXHq82UGIDEUUELMyDgFvg3rzlT48hzi9q_g-&share_version=0&ts=1787996686&from_aid=6383&from_ssr=1&share_track_info=%7B%22link_description_type%22%3A%22%22%7D,1946,285,193
7613370546742891961,做好最近震荡修复三天的准备#七王爷 #七王爷讲黄金好准,2026-03-04 20:06:05 CST,https://www.iesdouyin.com/share/video/7613370546742891961/?region=US&mid=7613370453527218963&u_code=0&did=MS4wLjABAAAAgDQbitRTDSdo2ngCCE692lcnhDuxa7oy99O-8xe4VJhJ8VH0yDt0vXiGp2vl892b&iid=MS4wLjABAAAANwkJuWIRFOzg5uCpDRpMj4OX-QryoDgn-yYlXQnRwQQ&with_sec_did=1&video_share_track_ver=&titleType=title&share_sign=WVJw_DuUKlWo0ELS4VvddI91Jg6KyDiIsCZKuI01iyc-&share_version=0&ts=1787996686&from_aid=6383&from_ssr=1&share_track_info=%7B%22link_description_type%22%3A%22%22%7D,2810,421,342
7613335525177833073,晚上会出视频出到大家想吐！ 我想知道你们为什么那么爱我，如果只能用两个字表达，你想用两个字怎么表达对俺滴爱？,2026-03-04 17:50:11 CST,https://www.iesdouyin.com/share/video/7613335525177833073/?region=US&mid=7613335521879673663&u_code=0&did=MS4wLjABAAAAgDQbitRTDSdo2ngCCE692lcnhDuxa7oy99O-8xe4VJhJ8VH0yDt0vXiGp2vl892b&iid=MS4wLjABAAAANwkJuWIRFOzg5uCpDRpMj4OX-QryoDgn-yYlXQnRwQQ&with_sec_did=1&video_share_track_ver=&titleType=title&share_sign=NaM3V_E4t6gvO2E6WqMdGpi0y39LMNpw6lvOrnN92to-&share_version=0&ts=1787996686&from_aid=6383&from_ssr=1&share_track_info=%7B%22link_description_type%22%3A%22%22%7D,3776,1107,43
7613046436063011249,现在正在制造恐慌！ #七王爷 #七王爷讲黄金好准,2026-03-03 23:08:22 CST,https://www.iesdouyin.com/share/video/7613046436063011249/?region=US&mid=7613046387999099689&u_code=0&did=MS4wLjABAAAAgDQbitRTDSdo2ngCCE692lcnhDuxa7oy99O-8xe4VJhJ8VH0yDt0vXiGp2vl892b&iid=MS4wLjABAAAANwkJuWIRFOzg5uCpDRpMj4OX-QryoDgn-yYlXQnRwQQ&with_sec_did=1&video_share_track_ver=&titleType=title&share_sign=j7kOv4FX9eSBVJUg4CZV85CusFDmSghDk1eC1En5SBw-&share_version=0&ts=1787996686&from_aid=6383&from_ssr=1&share_track_info=%7B%22link_description_type%22%3A%22%22%7D,2295,814,401
7613039375266228859,没有抵达我心目中价差我不会走，要割的就割吧！我叫不醒就不叫了#七王爷 #七王爷讲黄金好准,2026-03-03 22:40:58 CST,https://www.iesdouyin.com/share/video/7613039375266228859/?region=US&mid=7613039350625487662&u_code=0&did=MS4wLjABAAAAgDQbitRTDSdo2ngCCE692lcnhDuxa7oy99O-8xe4VJhJ8VH0yDt0vXiGp2vl892b&iid=MS4wLjABAAAANwkJuWIRFOzg5uCpDRpMj4OX-QryoDgn-yYlXQnRwQQ&with_sec_did=1&video_share_track_ver=&titleType=title&share_sign=jAU2AaaoC0j3Hefk_7lR20mMe6MTFQ3frJ.k8l_ncZ8-&share_version=0&ts=1787996686&from_aid=6383&from_ssr=1&share_track_info=%7B%22link_description_type%22%3A%22%22%7D,1679,785,129
7613033764063127547,这条视频应该蛮重要，因为发了三次都发不出来#七王爷 #七王爷讲黄金好准,2026-03-03 22:19:12 CST,https://www.iesdouyin.com/share/video/7613033764063127547/?region=US&mid=7613033723151600424&u_code=0&did=MS4wLjABAAAAgDQbitRTDSdo2ngCCE692lcnhDuxa7oy99O-8xe4VJhJ8VH0yDt0vXiGp2vl892b&iid=MS4wLjABAAAANwkJuWIRFOzg5uCpDRpMj4OX-QryoDgn-yYlXQnRwQQ&with_sec_did=1&video_share_track_ver=&titleType=title&share_sign=N.cnuc2jjYwR9PBSIaN8V4pk2iTPCrD6aQBntpiO6Os-&share_version=0&ts=1787996686&from_aid=6383&from_ssr=1&share_track_info=%7B%22link_description_type%22%3A%22%22%7D,2756,1334,429
7612968121779701157,甩人下车#七王爷,2026-03-03 18:04:30 CST,https://www.iesdouyin.com/share/video/7612968121779701157/?region=US&mid=7612968103726615342&u_code=0&did=MS4wLjABAAAAgDQbitRTDSdo2ngCCE692lcnhDuxa7oy99O-8xe4VJhJ8VH0yDt0vXiGp2vl892b&iid=MS4wLjABAAAANwkJuWIRFOzg5uCpDRpMj4OX-QryoDgn-yYlXQnRwQQ&with_sec_did=1&video_share_track_ver=&titleType=title&share_sign=9istQoKtO8SzLBkx2KrerK1H1x.9s561thr.SllKb30-&share_version=0&ts=1787996686&from_aid=6383&from_ssr=1&share_track_info=%7B%22link_description_type%22%3A%22%22%7D,2652,3108,277
7612963597307636721,😂有人的有财运，有的人注定没有#七王爷,2026-03-03 17:46:55 CST,https://www.iesdouyin.com/share/video/7612963597307636721/?region=US&mid=7612963537312647976&u_code=0&did=MS4wLjABAAAAgDQbitRTDSdo2ngCCE692lcnhDuxa7oy99O-8xe4VJhJ8VH0yDt0vXiGp2vl892b&iid=MS4wLjABAAAANwkJuWIRFOzg5uCpDRpMj4OX-QryoDgn-yYlXQnRwQQ&with_sec_did=1&video_share_track_ver=&titleType=title&share_sign=5q2WABPfg8W.IqO9mP0SLTIXrpJg7EEwhqVFzyyMjyE-&share_version=0&ts=1787996686&from_aid=6383&from_ssr=1&share_track_info=%7B%22link_description_type%22%3A%22%22%7D,1345,497,34
7612874624703383931,做了一个你好，我也好的决定，为了让大家利润更大家！ 中长线拿捏#七王爷 #七王爷讲黄金好准,2026-03-03 12:01:39 CST,https://www.iesdouyin.com/share/video/7612874624703383931/?region=US&mid=7612874554108791593&u_code=0&did=MS4wLjABAAAAgDQbitRTDSdo2ngCCE692lcnhDuxa7oy99O-8xe4VJhJ8VH0yDt0vXiGp2vl892b&iid=MS4wLjABAAAANwkJuWIRFOzg5uCpDRpMj4OX-QryoDgn-yYlXQnRwQQ&with_sec_did=1&video_share_track_ver=&titleType=title&share_sign=4XwhNgQt18OsrYvEn2b_NEcBM2FDO2u4JOwW2hbnZdY-&share_version=0&ts=1787996686&from_aid=6383&from_ssr=1&share_track_info=%7B%22link_description_type%22%3A%22%22%7D,2650,917,103
7612842854590895345,元宵节快乐#七王爷 #七王爷讲黄金好准,2026-03-03 09:58:23 CST,https://www.iesdouyin.com/share/video/7612842854590895345/?region=US&mid=7612842764035754752&u_code=0&did=MS4wLjABAAAAgDQbitRTDSdo2ngCCE692lcnhDuxa7oy99O-8xe4VJhJ8VH0yDt0vXiGp2vl892b&iid=MS4wLjABAAAANwkJuWIRFOzg5uCpDRpMj4OX-QryoDgn-yYlXQnRwQQ&with_sec_did=1&video_share_track_ver=&titleType=title&share_sign=XvBdvibKPkSOgPDaY47XolgmLkC61wO6gxLhubo5ZRI-&share_version=0&ts=1787996686&from_aid=6383&from_ssr=1&share_track_info=%7B%22link_description_type%22%3A%22%22%7D,3045,748,162
7612650151233488561,我都么努力了，还有10%卖飞也要骂我！😂 你说这人呐，那我就自己默默的去赚！ 也不搞这么麻烦了#七王爷 #七王爷讲黄金好准,2026-03-02 21:30:36 CST,https://www.iesdouyin.com/share/video/7612650151233488561/?region=US&mid=7612650127873903370&u_code=0&did=MS4wLjABAAAAgDQbitRTDSdo2ngCCE692lcnhDuxa7oy99O-8xe4VJhJ8VH0yDt0vXiGp2vl892b&iid=MS4wLjABAAAANwkJuWIRFOzg5uCpDRpMj4OX-QryoDgn-yYlXQnRwQQ&with_sec_did=1&video_share_track_ver=&titleType=title&share_sign=xD_qKfGFf_n5tJnm3aHxBnP5U4NbnQYv5vx0KticEAo-&share_version=0&ts=1787996686&from_aid=6383&from_ssr=1&share_track_info=%7B%22link_description_type%22%3A%22%22%7D,4182,2523,163
7612644810659679993,我3000克锁仓了！没有达到我的价差我不会动了#七王爷 #七王爷讲黄金好准,2026-03-02 21:09:52 CST,https://www.iesdouyin.com/share/video/7612644810659679993/?region=US&mid=7612644751535344447&u_code=0&did=MS4wLjABAAAAgDQbitRTDSdo2ngCCE692lcnhDuxa7oy99O-8xe4VJhJ8VH0yDt0vXiGp2vl892b&iid=MS4wLjABAAAANwkJuWIRFOzg5uCpDRpMj4OX-QryoDgn-yYlXQnRwQQ&with_sec_did=1&video_share_track_ver=&titleType=title&share_sign=hLLQxRvjNRhVWfwvhnEm6y0pLMDajZFsew1O2JJzP4c-&share_version=0&ts=1787996686&from_aid=6383&from_ssr=1&share_track_info=%7B%22link_description_type%22%3A%22%22%7D,2918,692,484
7612574765463468401,我要验牌#七王爷 #七王爷讲黄金好准,2026-03-02 16:38:03 CST,https://www.iesdouyin.com/share/video/7612574765463468401/?region=US&mid=7612574703265680169&u_code=0&did=MS4wLjABAAAAgDQbitRTDSdo2ngCCE692lcnhDuxa7oy99O-8xe4VJhJ8VH0yDt0vXiGp2vl892b&iid=MS4wLjABAAAANwkJuWIRFOzg5uCpDRpMj4OX-QryoDgn-yYlXQnRwQQ&with_sec_did=1&video_share_track_ver=&titleType=title&share_sign=A0zmSQV8zfruHJ4Sm2Z1gBkRzyTewSR3OZWQQAwTA1k-&share_version=0&ts=1787996686&from_aid=6383&from_ssr=1&share_track_info=%7B%22link_description_type%22%3A%22%22%7D,3029,1534,312
7612450233629790459,我对大家不放心，早上七点就起来！生怕大家一股脑大涨追高，记住回踩，回落才是机会！#七王爷,2026-03-02 08:34:48 CST,https://www.iesdouyin.com/share/video/7612450233629790459/?region=US&mid=7612450140586380086&u_code=0&did=MS4wLjABAAAAgDQbitRTDSdo2ngCCE692lcnhDuxa7oy99O-8xe4VJhJ8VH0yDt0vXiGp2vl892b&iid=MS4wLjABAAAANwkJuWIRFOzg5uCpDRpMj4OX-QryoDgn-yYlXQnRwQQ&with_sec_did=1&video_share_track_ver=&titleType=title&share_sign=ILIsJ8fewKEzWQjZg1Z66T8oeby9FBJCi4o5zrMI0nU-&share_version=0&ts=1787996686&from_aid=6383&from_ssr=1&share_track_info=%7B%22link_description_type%22%3A%22%22%7D,2248,627,263
7612446998080127205,早上起来10个利好金银新闻，记得合理管理好自己的仓位#七王爷,2026-03-02 08:22:15 CST,https://www.iesdouyin.com/share/video/7612446998080127205/?region=US&mid=7612446879200054016&u_code=0&did=MS4wLjABAAAAgDQbitRTDSdo2ngCCE692lcnhDuxa7oy99O-8xe4VJhJ8VH0yDt0vXiGp2vl892b&iid=MS4wLjABAAAANwkJuWIRFOzg5uCpDRpMj4OX-QryoDgn-yYlXQnRwQQ&with_sec_did=1&video_share_track_ver=&titleType=title&share_sign=5d1KxnoL8fz1lEqKzW2VrLdbDvjQrTK0fZczinRqHp0-&share_version=0&ts=1787996686&from_aid=6383&from_ssr=1&share_track_info=%7B%22link_description_type%22%3A%22%22%7D,1650,389,103
7612352934814478970,个人看5600-6000！#七王爷 #七王爷讲黄金好准,2026-03-02 02:17:16 CST,https://www.iesdouyin.com/share/video/7612352934814478970/?region=US&mid=7612352836088761107&u_code=0&did=MS4wLjABAAAAgDQbitRTDSdo2ngCCE692lcnhDuxa7oy99O-8xe4VJhJ8VH0yDt0vXiGp2vl892b&iid=MS4wLjABAAAANwkJuWIRFOzg5uCpDRpMj4OX-QryoDgn-yYlXQnRwQQ&with_sec_did=1&video_share_track_ver=&titleType=title&share_sign=nJ.xrKn9XISlHe4dUwGUR2ArP_27YMkcNmRK4zWKaAc-&share_version=0&ts=1787996686&from_aid=6383&from_ssr=1&share_track_info=%7B%22link_description_type%22%3A%22%22%7D,5182,806,1353
7612305570406835643,粉丝永远没有错#七王爷 #七王爷黄金好准,2026-03-01 23:13:26 CST,https://www.iesdouyin.com/share/video/7612305570406835643/?region=US&mid=7612305344928238355&u_code=0&did=MS4wLjABAAAAgDQbitRTDSdo2ngCCE692lcnhDuxa7oy99O-8xe4VJhJ8VH0yDt0vXiGp2vl892b&iid=MS4wLjABAAAANwkJuWIRFOzg5uCpDRpMj4OX-QryoDgn-yYlXQnRwQQ&with_sec_did=1&video_share_track_ver=&titleType=title&share_sign=ZxCOsltJWHHKm2E3t7wAqt1wYMa0VflX7sUXJWemzoA-&share_version=0&ts=1787996686&from_aid=6383&from_ssr=1&share_track_info=%7B%22link_description_type%22%3A%22%22%7D,2230,485,72
7612295870960250865,高开不追高，回踩回落才是机会#七王爷黄金好准 #七王爷,2026-03-01 22:35:48 CST,https://www.iesdouyin.com/share/video/7612295870960250865/?region=US&mid=7612295829655292681&u_code=0&did=MS4wLjABAAAAgDQbitRTDSdo2ngCCE692lcnhDuxa7oy99O-8xe4VJhJ8VH0yDt0vXiGp2vl892b&iid=MS4wLjABAAAANwkJuWIRFOzg5uCpDRpMj4OX-QryoDgn-yYlXQnRwQQ&with_sec_did=1&video_share_track_ver=&titleType=title&share_sign=K0CUmV0uufHizbvxioDqDM9szbIVkqxTQ3ADPvrFtWI-&share_version=0&ts=1787996686&from_aid=6383&from_ssr=1&share_track_info=%7B%22link_description_type%22%3A%22%22%7D,2855,532,344
7612288456882318565,明天记得来报喜#七王爷,2026-03-01 22:07:03 CST,https://www.iesdouyin.com/share/video/7612288456882318565/?region=US&mid=7612288453136403238&u_code=0&did=MS4wLjABAAAAgDQbitRTDSdo2ngCCE692lcnhDuxa7oy99O-8xe4VJhJ8VH0yDt0vXiGp2vl892b&iid=MS4wLjABAAAANwkJuWIRFOzg5uCpDRpMj4OX-QryoDgn-yYlXQnRwQQ&with_sec_did=1&video_share_track_ver=&titleType=title&share_sign=5g.a20qMuU5Cn1cXwvbpXlR5Lb3X2edI2Bw8RARB5Qc-&share_version=0&ts=1787996686&from_aid=6383&from_ssr=1&share_track_info=%7B%22link_description_type%22%3A%22%22%7D,2280,478,268
7611577489207322789,好啦，周末我要好好休息了！ 大家好好陪家人❤️#七王爷,2026-02-28 00:08:07 CST,https://www.iesdouyin.com/share/video/7611577489207322789/?region=US&mid=7611577431043951406&u_code=0&did=MS4wLjABAAAAgDQbitRTDSdo2ngCCE692lcnhDuxa7oy99O-8xe4VJhJ8VH0yDt0vXiGp2vl892b&iid=MS4wLjABAAAANwkJuWIRFOzg5uCpDRpMj4OX-QryoDgn-yYlXQnRwQQ&with_sec_did=1&video_share_track_ver=&titleType=title&share_sign=vnTSuHVXJULuu8nPDbCaGqbPBh83zS74FwQK8bNFjKU-&share_version=0&ts=1787996686&from_aid=6383&from_ssr=1&share_track_info=%7B%22link_description_type%22%3A%22%22%7D,4169,1616,474
7611551216308346106,下周以前布局！ 今晚可以是的房间在11楼48-11楼50号房间 #七王爷,2026-02-27 22:26:10 CST,https://www.iesdouyin.com/share/video/7611551216308346106/?region=US&mid=7611551206435048202&u_code=0&did=MS4wLjABAAAAgDQbitRTDSdo2ngCCE692lcnhDuxa7oy99O-8xe4VJhJ8VH0yDt0vXiGp2vl892b&iid=MS4wLjABAAAANwkJuWIRFOzg5uCpDRpMj4OX-QryoDgn-yYlXQnRwQQ&with_sec_did=1&video_share_track_ver=&titleType=title&share_sign=X9GYVndAqtIuX3CApCwCINw1Xy0Htpgr8yQz.LuQdaA-&share_version=0&ts=1787996686&from_aid=6383&from_ssr=1&share_track_info=%7B%22link_description_type%22%3A%22%22%7D,5225,1236,878
7611544901268834554,七王爷小课堂开课了，有小朋友最近跟我吃到肉肉，报喜吧，让我开心下#七王爷,2026-02-27 22:01:39 CST,https://www.iesdouyin.com/share/video/7611544901268834554/?region=US&mid=7611544819231361792&u_code=0&did=MS4wLjABAAAAgDQbitRTDSdo2ngCCE692lcnhDuxa7oy99O-8xe4VJhJ8VH0yDt0vXiGp2vl892b&iid=MS4wLjABAAAANwkJuWIRFOzg5uCpDRpMj4OX-QryoDgn-yYlXQnRwQQ&with_sec_did=1&video_share_track_ver=&titleType=title&share_sign=L67.rcJg8gV0IJ2VR3DoUROqiZOFL_n3I1VVBr67wqo-&share_version=0&ts=1787996686&from_aid=6383&from_ssr=1&share_track_info=%7B%22link_description_type%22%3A%22%22%7D,2018,384,166
7611536786733552997,永不空仓，永不满仓#七王爷,2026-02-27 21:30:09 CST,https://www.iesdouyin.com/share/video/7611536786733552997/?region=US&mid=7611536733896936255&u_code=0&did=MS4wLjABAAAAgDQbitRTDSdo2ngCCE692lcnhDuxa7oy99O-8xe4VJhJ8VH0yDt0vXiGp2vl892b&iid=MS4wLjABAAAANwkJuWIRFOzg5uCpDRpMj4OX-QryoDgn-yYlXQnRwQQ&with_sec_did=1&video_share_track_ver=&titleType=title&share_sign=qtme8xV9dvX38FFjgJmz1oyDHRp4Pz4DuQcvQW1v_ts-&share_version=0&ts=1787996686&from_aid=6383&from_ssr=1&share_track_info=%7B%22link_description_type%22%3A%22%22%7D,3185,1334,845
7611522768853711217,个人觉得40号房间都太高！安全屋我已经给了！喂饭都到这种地步了😂我不想看见问数字了，只想看见大家的表白#七王爷,2026-02-27 20:35:46 CST,https://www.iesdouyin.com/share/video/7611522768853711217/?region=US&mid=7611522691308276518&u_code=0&did=MS4wLjABAAAAgDQbitRTDSdo2ngCCE692lcnhDuxa7oy99O-8xe4VJhJ8VH0yDt0vXiGp2vl892b&iid=MS4wLjABAAAANwkJuWIRFOzg5uCpDRpMj4OX-QryoDgn-yYlXQnRwQQ&with_sec_did=1&video_share_track_ver=&titleType=title&share_sign=OgK_FqCrQ6.LEul1i92pHHPvICPF_gXjrt7Dy7XZdtw-&share_version=0&ts=1787996686&from_aid=6383&from_ssr=1&share_track_info=%7B%22link_description_type%22%3A%22%22%7D,1706,819,110
7611520014742611578,学到就用教出来，授人以鱼不如授人以渔#七王爷 #就想说点大实话,2026-02-27 20:25:06 CST,https://www.iesdouyin.com/share/video/7611520014742611578/?region=US&mid=7611520019683347250&u_code=0&did=MS4wLjABAAAAgDQbitRTDSdo2ngCCE692lcnhDuxa7oy99O-8xe4VJhJ8VH0yDt0vXiGp2vl892b&iid=MS4wLjABAAAANwkJuWIRFOzg5uCpDRpMj4OX-QryoDgn-yYlXQnRwQQ&with_sec_did=1&video_share_track_ver=&titleType=title&share_sign=.lURZtIuyRLVUzI9Ww4SBYwvac.hSY.vNSR8D8Vd7m4-&share_version=0&ts=1787996686&from_aid=6383&from_ssr=1&share_track_info=%7B%22link_description_type%22%3A%22%22%7D,4215,382,387
7611516193392075003,横盘为了清洗不坚定的筹码#七王爷,2026-02-27 20:10:15 CST,https://www.iesdouyin.com/share/video/7611516193392075003/?region=US&mid=7611516151725902607&u_code=0&did=MS4wLjABAAAAgDQbitRTDSdo2ngCCE692lcnhDuxa7oy99O-8xe4VJhJ8VH0yDt0vXiGp2vl892b&iid=MS4wLjABAAAANwkJuWIRFOzg5uCpDRpMj4OX-QryoDgn-yYlXQnRwQQ&with_sec_did=1&video_share_track_ver=&titleType=title&share_sign=H8O__OaqM2saqR9oDJuhH5cTMfqbynYgzfYOFUsz8mw-&share_version=0&ts=1787996689&from_aid=6383&from_ssr=1&share_track_info=%7B%22link_description_type%22%3A%22%22%7D,1491,347,113
7611472060120050353,你就可以拍视频说是我的课代表，把我每天发的内容整理下来，表达，然后@@我！我给你点赞，我们家的粉丝都会支持你！对不对？自媒体时代，只要你敢发，就有机会#七王爷,2026-02-27 17:19:00 CST,https://www.iesdouyin.com/share/video/7611472060120050353/?region=US&mid=7611472028188625705&u_code=0&did=MS4wLjABAAAAgDQbitRTDSdo2ngCCE692lcnhDuxa7oy99O-8xe4VJhJ8VH0yDt0vXiGp2vl892b&iid=MS4wLjABAAAANwkJuWIRFOzg5uCpDRpMj4OX-QryoDgn-yYlXQnRwQQ&with_sec_did=1&video_share_track_ver=&titleType=title&share_sign=fArAp2BpB7oyrTFIZYX2fNUjErYhtrUFuexDKQl7yoI-&share_version=0&ts=1787996689&from_aid=6383&from_ssr=1&share_track_info=%7B%22link_description_type%22%3A%22%22%7D,1924,289,49
7611466474012112059,全名互联网时代，行动就有结果#抖音新人创业 #七王爷,2026-02-27 16:57:19 CST,https://www.iesdouyin.com/share/video/7611466474012112059/?region=US&mid=7611466465635617563&u_code=0&did=MS4wLjABAAAAgDQbitRTDSdo2ngCCE692lcnhDuxa7oy99O-8xe4VJhJ8VH0yDt0vXiGp2vl892b&iid=MS4wLjABAAAANwkJuWIRFOzg5uCpDRpMj4OX-QryoDgn-yYlXQnRwQQ&with_sec_did=1&video_share_track_ver=&titleType=title&share_sign=BmV.PaswC_97AXfCcypfMhyw528eOJe8HxyQ55dsFMs-&share_version=0&ts=1787996689&from_aid=6383&from_ssr=1&share_track_info=%7B%22link_description_type%22%3A%22%22%7D,2525,316,104
7611460010170792369,白天是白天的行情，晚上的行情我也会更新！我一直在#七王爷,2026-02-27 16:32:13 CST,https://www.iesdouyin.com/share/video/7611460010170792369/?region=US&mid=7611459902556408610&u_code=0&did=MS4wLjABAAAAgDQbitRTDSdo2ngCCE692lcnhDuxa7oy99O-8xe4VJhJ8VH0yDt0vXiGp2vl892b&iid=MS4wLjABAAAANwkJuWIRFOzg5uCpDRpMj4OX-QryoDgn-yYlXQnRwQQ&with_sec_did=1&video_share_track_ver=&titleType=title&share_sign=J0.fgyc3zHRBmuf1sNfgMDENdHMJ7T7DW0Fzem3Cze8-&share_version=0&ts=1787996689&from_aid=6383&from_ssr=1&share_track_info=%7B%22link_description_type%22%3A%22%22%7D,1763,408,130
7611456797783048827,美债与黄金的关系#七王爷,2026-02-27 16:19:46 CST,https://www.iesdouyin.com/share/video/7611456797783048827/?region=US&mid=7611456757595949833&u_code=0&did=MS4wLjABAAAAgDQbitRTDSdo2ngCCE692lcnhDuxa7oy99O-8xe4VJhJ8VH0yDt0vXiGp2vl892b&iid=MS4wLjABAAAANwkJuWIRFOzg5uCpDRpMj4OX-QryoDgn-yYlXQnRwQQ&with_sec_did=1&video_share_track_ver=&titleType=title&share_sign=HZOgkDDjJ2kPorG9t4SDunLb_d83vorK9TOEtDeAwB0-&share_version=0&ts=1787996689&from_aid=6383&from_ssr=1&share_track_info=%7B%22link_description_type%22%3A%22%22%7D,923,84,29
7611452686881449393,震荡有10-20块做短线，单边长涨做中长线，单边下跌做减仓#七王爷,2026-02-27 16:03:49 CST,https://www.iesdouyin.com/share/video/7611452686881449393/?region=US&mid=7611452601871141684&u_code=0&did=MS4wLjABAAAAgDQbitRTDSdo2ngCCE692lcnhDuxa7oy99O-8xe4VJhJ8VH0yDt0vXiGp2vl892b&iid=MS4wLjABAAAANwkJuWIRFOzg5uCpDRpMj4OX-QryoDgn-yYlXQnRwQQ&with_sec_did=1&video_share_track_ver=&titleType=title&share_sign=WTwqkdfl0cVEU_xpqOLartWdORV.uJhWjXoeRN.bflY-&share_version=0&ts=1787996689&from_aid=6383&from_ssr=1&share_track_info=%7B%22link_description_type%22%3A%22%22%7D,2806,240,478
7611448563717426097,一条视频讲清楚，黄金大牛趋势#七王爷,2026-02-27 15:47:49 CST,https://www.iesdouyin.com/share/video/7611448563717426097/?region=US&mid=7611448340647119668&u_code=0&did=MS4wLjABAAAAgDQbitRTDSdo2ngCCE692lcnhDuxa7oy99O-8xe4VJhJ8VH0yDt0vXiGp2vl892b&iid=MS4wLjABAAAANwkJuWIRFOzg5uCpDRpMj4OX-QryoDgn-yYlXQnRwQQ&with_sec_did=1&video_share_track_ver=&titleType=title&share_sign=m0jnKNYLCzpA7911iXzwa23B4CAFMz4.xdCUweF2v.M-&share_version=0&ts=1787996689&from_aid=6383&from_ssr=1&share_track_info=%7B%22link_description_type%22%3A%22%22%7D,862,133,39
7611190733248725241,更正下时间，等下凌晨00:30会续谈！ 等下没睡的晚上上夜班的在我评论区值夜班！😂 #七王爷 #美伊战争,2026-02-26 23:07:19 CST,https://www.iesdouyin.com/share/video/7611190733248725241/?region=US&mid=7611190660020030208&u_code=0&did=MS4wLjABAAAAgDQbitRTDSdo2ngCCE692lcnhDuxa7oy99O-8xe4VJhJ8VH0yDt0vXiGp2vl892b&iid=MS4wLjABAAAANwkJuWIRFOzg5uCpDRpMj4OX-QryoDgn-yYlXQnRwQQ&with_sec_did=1&video_share_track_ver=&titleType=title&share_sign=ZBAifWiGRw9IHHlFN0z8fF23QKQFg1hcXL30MLRoPv8-&share_version=0&ts=1787996689&from_aid=6383&from_ssr=1&share_track_info=%7B%22link_description_type%22%3A%22%22%7D,2120,805,54
7611184023968255099,看到进度条就知道这条视频不简单#七王爷 #这话没毛病,2026-02-26 22:41:16 CST,https://www.iesdouyin.com/share/video/7611184023968255099/?region=US&mid=7611184045275286299&u_code=0&did=MS4wLjABAAAAgDQbitRTDSdo2ngCCE692lcnhDuxa7oy99O-8xe4VJhJ8VH0yDt0vXiGp2vl892b&iid=MS4wLjABAAAANwkJuWIRFOzg5uCpDRpMj4OX-QryoDgn-yYlXQnRwQQ&with_sec_did=1&video_share_track_ver=&titleType=title&share_sign=jx4JFfQAsJHn_ovDO6rfynU65_N5MsSHjABg49LUhLQ-&share_version=0&ts=1787996689&from_aid=6383&from_ssr=1&share_track_info=%7B%22link_description_type%22%3A%22%22%7D,2442,571,199
7611160273898046577,挪到3月1日，等于等了个寂寞#七王爷,2026-02-26 21:09:06 CST,https://www.iesdouyin.com/share/video/7611160273898046577/?region=US&mid=7611160254335798067&u_code=0&did=MS4wLjABAAAAgDQbitRTDSdo2ngCCE692lcnhDuxa7oy99O-8xe4VJhJ8VH0yDt0vXiGp2vl892b&iid=MS4wLjABAAAANwkJuWIRFOzg5uCpDRpMj4OX-QryoDgn-yYlXQnRwQQ&with_sec_did=1&video_share_track_ver=&titleType=title&share_sign=JYCZXyBGxIRms_6BQobsOmOqrwi9VB2iH.66oKa5UZA-&share_version=0&ts=1787996689&from_aid=6383&from_ssr=1&share_track_info=%7B%22link_description_type%22%3A%22%22%7D,2427,630,230
7611093191667962233,安全放在首位#这话没毛病 #七王爷,2026-02-26 16:48:49 CST,https://www.iesdouyin.com/share/video/7611093191667962233/?region=US&mid=7611093180347484978&u_code=0&did=MS4wLjABAAAAgDQbitRTDSdo2ngCCE692lcnhDuxa7oy99O-8xe4VJhJ8VH0yDt0vXiGp2vl892b&iid=MS4wLjABAAAANwkJuWIRFOzg5uCpDRpMj4OX-QryoDgn-yYlXQnRwQQ&with_sec_did=1&video_share_track_ver=&titleType=title&share_sign=kVTa._Cl07jJnOyAVwcYjsYYfyGsxe0yffsrUWF_y3E-&share_version=0&ts=1787996689&from_aid=6383&from_ssr=1&share_track_info=%7B%22link_description_type%22%3A%22%22%7D,3132,805,263
7611051312923776997,拍完视频才发现鼻子里有小零食😂#七王爷 #憋住不准笑,2026-02-26 14:06:17 CST,https://www.iesdouyin.com/share/video/7611051312923776997/?region=US&mid=7611051263291165478&u_code=0&did=MS4wLjABAAAAgDQbitRTDSdo2ngCCE692lcnhDuxa7oy99O-8xe4VJhJ8VH0yDt0vXiGp2vl892b&iid=MS4wLjABAAAANwkJuWIRFOzg5uCpDRpMj4OX-QryoDgn-yYlXQnRwQQ&with_sec_did=1&video_share_track_ver=&titleType=title&share_sign=EDmWyPAQHjFGG3WmC_spCTNMSqgWhniQaGpIDK7fi7s-&share_version=0&ts=1787996689&from_aid=6383&from_ssr=1&share_track_info=%7B%22link_description_type%22%3A%22%22%7D,2033,452,28
7611036037851366059,讲重点就被没收，大家如果能看到就珍惜看下吧#七王爷,2026-02-26 13:07:00 CST,https://www.iesdouyin.com/share/video/7611036037851366059/?region=US&mid=7611036076760845082&u_code=0&did=MS4wLjABAAAAgDQbitRTDSdo2ngCCE692lcnhDuxa7oy99O-8xe4VJhJ8VH0yDt0vXiGp2vl892b&iid=MS4wLjABAAAANwkJuWIRFOzg5uCpDRpMj4OX-QryoDgn-yYlXQnRwQQ&with_sec_did=1&video_share_track_ver=&titleType=title&share_sign=wiNbhuxR6X1hWzZHr5QpWVdh7HeHShjLK9P5hp7tQkI-&share_version=0&ts=1787996689&from_aid=6383&from_ssr=1&share_track_info=%7B%22link_description_type%22%3A%22%22%7D,1468,209,88
7610994703660403953,把控风险，未雨绸缪#七王爷,2026-02-26 10:26:37 CST,https://www.iesdouyin.com/share/video/7610994703660403953/?region=US&mid=7610994670314769167&u_code=0&did=MS4wLjABAAAAgDQbitRTDSdo2ngCCE692lcnhDuxa7oy99O-8xe4VJhJ8VH0yDt0vXiGp2vl892b&iid=MS4wLjABAAAANwkJuWIRFOzg5uCpDRpMj4OX-QryoDgn-yYlXQnRwQQ&with_sec_did=1&video_share_track_ver=&titleType=title&share_sign=U2eM21dFcOz1XmrtEcC42Hu0Bl4kfZFWnJ5NeTEY5GE-&share_version=0&ts=1787996689&from_aid=6383&from_ssr=1&share_track_info=%7B%22link_description_type%22%3A%22%22%7D,3783,651,392
7610871498043861733,我的新封面怎么样，大家点评#七王爷,2026-02-26 02:28:37 CST,https://www.iesdouyin.com/share/video/7610871498043861733/?region=US&mid=7610871374093093673&u_code=0&did=MS4wLjABAAAAgDQbitRTDSdo2ngCCE692lcnhDuxa7oy99O-8xe4VJhJ8VH0yDt0vXiGp2vl892b&iid=MS4wLjABAAAANwkJuWIRFOzg5uCpDRpMj4OX-QryoDgn-yYlXQnRwQQ&with_sec_did=1&video_share_track_ver=&titleType=title&share_sign=jVadUjXov5hK9iegQa6m5wUKic2QU3KTTNaolrE_FNo-&share_version=0&ts=1787996689&from_aid=6383&from_ssr=1&share_track_info=%7B%22link_description_type%22%3A%22%22%7D,2509,614,442
7610720861133660785,看见急跌你才去建仓，比早上高点要至少掉10-20个点位，分批建仓#七王爷,2026-02-25 16:44:00 CST,https://www.iesdouyin.com/share/video/7610720861133660785/?region=US&mid=7610720833140919091&u_code=0&did=MS4wLjABAAAAgDQbitRTDSdo2ngCCE692lcnhDuxa7oy99O-8xe4VJhJ8VH0yDt0vXiGp2vl892b&iid=MS4wLjABAAAANwkJuWIRFOzg5uCpDRpMj4OX-QryoDgn-yYlXQnRwQQ&with_sec_did=1&video_share_track_ver=&titleType=title&share_sign=i_6NzDUcOn0zJgsjgh7cRPJVqI4M2dS8eLCtznxngcU-&share_version=0&ts=1787996689&from_aid=6383&from_ssr=1&share_track_info=%7B%22link_description_type%22%3A%22%22%7D,5249,915,894
7610713107195242937,整理下队形#七王爷,2026-02-25 16:13:52 CST,https://www.iesdouyin.com/share/video/7610713107195242937/?region=US&mid=7610713095513721646&u_code=0&did=MS4wLjABAAAAgDQbitRTDSdo2ngCCE692lcnhDuxa7oy99O-8xe4VJhJ8VH0yDt0vXiGp2vl892b&iid=MS4wLjABAAAANwkJuWIRFOzg5uCpDRpMj4OX-QryoDgn-yYlXQnRwQQ&with_sec_did=1&video_share_track_ver=&titleType=title&share_sign=kXyPFgi9_b659aJwtKN.0kv4zfPD5BFVO_SJscD1ris-&share_version=0&ts=1787996689&from_aid=6383&from_ssr=1&share_track_info=%7B%22link_description_type%22%3A%22%22%7D,3480,534,365
7610710248475557627,微利好#七王爷,2026-02-25 16:02:48 CST,https://www.iesdouyin.com/share/video/7610710248475557627/?region=US&mid=7610710233307958057&u_code=0&did=MS4wLjABAAAAgDQbitRTDSdo2ngCCE692lcnhDuxa7oy99O-8xe4VJhJ8VH0yDt0vXiGp2vl892b&iid=MS4wLjABAAAANwkJuWIRFOzg5uCpDRpMj4OX-QryoDgn-yYlXQnRwQQ&with_sec_did=1&video_share_track_ver=&titleType=title&share_sign=0uxTwrhULAHYzEXhG7GQOpKavc3sepdxEuc5fWnl7bM-&share_version=0&ts=1787996689&from_aid=6383&from_ssr=1&share_track_info=%7B%22link_description_type%22%3A%22%22%7D,1693,225,21
7610629992359314033,美元弱，黄金涨！ 但是人名币升值把所有黄鱼的涨幅抵消了！懂了吗？#七王爷,2026-02-25 10:51:22 CST,https://www.iesdouyin.com/share/video/7610629992359314033/?region=US&mid=7610629883244727075&u_code=0&did=MS4wLjABAAAAgDQbitRTDSdo2ngCCE692lcnhDuxa7oy99O-8xe4VJhJ8VH0yDt0vXiGp2vl892b&iid=MS4wLjABAAAANwkJuWIRFOzg5uCpDRpMj4OX-QryoDgn-yYlXQnRwQQ&with_sec_did=1&video_share_track_ver=&titleType=title&share_sign=LhnnjVQtbikegZUYi8sE.ajOA8OHXCxxWc1jA2ezKzM-&share_version=0&ts=1787996689&from_aid=6383&from_ssr=1&share_track_info=%7B%22link_description_type%22%3A%22%22%7D,2305,469,188
7610619627622148465,2.25 10点 闹闹有四星数据发言,2026-02-25 10:11:14 CST,https://www.iesdouyin.com/share/video/7610619627622148465/?region=US&mid=7610619591841712948&u_code=0&did=MS4wLjABAAAAgDQbitRTDSdo2ngCCE692lcnhDuxa7oy99O-8xe4VJhJ8VH0yDt0vXiGp2vl892b&iid=MS4wLjABAAAANwkJuWIRFOzg5uCpDRpMj4OX-QryoDgn-yYlXQnRwQQ&with_sec_did=1&video_share_track_ver=&titleType=title&share_sign=4ORf2Zlw5tHDabWUNgYWJRiJH7yYC9fh2r1gRzbt2L8-&share_version=0&ts=1787996689&from_aid=6383&from_ssr=1&share_track_info=%7B%22link_description_type%22%3A%22%22%7D,1706,265,41
7610615775019344634,看懂去玩去吧！但吃到🍰要报喜，让老七开心#内容太过真实,2026-02-25 09:56:10 CST,https://www.iesdouyin.com/share/video/7610615775019344634/?region=US&mid=7610615640961256207&u_code=0&did=MS4wLjABAAAAgDQbitRTDSdo2ngCCE692lcnhDuxa7oy99O-8xe4VJhJ8VH0yDt0vXiGp2vl892b&iid=MS4wLjABAAAANwkJuWIRFOzg5uCpDRpMj4OX-QryoDgn-yYlXQnRwQQ&with_sec_did=1&video_share_track_ver=&titleType=title&share_sign=FMU7a8ztJFRIkPhUMH0EGJQB5ndwbHXRlW3gtBaKiCk-&share_version=0&ts=1787996689&from_aid=6383&from_ssr=1&share_track_info=%7B%22link_description_type%22%3A%22%22%7D,2222,532,156
7610419222564741755,哎哟，发了五次，看能不能发出来,2026-02-24 21:13:27 CST,https://www.iesdouyin.com/share/video/7610419222564741755/?region=US&mid=7610419252808125222&u_code=0&did=MS4wLjABAAAAgDQbitRTDSdo2ngCCE692lcnhDuxa7oy99O-8xe4VJhJ8VH0yDt0vXiGp2vl892b&iid=MS4wLjABAAAANwkJuWIRFOzg5uCpDRpMj4OX-QryoDgn-yYlXQnRwQQ&with_sec_did=1&video_share_track_ver=&titleType=title&share_sign=EHPrWNfsrAdFVBepvS6987UTsciyR7iCc0tfZa0FMgg-&share_version=0&ts=1787996689&from_aid=6383&from_ssr=1&share_track_info=%7B%22link_description_type%22%3A%22%22%7D,2218,754,201
7610417627731869669,看今晚能不能站稳我说的这个位置！#这话没毛病,2026-02-24 21:07:17 CST,https://www.iesdouyin.com/share/video/7610417627731869669/?region=US&mid=7610417646833044270&u_code=0&did=MS4wLjABAAAAgDQbitRTDSdo2ngCCE692lcnhDuxa7oy99O-8xe4VJhJ8VH0yDt0vXiGp2vl892b&iid=MS4wLjABAAAANwkJuWIRFOzg5uCpDRpMj4OX-QryoDgn-yYlXQnRwQQ&with_sec_did=1&video_share_track_ver=&titleType=title&share_sign=LDpmNEoKEA2L8PfAsHTCDXZz15bdKRGP4Xb0.9BJEhM-&share_version=0&ts=1787996689&from_aid=6383&from_ssr=1&share_track_info=%7B%22link_description_type%22%3A%22%22%7D,4451,452,798
7610362062229330425,我最大的开心就是看见你们口袋进米，来报喜吧#金融常识普及 #七王爷,2026-02-24 17:31:40 CST,https://www.iesdouyin.com/share/video/7610362062229330425/?region=US&mid=7610362058068085555&u_code=0&did=MS4wLjABAAAAgDQbitRTDSdo2ngCCE692lcnhDuxa7oy99O-8xe4VJhJ8VH0yDt0vXiGp2vl892b&iid=MS4wLjABAAAANwkJuWIRFOzg5uCpDRpMj4OX-QryoDgn-yYlXQnRwQQ&with_sec_did=1&video_share_track_ver=&titleType=title&share_sign=ZGpPznh6lFaLKmML.dXSFvWu55Uwn8muqTpmBBn9IA4-&share_version=0&ts=1787996689&from_aid=6383&from_ssr=1&share_track_info=%7B%22link_description_type%22%3A%22%22%7D,3629,1015,441
7610078279420939258,答应我，好吗？😂#七王爷 #七王爷讲真话,2026-02-23 23:10:29 CST,https://www.iesdouyin.com/share/video/7610078279420939258/?region=US&mid=7610078210625162018&u_code=0&did=MS4wLjABAAAAgDQbitRTDSdo2ngCCE692lcnhDuxa7oy99O-8xe4VJhJ8VH0yDt0vXiGp2vl892b&iid=MS4wLjABAAAANwkJuWIRFOzg5uCpDRpMj4OX-QryoDgn-yYlXQnRwQQ&with_sec_did=1&video_share_track_ver=&titleType=title&share_sign=HogsuR8zRIcYvdVDioGIqvU3u18Mqjfsc0xWIicsiH4-&share_version=0&ts=1787996689&from_aid=6383&from_ssr=1&share_track_info=%7B%22link_description_type%22%3A%22%22%7D,4827,1189,426
7610067274578263802,发了三次，每次重点就被嘎了！2.23#这话没毛病,2026-02-23 22:27:43 CST,https://www.iesdouyin.com/share/video/7610067274578263802/?region=US&mid=7610067289282497315&u_code=0&did=MS4wLjABAAAAgDQbitRTDSdo2ngCCE692lcnhDuxa7oy99O-8xe4VJhJ8VH0yDt0vXiGp2vl892b&iid=MS4wLjABAAAANwkJuWIRFOzg5uCpDRpMj4OX-QryoDgn-yYlXQnRwQQ&with_sec_did=1&video_share_track_ver=&titleType=title&share_sign=5NlWCaIFtB8pWv1nMWDJiuor1VHUMxH24rLY8GCIsKo-&share_version=0&ts=1787996689&from_aid=6383&from_ssr=1&share_track_info=%7B%22link_description_type%22%3A%22%22%7D,2216,481,228
7610050493284410341,2.23 合理控制自己的仓位#这话没毛病 #七王爷讲真话,2026-02-23 21:22:35 CST,https://www.iesdouyin.com/share/video/7610050493284410341/?region=US&mid=7610050428647721774&u_code=0&did=MS4wLjABAAAAgDQbitRTDSdo2ngCCE692lcnhDuxa7oy99O-8xe4VJhJ8VH0yDt0vXiGp2vl892b&iid=MS4wLjABAAAANwkJuWIRFOzg5uCpDRpMj4OX-QryoDgn-yYlXQnRwQQ&with_sec_did=1&video_share_track_ver=&titleType=title&share_sign=KrMqKEwzK.u3h9v1U.LeaH4q.0yaiNoaUCTbn0WlQJo-&share_version=0&ts=1787996689&from_aid=6383&from_ssr=1&share_track_info=%7B%22link_description_type%22%3A%22%22%7D,4986,558,715
7610038560494931313,2月23日 短跑冠军技巧#七王爷讲真话,2026-02-23 20:36:25 CST,https://www.iesdouyin.com/share/video/7610038560494931313/?region=US&mid=7610038557057665830&u_code=0&did=MS4wLjABAAAAgDQbitRTDSdo2ngCCE692lcnhDuxa7oy99O-8xe4VJhJ8VH0yDt0vXiGp2vl892b&iid=MS4wLjABAAAANwkJuWIRFOzg5uCpDRpMj4OX-QryoDgn-yYlXQnRwQQ&with_sec_did=1&video_share_track_ver=&titleType=title&share_sign=.UMeJnJAsFusQN9CQWe68bFTGiHmtBKEPgkOeAaQSGM-&share_version=0&ts=1787996689&from_aid=6383&from_ssr=1&share_track_info=%7B%22link_description_type%22%3A%22%22%7D,5373,454,980
7610033411587594939,2.23日 给大家拜个晚年#记录真实生活,2026-02-23 20:16:18 CST,https://www.iesdouyin.com/share/video/7610033411587594939/?region=US&mid=7610033369988467507&u_code=0&did=MS4wLjABAAAAgDQbitRTDSdo2ngCCE692lcnhDuxa7oy99O-8xe4VJhJ8VH0yDt0vXiGp2vl892b&iid=MS4wLjABAAAANwkJuWIRFOzg5uCpDRpMj4OX-QryoDgn-yYlXQnRwQQ&with_sec_did=1&video_share_track_ver=&titleType=title&share_sign=8JupRA7L6RjSozd04vMkCTSTC4pB1G6GrrfWEp4GmKk-&share_version=0&ts=1787996689&from_aid=6383&from_ssr=1&share_track_info=%7B%22link_description_type%22%3A%22%22%7D,2242,479,192
7606702937037429371,别笑话我是个羊毛党，我只想把一手赚米信息告诉大家，芝麻再小也是食物#七王爷讲真话,2026-02-14 20:52:23 CST,https://www.iesdouyin.com/share/video/7606702937037429371/?region=US&mid=0&u_code=0&did=MS4wLjABAAAAgDQbitRTDSdo2ngCCE692lcnhDuxa7oy99O-8xe4VJhJ8VH0yDt0vXiGp2vl892b&iid=MS4wLjABAAAANwkJuWIRFOzg5uCpDRpMj4OX-QryoDgn-yYlXQnRwQQ&with_sec_did=1&video_share_track_ver=&titleType=title&schema_type=37&share_sign=sBJAsslW.AfVingfD4tCM2MwlQt0uDr6losyMpHy2nU-&share_version=0&ts=1787996689&from_aid=6383&from_ssr=1&share_track_info=%7B%22link_description_type%22%3A%22%22%7D,2006,241,274
7606250341377971825,新年快乐！彻底休市了！ 我年后初几在会出现！#七王爷讲真话,2026-02-13 15:36:05 CST,https://www.iesdouyin.com/share/video/7606250341377971825/?region=US&mid=0&u_code=0&did=MS4wLjABAAAAgDQbitRTDSdo2ngCCE692lcnhDuxa7oy99O-8xe4VJhJ8VH0yDt0vXiGp2vl892b&iid=MS4wLjABAAAANwkJuWIRFOzg5uCpDRpMj4OX-QryoDgn-yYlXQnRwQQ&with_sec_did=1&video_share_track_ver=&titleType=title&schema_type=37&share_sign=UxZ_kbCWOQTmXb.ZCQc9xXKu7Pu8aExKb92fXqCkirE-&share_version=0&ts=1787996691&from_aid=6383&from_ssr=1&share_track_info=%7B%22link_description_type%22%3A%22%22%7D,2068,394,248
7606157484282499173,我说的话句句做数，不会因为黑子的一句投诉，举报，而去删除！ 但是你们对我的质问，也确实伤我心了,2026-02-13 09:35:58 CST,https://www.iesdouyin.com/share/video/7606157484282499173/?region=US&mid=0&u_code=0&did=MS4wLjABAAAAgDQbitRTDSdo2ngCCE692lcnhDuxa7oy99O-8xe4VJhJ8VH0yDt0vXiGp2vl892b&iid=MS4wLjABAAAANwkJuWIRFOzg5uCpDRpMj4OX-QryoDgn-yYlXQnRwQQ&with_sec_did=1&video_share_track_ver=&titleType=title&schema_type=37&share_sign=W41kZjIKJP3ob3EHorE6okwNxwXdhe.ZIDMTH6IPGN4-&share_version=0&ts=1787996691&from_aid=6383&from_ssr=1&share_track_info=%7B%22link_description_type%22%3A%22%22%7D,1088,633,42
7605572805166571707,2/11 见字如见人，如文字表达写清楚，还问重复问题，则不做回答#七王爷讲真话,2026-02-11 19:46:55 CST,https://www.iesdouyin.com/share/video/7605572805166571707/?region=US&mid=0&u_code=0&did=MS4wLjABAAAAgDQbitRTDSdo2ngCCE692lcnhDuxa7oy99O-8xe4VJhJ8VH0yDt0vXiGp2vl892b&iid=MS4wLjABAAAANwkJuWIRFOzg5uCpDRpMj4OX-QryoDgn-yYlXQnRwQQ&with_sec_did=1&video_share_track_ver=&titleType=title&schema_type=37&share_sign=grW.h03rLfurS5jE3ZKdIgIB48j2Xm8jyQY3yoNB7nU-&share_version=0&ts=1787996691&from_aid=6383&from_ssr=1&share_track_info=%7B%22link_description_type%22%3A%22%22%7D,1632,360,325
7605222863503909733,见字如见人，应该符合90%人的心理！在我无法与大家见面的时候，换种方式！待王归来 #七王爷讲真话,2026-02-10 21:08:57 CST,https://www.iesdouyin.com/share/video/7605222863503909733/?region=US&mid=0&u_code=0&did=MS4wLjABAAAAgDQbitRTDSdo2ngCCE692lcnhDuxa7oy99O-8xe4VJhJ8VH0yDt0vXiGp2vl892b&iid=MS4wLjABAAAANwkJuWIRFOzg5uCpDRpMj4OX-QryoDgn-yYlXQnRwQQ&with_sec_did=1&video_share_track_ver=&titleType=title&schema_type=37&share_sign=uuq9KC32f1L8Bzxy.BkBMpH.21atkvvWXvuzUx6gHLc-&share_version=0&ts=1787996691&from_aid=6383&from_ssr=1&share_track_info=%7B%22link_description_type%22%3A%22%22%7D,2168,334,280
7605127060839809265,幸好今天横盘，没啥行情，最新信息我实在拍不了视频，晚上我就用文字，下午基本横盘，需要到晚上美盘才会有动静，晚上有几个数据要公布晚上情况我会尽力看有什么动态会文字或者视频发布！暂时一……版本过低，升级后可展示全部信息,2026-02-10 14:57:13 CST,https://www.iesdouyin.com/share/video/7605127060839809265/?region=US&mid=7605126950805441314&u_code=0&did=MS4wLjABAAAAgDQbitRTDSdo2ngCCE692lcnhDuxa7oy99O-8xe4VJhJ8VH0yDt0vXiGp2vl892b&iid=MS4wLjABAAAANwkJuWIRFOzg5uCpDRpMj4OX-QryoDgn-yYlXQnRwQQ&with_sec_did=1&video_share_track_ver=&titleType=title&share_sign=aablKVT31FkfgQI5c5htPeuQbJ6vwxWeDCXLHrhLb4s-&share_version=0&ts=1787996691&from_aid=6383&from_ssr=1&share_track_info=%7B%22link_description_type%22%3A%22%22%7D,2629,890,24
7604882574280978041,小白直接不要玩短线！ 我明年都开始中期波段了，手续费少，少看盘！ 我看谁想跟我一起中期波段，赚利润高的#这话没毛病,2026-02-09 23:08:27 CST,https://www.iesdouyin.com/share/video/7604882574280978041/?region=US&mid=7604882575722548009&u_code=0&did=MS4wLjABAAAAgDQbitRTDSdo2ngCCE692lcnhDuxa7oy99O-8xe4VJhJ8VH0yDt0vXiGp2vl892b&iid=MS4wLjABAAAANwkJuWIRFOzg5uCpDRpMj4OX-QryoDgn-yYlXQnRwQQ&with_sec_did=1&video_share_track_ver=&titleType=title&share_sign=POoNbudUUSLASc0wWqPf5x_SBIj6b6cXA7gHs6E6x3Y-&share_version=0&ts=1787996691&from_aid=6383&from_ssr=1&share_track_info=%7B%22link_description_type%22%3A%22%22%7D,3990,787,328
7604874503181083259,发了三次，把字幕去了，看能不能发吧#这话没毛病,2026-02-09 22:37:06 CST,https://www.iesdouyin.com/share/video/7604874503181083259/?region=US&mid=7604874434584775424&u_code=0&did=MS4wLjABAAAAgDQbitRTDSdo2ngCCE692lcnhDuxa7oy99O-8xe4VJhJ8VH0yDt0vXiGp2vl892b&iid=MS4wLjABAAAANwkJuWIRFOzg5uCpDRpMj4OX-QryoDgn-yYlXQnRwQQ&with_sec_did=1&video_share_track_ver=&titleType=title&share_sign=4vd7U1m009OBeMz_bP28ORGPWp342d0JC5E2FwbbjPI-&share_version=0&ts=1787996691&from_aid=6383&from_ssr=1&share_track_info=%7B%22link_description_type%22%3A%22%22%7D,1805,384,85
7604774304240577723,只能帮一少部分人，关于出货看自己实际的，靠大家自己手#这话没毛病,2026-02-09 16:08:21 CST,https://www.iesdouyin.com/share/video/7604774304240577723/?region=US&mid=7604774195771263780&u_code=0&did=MS4wLjABAAAAgDQbitRTDSdo2ngCCE692lcnhDuxa7oy99O-8xe4VJhJ8VH0yDt0vXiGp2vl892b&iid=MS4wLjABAAAANwkJuWIRFOzg5uCpDRpMj4OX-QryoDgn-yYlXQnRwQQ&with_sec_did=1&video_share_track_ver=&titleType=title&share_sign=fbRVqy05T9sy5zqos3D5RCoipgVQ2jUxbSXjIILEZEk-&share_version=0&ts=1787996691&from_aid=6383&from_ssr=1&share_track_info=%7B%22link_description_type%22%3A%22%22%7D,2066,989,416
7604695196186105851,这是我个人的操作，不看均价，只看单笔交易的利差#七王爷讲真话,2026-02-09 11:01:21 CST,https://www.iesdouyin.com/share/video/7604695196186105851/?region=US&mid=7604695130968214308&u_code=0&did=MS4wLjABAAAAgDQbitRTDSdo2ngCCE692lcnhDuxa7oy99O-8xe4VJhJ8VH0yDt0vXiGp2vl892b&iid=MS4wLjABAAAANwkJuWIRFOzg5uCpDRpMj4OX-QryoDgn-yYlXQnRwQQ&with_sec_did=1&video_share_track_ver=&titleType=title&share_sign=P3p8FKN7e1CciFdMHBOxcOt4cZqxh9XzxDFgSsjb0U8-&share_version=0&ts=1787996691&from_aid=6383&from_ssr=1&share_track_info=%7B%22link_description_type%22%3A%22%22%7D,2843,901,550
7604494008576691193,优势，劣势都给大伙讲了！ #七王爷讲真话,2026-02-08 22:00:35 CST,https://www.iesdouyin.com/share/video/7604494008576691193/?region=US&mid=7604493933984451343&u_code=0&did=MS4wLjABAAAAgDQbitRTDSdo2ngCCE692lcnhDuxa7oy99O-8xe4VJhJ8VH0yDt0vXiGp2vl892b&iid=MS4wLjABAAAANwkJuWIRFOzg5uCpDRpMj4OX-QryoDgn-yYlXQnRwQQ&with_sec_did=1&video_share_track_ver=&titleType=title&share_sign=y09U0F4Q6Aa0FU0mAB47XuJHhGVgwArnnmtdaZ2rP3I-&share_version=0&ts=1787996691&from_aid=6383&from_ssr=1&share_track_info=%7B%22link_description_type%22%3A%22%22%7D,7183,655,1500
7604413431148896997,落袋为安#七王爷讲真话,2026-02-08 16:47:57 CST,https://www.iesdouyin.com/share/video/7604413431148896997/?region=US&mid=7604413324163402515&u_code=0&did=MS4wLjABAAAAgDQbitRTDSdo2ngCCE692lcnhDuxa7oy99O-8xe4VJhJ8VH0yDt0vXiGp2vl892b&iid=MS4wLjABAAAANwkJuWIRFOzg5uCpDRpMj4OX-QryoDgn-yYlXQnRwQQ&with_sec_did=1&video_share_track_ver=&titleType=title&share_sign=u.ZJ2ctGLyypRhurgBOMtbbi0_cDeZKj0gKkhn7ekUI-&share_version=0&ts=1787996691&from_aid=6383&from_ssr=1&share_track_info=%7B%22link_description_type%22%3A%22%22%7D,2090,335,256
7604396413733536635,感冒了，嗓子没那么大声音#七王爷讲真话,2026-02-08 15:41:54 CST,https://www.iesdouyin.com/share/video/7604396413733536635/?region=US&mid=7604396364877204259&u_code=0&did=MS4wLjABAAAAgDQbitRTDSdo2ngCCE692lcnhDuxa7oy99O-8xe4VJhJ8VH0yDt0vXiGp2vl892b&iid=MS4wLjABAAAANwkJuWIRFOzg5uCpDRpMj4OX-QryoDgn-yYlXQnRwQQ&with_sec_did=1&video_share_track_ver=&titleType=title&share_sign=Up7flLwS7MB5vBjCprcn3JvKohuWgFslfrE7vSkjrkw-&share_version=0&ts=1787996691&from_aid=6383&from_ssr=1&share_track_info=%7B%22link_description_type%22%3A%22%22%7D,7450,1493,1421
7604122558791344262,关关难过关关过#七王爷讲真话,2026-02-07 21:59:12 CST,https://www.iesdouyin.com/share/video/7604122558791344262/?region=US&mid=7604122501077109513&u_code=0&did=MS4wLjABAAAAgDQbitRTDSdo2ngCCE692lcnhDuxa7oy99O-8xe4VJhJ8VH0yDt0vXiGp2vl892b&iid=MS4wLjABAAAANwkJuWIRFOzg5uCpDRpMj4OX-QryoDgn-yYlXQnRwQQ&with_sec_did=1&video_share_track_ver=&titleType=title&share_sign=HDb6RL4GBg7KziEzRYSbWzcmVbDPxcWeisoBnihx6eE-&share_version=0&ts=1787996691&from_aid=6383&from_ssr=1&share_track_info=%7B%22link_description_type%22%3A%22%22%7D,3777,598,370
7604112001401582291,稳稳登登过年🧨 #七王爷讲真话,2026-02-07 21:18:17 CST,https://www.iesdouyin.com/share/video/7604112001401582291/?region=US&mid=7604111922245487414&u_code=0&did=MS4wLjABAAAAgDQbitRTDSdo2ngCCE692lcnhDuxa7oy99O-8xe4VJhJ8VH0yDt0vXiGp2vl892b&iid=MS4wLjABAAAANwkJuWIRFOzg5uCpDRpMj4OX-QryoDgn-yYlXQnRwQQ&with_sec_did=1&video_share_track_ver=&titleType=title&share_sign=dx_z7ZdHuLdIwj1DgSoV7Ae9RLVFZj3hg0PYZja5d1w-&share_version=0&ts=1787996691&from_aid=6383&from_ssr=1&share_track_info=%7B%22link_description_type%22%3A%22%22%7D,4620,803,687
7604079753792440443,2/7 无奈#这么诚实的姑娘不好找,2026-02-07 19:13:06 CST,https://www.iesdouyin.com/share/video/7604079753792440443/?region=US&mid=7604079676826340132&u_code=0&did=MS4wLjABAAAAgDQbitRTDSdo2ngCCE692lcnhDuxa7oy99O-8xe4VJhJ8VH0yDt0vXiGp2vl892b&iid=MS4wLjABAAAANwkJuWIRFOzg5uCpDRpMj4OX-QryoDgn-yYlXQnRwQQ&with_sec_did=1&video_share_track_ver=&titleType=title&share_sign=AJWA7Zc4YtcbbVpWy0p0GH8lZXa7dyPxBjvjtkVf3n8-&share_version=0&ts=1787996691&from_aid=6383&from_ssr=1&share_track_info=%7B%22link_description_type%22%3A%22%22%7D,3590,670,82
7603754290423326842,视频很长，建议反复看，纯干货#这话没毛病,2026-02-06 22:10:08 CST,https://www.iesdouyin.com/share/video/7603754290423326842/?region=US&mid=7603754301491514154&u_code=0&did=MS4wLjABAAAAgDQbitRTDSdo2ngCCE692lcnhDuxa7oy99O-8xe4VJhJ8VH0yDt0vXiGp2vl892b&iid=MS4wLjABAAAANwkJuWIRFOzg5uCpDRpMj4OX-QryoDgn-yYlXQnRwQQ&with_sec_did=1&video_share_track_ver=&titleType=title&share_sign=MFp73DKpKY8Biq7VLaNnK.QqjdOnYTYNnC7mzb._d7I-&share_version=0&ts=1787996691&from_aid=6383&from_ssr=1&share_track_info=%7B%22link_description_type%22%3A%22%22%7D,11153,1572,3395
7603660055300829434,回本不是我我的来时路，我的目标是奔着利润更大化#这话没毛病,2026-02-06 16:04:27 CST,https://www.iesdouyin.com/share/video/7603660055300829434/?region=US&mid=7603660083751930667&u_code=0&did=MS4wLjABAAAAgDQbitRTDSdo2ngCCE692lcnhDuxa7oy99O-8xe4VJhJ8VH0yDt0vXiGp2vl892b&iid=MS4wLjABAAAANwkJuWIRFOzg5uCpDRpMj4OX-QryoDgn-yYlXQnRwQQ&with_sec_did=1&video_share_track_ver=&titleType=title&share_sign=Tyd6aADpRfgfeVw22pqJZi3c2zVMoADZ183AIbhsi3o-&share_version=0&ts=1787996691&from_aid=6383&from_ssr=1&share_track_info=%7B%22link_description_type%22%3A%22%22%7D,3259,702,639
7603641561281454202,就告诉我一句话，能不能不信三无账号？#这话没毛病,2026-02-06 14:52:39 CST,https://www.iesdouyin.com/share/video/7603641561281454202/?region=US&mid=7603641427490343743&u_code=0&did=MS4wLjABAAAAgDQbitRTDSdo2ngCCE692lcnhDuxa7oy99O-8xe4VJhJ8VH0yDt0vXiGp2vl892b&iid=MS4wLjABAAAANwkJuWIRFOzg5uCpDRpMj4OX-QryoDgn-yYlXQnRwQQ&with_sec_did=1&video_share_track_ver=&titleType=title&share_sign=HbM7oNeBdgi2HYJUxu_i5ysU.U1uL1kIszhFZuZo1HU-&share_version=0&ts=1787996691&from_aid=6383&from_ssr=1&share_track_info=%7B%22link_description_type%22%3A%22%22%7D,1928,699,78
7603391027765309930,请珍惜你们爱的每一个爱豆主播吧！ 因为讲真话的，都会一一出局😂  聪明宝宝找以后我们的基地吧#记录自己的点点滴滴,2026-02-05 22:40:33 CST,https://www.iesdouyin.com/share/video/7603391027765309930/?region=US&mid=0&u_code=0&did=MS4wLjABAAAAgDQbitRTDSdo2ngCCE692lcnhDuxa7oy99O-8xe4VJhJ8VH0yDt0vXiGp2vl892b&iid=MS4wLjABAAAANwkJuWIRFOzg5uCpDRpMj4OX-QryoDgn-yYlXQnRwQQ&with_sec_did=1&video_share_track_ver=&titleType=title&schema_type=37&share_sign=a81TFEG_MiFImIacBu6CeQIR_7yZDn0RzLZZNmtXaLQ-&share_version=0&ts=1787996691&from_aid=6383&from_ssr=1&share_track_info=%7B%22link_description_type%22%3A%22%22%7D,579,368,23
7603221696158408625,说句大实话，我讲的都能听懂吗？ 哪里听不懂，我改😂#黄金数据分析,2026-02-05 11:43:22 CST,https://www.iesdouyin.com/share/video/7603221696158408625/?region=US&mid=7603221472630393641&u_code=0&did=MS4wLjABAAAAgDQbitRTDSdo2ngCCE692lcnhDuxa7oy99O-8xe4VJhJ8VH0yDt0vXiGp2vl892b&iid=MS4wLjABAAAANwkJuWIRFOzg5uCpDRpMj4OX-QryoDgn-yYlXQnRwQQ&with_sec_did=1&video_share_track_ver=&titleType=title&share_sign=vp0E_lTRu.xPsTMg4cZTPQMlO0kNrGDGpgeo4uzwGw4-&share_version=0&ts=1787996691&from_aid=6383&from_ssr=1&share_track_info=%7B%22link_description_type%22%3A%22%22%7D,2872,1001,371
7603210768964503547,他们没有太多时间跟我们耗了，只能深度砸盘，没招了#这话没毛病,2026-02-05 11:01:03 CST,https://www.iesdouyin.com/share/video/7603210768964503547/?region=US&mid=7603210719328291634&u_code=0&did=MS4wLjABAAAAgDQbitRTDSdo2ngCCE692lcnhDuxa7oy99O-8xe4VJhJ8VH0yDt0vXiGp2vl892b&iid=MS4wLjABAAAANwkJuWIRFOzg5uCpDRpMj4OX-QryoDgn-yYlXQnRwQQ&with_sec_did=1&video_share_track_ver=&titleType=title&share_sign=.VYpshSmn6AQeLNskwOmyDpy1r_5jjxfI_6EmV0Rh3Q-&share_version=0&ts=1787996691&from_aid=6383&from_ssr=1&share_track_info=%7B%22link_description_type%22%3A%22%22%7D,4747,2708,1768
7603072512826678457,我希望大家以后都能成精，用魔法打败黑山老妖#随写,2026-02-05 02:04:38 CST,https://www.iesdouyin.com/share/video/7603072512826678457/?region=US&mid=0&u_code=0&did=MS4wLjABAAAAgDQbitRTDSdo2ngCCE692lcnhDuxa7oy99O-8xe4VJhJ8VH0yDt0vXiGp2vl892b&iid=MS4wLjABAAAANwkJuWIRFOzg5uCpDRpMj4OX-QryoDgn-yYlXQnRwQQ&with_sec_did=1&video_share_track_ver=&titleType=title&schema_type=37&share_sign=NOmfhDCv.HsdSHxB1BuzDsSqsXWfDv01klYhljtpV_U-&share_version=0&ts=1787996691&from_aid=6383&from_ssr=1&share_track_info=%7B%22link_description_type%22%3A%22%22%7D,2612,369,842
7603032830054525925,静待花开，人生的每一步都算数#这话没毛病,2026-02-04 23:30:30 CST,https://www.iesdouyin.com/share/video/7603032830054525925/?region=US&mid=7603032664022502179&u_code=0&did=MS4wLjABAAAAgDQbitRTDSdo2ngCCE692lcnhDuxa7oy99O-8xe4VJhJ8VH0yDt0vXiGp2vl892b&iid=MS4wLjABAAAANwkJuWIRFOzg5uCpDRpMj4OX-QryoDgn-yYlXQnRwQQ&with_sec_did=1&video_share_track_ver=&titleType=title&share_sign=kLxqI3X0hLWFaRV6U9r0cQvpPt40k0YR29cfRinEyFs-&share_version=0&ts=1787996691&from_aid=6383&from_ssr=1&share_track_info=%7B%22link_description_type%22%3A%22%22%7D,1909,796,296
7603021172796985841,请保护珍惜自己爱的财经主播，善言结善语#躺赢人生,2026-02-04 22:45:16 CST,https://www.iesdouyin.com/share/video/7603021172796985841/?region=US&mid=7603021156938959666&u_code=0&did=MS4wLjABAAAAgDQbitRTDSdo2ngCCE692lcnhDuxa7oy99O-8xe4VJhJ8VH0yDt0vXiGp2vl892b&iid=MS4wLjABAAAANwkJuWIRFOzg5uCpDRpMj4OX-QryoDgn-yYlXQnRwQQ&with_sec_did=1&video_share_track_ver=&titleType=title&share_sign=yRLWV6EGLYDEL.v2bd_NPM6Qhy4uVOfFOe7IEy9Nb9A-&share_version=0&ts=1787996691&from_aid=6383&from_ssr=1&share_track_info=%7B%22link_description_type%22%3A%22%22%7D,2837,788,312
7603009951791738809,敲锣打鼓是危机 全民恐惧是机会#黄金暴跌原因,2026-02-04 22:01:42 CST,https://www.iesdouyin.com/share/video/7603009951791738809/?region=US&mid=7603009854935943936&u_code=0&did=MS4wLjABAAAAgDQbitRTDSdo2ngCCE692lcnhDuxa7oy99O-8xe4VJhJ8VH0yDt0vXiGp2vl892b&iid=MS4wLjABAAAANwkJuWIRFOzg5uCpDRpMj4OX-QryoDgn-yYlXQnRwQQ&with_sec_did=1&video_share_track_ver=&titleType=title&share_sign=8UKWPrseBGkMW9gh4AXAbcW_PgGGRY_r7Y7xTYjRPAs-&share_version=0&ts=1787996691&from_aid=6383&from_ssr=1&share_track_info=%7B%22link_description_type%22%3A%22%22%7D,1415,449,124
7602636374165213029,我指的就是你，必须发财！接财运#这话没毛病,2026-02-03 21:52:01 CST,https://www.iesdouyin.com/share/video/7602636374165213029/?region=US&mid=7602636288302435126&u_code=0&did=MS4wLjABAAAAgDQbitRTDSdo2ngCCE692lcnhDuxa7oy99O-8xe4VJhJ8VH0yDt0vXiGp2vl892b&iid=MS4wLjABAAAANwkJuWIRFOzg5uCpDRpMj4OX-QryoDgn-yYlXQnRwQQ&with_sec_did=1&video_share_track_ver=&titleType=title&share_sign=Cb.90rjp17b.NFubfqFrmCddJx.J8XfhGuIgIYBFU2s-&share_version=0&ts=1787996691&from_aid=6383&from_ssr=1&share_track_info=%7B%22link_description_type%22%3A%22%22%7D,3675,1200,710
7602530713799975333,最蠢的操作也是利润最大化的操作！ 傻傻的每一回调买入就可以了#这话没毛病,2026-02-03 15:02:00 CST,https://www.iesdouyin.com/share/video/7602530713799975333/?region=US&mid=7602530701115738886&u_code=0&did=MS4wLjABAAAAgDQbitRTDSdo2ngCCE692lcnhDuxa7oy99O-8xe4VJhJ8VH0yDt0vXiGp2vl892b&iid=MS4wLjABAAAANwkJuWIRFOzg5uCpDRpMj4OX-QryoDgn-yYlXQnRwQQ&with_sec_did=1&video_share_track_ver=&titleType=title&share_sign=I6U7dYyUk3ekBg_pFtsxg4F3UkCPvJo_uaidgPjrV4o-&share_version=0&ts=1787996691&from_aid=6383&from_ssr=1&share_track_info=%7B%22link_description_type%22%3A%22%22%7D,6615,1480,1386
7602497758755476465,在互联网碎片化透明时代，做一个良心博主！#黄金暴跌原因,2026-02-03 12:54:09 CST,https://www.iesdouyin.com/share/video/7602497758755476465/?region=US&mid=7602497729327647494&u_code=0&did=MS4wLjABAAAAgDQbitRTDSdo2ngCCE692lcnhDuxa7oy99O-8xe4VJhJ8VH0yDt0vXiGp2vl892b&iid=MS4wLjABAAAANwkJuWIRFOzg5uCpDRpMj4OX-QryoDgn-yYlXQnRwQQ&with_sec_did=1&video_share_track_ver=&titleType=title&share_sign=9OaNwB38K2vzruWkxrYQGqi60bKlgt2gn7xEfS7YRa8-&share_version=0&ts=1787996691&from_aid=6383&from_ssr=1&share_track_info=%7B%22link_description_type%22%3A%22%22%7D,1616,525,161
7602458974290415547,时间从来不语，但却回答了所有人#这话没毛病,2026-02-03 10:23:39 CST,https://www.iesdouyin.com/share/video/7602458974290415547/?region=US&mid=7602458982288001835&u_code=0&did=MS4wLjABAAAAgDQbitRTDSdo2ngCCE692lcnhDuxa7oy99O-8xe4VJhJ8VH0yDt0vXiGp2vl892b&iid=MS4wLjABAAAANwkJuWIRFOzg5uCpDRpMj4OX-QryoDgn-yYlXQnRwQQ&with_sec_did=1&video_share_track_ver=&titleType=title&share_sign=UMXpIc9c4A09_Xe_p4CmP5grtLmomcBwoHeIDT.AK7Q-&share_version=0&ts=1787996691&from_aid=6383&from_ssr=1&share_track_info=%7B%22link_description_type%22%3A%22%22%7D,2730,1205,496
7602180397012131237,报编号吧,2026-02-02 16:22:35 CST,https://www.iesdouyin.com/share/video/7602180397012131237/?region=US&mid=6713170553269652237&u_code=0&did=MS4wLjABAAAAgDQbitRTDSdo2ngCCE692lcnhDuxa7oy99O-8xe4VJhJ8VH0yDt0vXiGp2vl892b&iid=MS4wLjABAAAANwkJuWIRFOzg5uCpDRpMj4OX-QryoDgn-yYlXQnRwQQ&with_sec_did=1&video_share_track_ver=&titleType=title&schema_type=37&share_sign=azoQSXaZJc603Yf2wq3pfEhKi8oUjarQrjTPbL9W.1U-&share_version=0&ts=1787996691&from_aid=6383&from_ssr=1&share_track_info=%7B%22link_description_type%22%3A%22%22%7D,1808,1477,215
7602138977458591653,花木兰们，答应我团结起来，在寒冬腊月！ 用魔法打败敌人！  还有唱衰说掉到500的大肚秃顶男，我们也要用魔法成功上岸封嘴看我们笑话的人#记录真实生活,2026-02-02 13:41:55 CST,https://www.iesdouyin.com/share/video/7602138977458591653/?region=US&mid=7602138897070246708&u_code=0&did=MS4wLjABAAAAgDQbitRTDSdo2ngCCE692lcnhDuxa7oy99O-8xe4VJhJ8VH0yDt0vXiGp2vl892b&iid=MS4wLjABAAAANwkJuWIRFOzg5uCpDRpMj4OX-QryoDgn-yYlXQnRwQQ&with_sec_did=1&video_share_track_ver=&titleType=title&share_sign=zx.oDFr7UgHqilLoEJwPc0098cbA5tKH6ulNxlqbW8Y-&share_version=0&ts=1787996693&from_aid=6383&from_ssr=1&share_track_info=%7B%22link_description_type%22%3A%22%22%7D,2573,2965,232
7602120730407208805,合理管理好自己仓位。不要为了抄底，而又又又被人操家了！分批合理建仓#这话没毛病,2026-02-02 12:31:04 CST,https://www.iesdouyin.com/share/video/7602120730407208805/?region=US&mid=7602120656481766180&u_code=0&did=MS4wLjABAAAAgDQbitRTDSdo2ngCCE692lcnhDuxa7oy99O-8xe4VJhJ8VH0yDt0vXiGp2vl892b&iid=MS4wLjABAAAANwkJuWIRFOzg5uCpDRpMj4OX-QryoDgn-yYlXQnRwQQ&with_sec_did=1&video_share_track_ver=&titleType=title&share_sign=ZXtdCMuHR1LZC8LxAqQt0aC.oCjoyTwQj3M721wz3ec-&share_version=0&ts=1787996693&from_aid=6383&from_ssr=1&share_track_info=%7B%22link_description_type%22%3A%22%22%7D,4395,2851,2247
7602101833507491301,高位拿稳，跟春天一样。静待花开#这话没毛病,2026-02-02 11:17:45 CST,https://www.iesdouyin.com/share/video/7602101833507491301/?region=US&mid=7602101711433026356&u_code=0&did=MS4wLjABAAAAgDQbitRTDSdo2ngCCE692lcnhDuxa7oy99O-8xe4VJhJ8VH0yDt0vXiGp2vl892b&iid=MS4wLjABAAAANwkJuWIRFOzg5uCpDRpMj4OX-QryoDgn-yYlXQnRwQQ&with_sec_did=1&video_share_track_ver=&titleType=title&share_sign=VNhfAFEDJsWFtI43AUf3y9eQhmIaxrHmhoI5j0T_.v8-&share_version=0&ts=1787996693&from_aid=6383&from_ssr=1&share_track_info=%7B%22link_description_type%22%3A%22%22%7D,5062,2781,3356
7601819911937886949,我是怎么说，我就怎么做，言行合一！绝对不做两面派#这话没毛病,2026-02-01 17:03:48 CST,https://www.iesdouyin.com/share/video/7601819911937886949/?region=US&mid=7601819911651937067&u_code=0&did=MS4wLjABAAAAgDQbitRTDSdo2ngCCE692lcnhDuxa7oy99O-8xe4VJhJ8VH0yDt0vXiGp2vl892b&iid=MS4wLjABAAAANwkJuWIRFOzg5uCpDRpMj4OX-QryoDgn-yYlXQnRwQQ&with_sec_did=1&video_share_track_ver=&titleType=title&share_sign=qFdQc.T7OjMpMBnSXCBsdy_9U10n6vSn23A.rhn3ttQ-&share_version=0&ts=1787996693&from_aid=6383&from_ssr=1&share_track_info=%7B%22link_description_type%22%3A%22%22%7D,5734,1938,526
7601561679332616889,发了三次才发出来，讲真话很敏感😂#这话没毛病,2026-02-01 00:21:45 CST,https://www.iesdouyin.com/share/video/7601561679332616889/?region=US&mid=7601561673765669686&u_code=0&did=MS4wLjABAAAAgDQbitRTDSdo2ngCCE692lcnhDuxa7oy99O-8xe4VJhJ8VH0yDt0vXiGp2vl892b&iid=MS4wLjABAAAANwkJuWIRFOzg5uCpDRpMj4OX-QryoDgn-yYlXQnRwQQ&with_sec_did=1&video_share_track_ver=&titleType=title&share_sign=YU5s7BtSzvylAO0NsjAIsnw738hGwgA_Oo1iI2FqEwM-&share_version=0&ts=1787996693&from_aid=6383&from_ssr=1&share_track_info=%7B%22link_description_type%22%3A%22%22%7D,6057,1535,1361
7601479811014859705,求求了，能不能看我视频日期在喷我 谁能救救我啊！现在视频是2026 1月31日#记录真实生活,2026-01-31 19:04:01 CST,https://www.iesdouyin.com/share/video/7601479811014859705/?region=US&mid=7601479722215967488&u_code=0&did=MS4wLjABAAAAgDQbitRTDSdo2ngCCE692lcnhDuxa7oy99O-8xe4VJhJ8VH0yDt0vXiGp2vl892b&iid=MS4wLjABAAAANwkJuWIRFOzg5uCpDRpMj4OX-QryoDgn-yYlXQnRwQQ&with_sec_did=1&video_share_track_ver=&titleType=title&share_sign=nr80uqnZUE7VlgSNyIeM4nz5R1uKH6uJoWBxPcsZkQ4-&share_version=0&ts=1787996693&from_aid=6383&from_ssr=1&share_track_info=%7B%22link_description_type%22%3A%22%22%7D,1736,774,147
7601470004476109477,静待花开，不割肉就一直会有机会，克数不会变！ 周一资本开会设置几个地下室或者18层地 Y！ 先做好心理准备哟！开心过周末#记录真实生活,2026-01-31 18:25:57 CST,https://www.iesdouyin.com/share/video/7601470004476109477/?region=US&mid=7601469966503693119&u_code=0&did=MS4wLjABAAAAgDQbitRTDSdo2ngCCE692lcnhDuxa7oy99O-8xe4VJhJ8VH0yDt0vXiGp2vl892b&iid=MS4wLjABAAAANwkJuWIRFOzg5uCpDRpMj4OX-QryoDgn-yYlXQnRwQQ&with_sec_did=1&video_share_track_ver=&titleType=title&share_sign=n.tQAjy4tSuBMVwwvoH2bnL.ZuqCJTYErB4Jw82tAG0-&share_version=0&ts=1787996693&from_aid=6383&from_ssr=1&share_track_info=%7B%22link_description_type%22%3A%22%22%7D,2712,1306,463
7601226813192961273,保护好自己最后的底气#这话没毛病,2026-01-31 02:42:16 CST,https://www.iesdouyin.com/share/video/7601226813192961273/?region=US&mid=7601226732238064419&u_code=0&did=MS4wLjABAAAAgDQbitRTDSdo2ngCCE692lcnhDuxa7oy99O-8xe4VJhJ8VH0yDt0vXiGp2vl892b&iid=MS4wLjABAAAANwkJuWIRFOzg5uCpDRpMj4OX-QryoDgn-yYlXQnRwQQ&with_sec_did=1&video_share_track_ver=&titleType=title&share_sign=7RIuPBfKQUAZtG6r8RvHfLUywsYdAkwF5s_tfbOC0tY-&share_version=0&ts=1787996693&from_aid=6383&from_ssr=1&share_track_info=%7B%22link_description_type%22%3A%22%22%7D,6909,7978,5017
7601160735603935929,你们亏了多少？让我乐乐哈哈哈哈😂,2026-01-30 22:25:49 CST,https://www.iesdouyin.com/share/video/7601160735603935929/?region=US&mid=7601160671081827126&u_code=0&did=MS4wLjABAAAAgDQbitRTDSdo2ngCCE692lcnhDuxa7oy99O-8xe4VJhJ8VH0yDt0vXiGp2vl892b&iid=MS4wLjABAAAANwkJuWIRFOzg5uCpDRpMj4OX-QryoDgn-yYlXQnRwQQ&with_sec_did=1&video_share_track_ver=&titleType=title&share_sign=iTYudVPTNA1IGry4vIIivxUZ5Ngb7c6O7BHnkvGnbXo-&share_version=0&ts=1787996693&from_aid=6383&from_ssr=1&share_track_info=%7B%22link_description_type%22%3A%22%22%7D,1202,1252,120
7601059714802042491,直接说方法 第一：被挂不要割肉 第二：抄底分批建仓#这话没毛病,2026-01-30 15:53:50 CST,https://www.iesdouyin.com/share/video/7601059714802042491/?region=US&mid=7601059723173628735&u_code=0&did=MS4wLjABAAAAgDQbitRTDSdo2ngCCE692lcnhDuxa7oy99O-8xe4VJhJ8VH0yDt0vXiGp2vl892b&iid=MS4wLjABAAAANwkJuWIRFOzg5uCpDRpMj4OX-QryoDgn-yYlXQnRwQQ&with_sec_did=1&video_share_track_ver=&titleType=title&share_sign=Irw3.swC3fgF6HJHu_ajyel0kawr1tWqNdVqoV5aqPo-&share_version=0&ts=1787996693&from_aid=6383&from_ssr=1&share_track_info=%7B%22link_description_type%22%3A%22%22%7D,11533,6114,4836
7600821017959518393,我怕被挂的心里不开心，我今天回调利润回吐-20多W 但是内心稳得很，经历过大风大浪的女人，应该不会去在意这种湖面波澜！ 我知道您们很怕，有我在，我一直在！陪着大家的！最后都大伙开心……版本过低，升级后可展示全部信息,2026-01-30 00:27:34 CST,https://www.iesdouyin.com/share/video/7600821017959518393/?region=US&mid=7282211359126685732&u_code=0&did=MS4wLjABAAAAgDQbitRTDSdo2ngCCE692lcnhDuxa7oy99O-8xe4VJhJ8VH0yDt0vXiGp2vl892b&iid=MS4wLjABAAAANwkJuWIRFOzg5uCpDRpMj4OX-QryoDgn-yYlXQnRwQQ&with_sec_did=1&video_share_track_ver=&titleType=title&share_sign=oSTqQQrIYF2i1FMC0Tf7Z19dYLh9G3tcPi0OXpSdnYk-&share_version=0&ts=1787996693&from_aid=6383&from_ssr=1&share_track_info=%7B%22link_description_type%22%3A%22%22%7D,3952,3276,1325
7600806289895972516,我好着急啊，你们什么情况？ 我系统进不去，崩溃了！ 第一：年前最后一场瀑布，你必须拿到 （年前分手，获利了结） 第二：被挂树上也不要着急，会在面前震荡上行，一路向北不变，时间换空间……版本过低，升级后可展示全部信息,2026-01-29 23:30:25 CST,https://www.iesdouyin.com/share/video/7600806289895972516/?region=US&mid=7600806193082600211&u_code=0&did=MS4wLjABAAAAgDQbitRTDSdo2ngCCE692lcnhDuxa7oy99O-8xe4VJhJ8VH0yDt0vXiGp2vl892b&iid=MS4wLjABAAAANwkJuWIRFOzg5uCpDRpMj4OX-QryoDgn-yYlXQnRwQQ&with_sec_did=1&video_share_track_ver=&titleType=title&share_sign=znH9DU22asY0ndwHJKm2Wr1oq6kofSZYc.JQoKScP5Y-&share_version=0&ts=1787996693&from_aid=6383&from_ssr=1&share_track_info=%7B%22link_description_type%22%3A%22%22%7D,2889,2887,1832
7600768375074066939,现在的局面被挂了，总比踏空好（当然我不怂恿大家上） 我个人1238-1247点位都有！但是相信我，给它时间换空间，因为最后八个交易日很快会抵达1280-1300！ 这样你的利润会更……版本过低，升级后可展示全部信息,2026-01-29 21:03:18 CST,https://www.iesdouyin.com/share/video/7600768375074066939/?region=US&mid=7600768380882537258&u_code=0&did=MS4wLjABAAAAgDQbitRTDSdo2ngCCE692lcnhDuxa7oy99O-8xe4VJhJ8VH0yDt0vXiGp2vl892b&iid=MS4wLjABAAAANwkJuWIRFOzg5uCpDRpMj4OX-QryoDgn-yYlXQnRwQQ&with_sec_did=1&video_share_track_ver=&titleType=title&share_sign=v_aKFObZeyaLGRWecwLEkC4KkESJq26C3YleB2_wX08-&share_version=0&ts=1787996693&from_aid=6383&from_ssr=1&share_track_info=%7B%22link_description_type%22%3A%22%22%7D,12229,6365,4855
7600733045369820666,为什么一直有人叫我高位接盘侠呢？ 手里有1240-1249都不要慌，我帮你们兜底😂 目标看1280-1300！爱你们 我说我所做，时间从来不语，但是用实际行动回复了大家所有问题！#……版本过低，升级后可展示全部信息,2026-01-29 18:46:08 CST,https://www.iesdouyin.com/share/video/7600733045369820666/?region=US&mid=7600732998551505664&u_code=0&did=MS4wLjABAAAAgDQbitRTDSdo2ngCCE692lcnhDuxa7oy99O-8xe4VJhJ8VH0yDt0vXiGp2vl892b&iid=MS4wLjABAAAANwkJuWIRFOzg5uCpDRpMj4OX-QryoDgn-yYlXQnRwQQ&with_sec_did=1&video_share_track_ver=&titleType=title&share_sign=Xc5iSwwF3If3uxYsEWLS124gMk6PdS2jBC1.rKxxQ1U-&share_version=0&ts=1787996693&from_aid=6383&from_ssr=1&share_track_info=%7B%22link_description_type%22%3A%22%22%7D,1267,528,342
7600714026831053157,用自个割肉的经验分享，让更多新手小白可以在攒金路上赚的盆满届满，叫我夸夸我吧#这么诚实的妹子 #散户贴心小棉袄七王爷,2026-01-29 17:32:20 CST,https://www.iesdouyin.com/share/video/7600714026831053157/?region=US&mid=7600713985838828324&u_code=0&did=MS4wLjABAAAAgDQbitRTDSdo2ngCCE692lcnhDuxa7oy99O-8xe4VJhJ8VH0yDt0vXiGp2vl892b&iid=MS4wLjABAAAANwkJuWIRFOzg5uCpDRpMj4OX-QryoDgn-yYlXQnRwQQ&with_sec_did=1&video_share_track_ver=&titleType=title&share_sign=eW7r8wpRfP_QvQ75ipd_YfGThewS7K8Rt4R1r66A_jk-&share_version=0&ts=1787996693&from_aid=6383&from_ssr=1&share_track_info=%7B%22link_description_type%22%3A%22%22%7D,2216,558,468
7600594765947960569,我是做波段的，刚刚1237进的，现在我跑了！因为我是做波段的，一天可以来回坐很多次波段，我已经实操给大家看了！所以大家来去自由，可以跟我跑，也可以不跟我跑！,2026-01-29 09:49:37 CST,https://www.iesdouyin.com/share/video/7600594765947960569/?region=US&mid=7600594530890533647&u_code=0&did=MS4wLjABAAAAgDQbitRTDSdo2ngCCE692lcnhDuxa7oy99O-8xe4VJhJ8VH0yDt0vXiGp2vl892b&iid=MS4wLjABAAAANwkJuWIRFOzg5uCpDRpMj4OX-QryoDgn-yYlXQnRwQQ&with_sec_did=1&video_share_track_ver=&titleType=title&share_sign=I2SuBfDCg753DotWKHl5Vb_cqISLbrvm_3kPNm3AtYc-&share_version=0&ts=1787996693&from_aid=6383&from_ssr=1&share_track_info=%7B%22link_description_type%22%3A%22%22%7D,11325,2647,7711
7600517294369285361,😂我真的要睡了，在数据发布之前特意录的！🤣,2026-01-29 04:49:21 CST,https://www.iesdouyin.com/share/video/7600517294369285361/?region=US&mid=7282211359126685732&u_code=0&did=MS4wLjABAAAAgDQbitRTDSdo2ngCCE692lcnhDuxa7oy99O-8xe4VJhJ8VH0yDt0vXiGp2vl892b&iid=MS4wLjABAAAANwkJuWIRFOzg5uCpDRpMj4OX-QryoDgn-yYlXQnRwQQ&with_sec_did=1&video_share_track_ver=&titleType=title&share_sign=UwFt3UXKp7GEcId5L5eSNEAtvJPLQoxR4nBco1tb_AQ-&share_version=0&ts=1787996693&from_aid=6383&from_ssr=1&share_track_info=%7B%22link_description_type%22%3A%22%22%7D,1249,659,145
7600491292140959994,眼睛彻底要瞎了，那个鲍鱼还要半个小时才讲话😂 我陪大家到底#这么诚实的女人不好找,2026-01-29 03:08:37 CST,https://www.iesdouyin.com/share/video/7600491292140959994/?region=US&mid=7600490885964483363&u_code=0&did=MS4wLjABAAAAgDQbitRTDSdo2ngCCE692lcnhDuxa7oy99O-8xe4VJhJ8VH0yDt0vXiGp2vl892b&iid=MS4wLjABAAAANwkJuWIRFOzg5uCpDRpMj4OX-QryoDgn-yYlXQnRwQQ&with_sec_did=1&video_share_track_ver=&titleType=title&share_sign=eSfwfkBV8ogpFFiUHKdmPZJsHI1tE2W.3BV0OJ.e7rE-&share_version=0&ts=1787996693&from_aid=6383&from_ssr=1&share_track_info=%7B%22link_description_type%22%3A%22%22%7D,859,1109,45
7600425985313532273,可以来个董网搞下预测吗#谁能看出这有什么门道,2026-01-28 22:54:36 CST,https://www.iesdouyin.com/share/video/7600425985313532273/?region=US&mid=7600425866635545395&u_code=0&did=MS4wLjABAAAAgDQbitRTDSdo2ngCCE692lcnhDuxa7oy99O-8xe4VJhJ8VH0yDt0vXiGp2vl892b&iid=MS4wLjABAAAANwkJuWIRFOzg5uCpDRpMj4OX-QryoDgn-yYlXQnRwQQ&with_sec_did=1&video_share_track_ver=&titleType=title&share_sign=bO4_7_TrC65GVCqPOohb.800qLOb0tjwP2qGKnRuCE4-&share_version=0&ts=1787996693&from_aid=6383&from_ssr=1&share_track_info=%7B%22link_description_type%22%3A%22%22%7D,1250,797,177
7600335366768528229,晚上给你们做宵夜，但是答应我把这条视频顶起来，好吗？ #这话没毛病,2026-01-28 17:02:55 CST,https://www.iesdouyin.com/share/video/7600335366768528229/?region=US&mid=7600335315705891590&u_code=0&did=MS4wLjABAAAAgDQbitRTDSdo2ngCCE692lcnhDuxa7oy99O-8xe4VJhJ8VH0yDt0vXiGp2vl892b&iid=MS4wLjABAAAANwkJuWIRFOzg5uCpDRpMj4OX-QryoDgn-yYlXQnRwQQ&with_sec_did=1&video_share_track_ver=&titleType=title&share_sign=cA7FKAxlb2ghhfeRgq2U0zrttr7dPuayDfAGjGDVlFc-&share_version=0&ts=1787996693&from_aid=6383&from_ssr=1&share_track_info=%7B%22link_description_type%22%3A%22%22%7D,3807,1452,1491
7600317630536745317,授人以鱼不如授人以渔！你说对不对？ 我把所有经验都分享出来，给我的王妃跟将士们，让你们自个能够当家作主，哈哈哈#这话没毛病 #黄金大涨,2026-01-28 15:54:07 CST,https://www.iesdouyin.com/share/video/7600317630536745317/?region=US&mid=7600317511220988672&u_code=0&did=MS4wLjABAAAAgDQbitRTDSdo2ngCCE692lcnhDuxa7oy99O-8xe4VJhJ8VH0yDt0vXiGp2vl892b&iid=MS4wLjABAAAANwkJuWIRFOzg5uCpDRpMj4OX-QryoDgn-yYlXQnRwQQ&with_sec_did=1&video_share_track_ver=&titleType=title&share_sign=NFaWzPWFXVV93nGFmWbH4vJkt.2NPIwYqnl6z4fUb74-&share_version=0&ts=1787996693&from_aid=6383&from_ssr=1&share_track_info=%7B%22link_description_type%22%3A%22%22%7D,3884,768,1475
7600293673074717925,实物我是边走边存，用赚波段的来存实物#实物黄金 #这话没毛病,2026-01-28 14:21:13 CST,https://www.iesdouyin.com/share/video/7600293673074717925/?region=US&mid=7600293567302470426&u_code=0&did=MS4wLjABAAAAgDQbitRTDSdo2ngCCE692lcnhDuxa7oy99O-8xe4VJhJ8VH0yDt0vXiGp2vl892b&iid=MS4wLjABAAAANwkJuWIRFOzg5uCpDRpMj4OX-QryoDgn-yYlXQnRwQQ&with_sec_did=1&video_share_track_ver=&titleType=title&share_sign=lgd8Hg.MXtqMZo9f6b7o1DuVC66QVzTYNPziXO_jaJk-&share_version=0&ts=1787996693&from_aid=6383&from_ssr=1&share_track_info=%7B%22link_description_type%22%3A%22%22%7D,2426,287,141
7600287850744265145,波段中去找规律，再去保存长线！这样滚雪球的方式，利润最大化，不懂的评论区刷三次！我会挑选回复#理财技巧,2026-01-28 13:58:40 CST,https://www.iesdouyin.com/share/video/7600287850744265145/?region=US&mid=7600287821328550665&u_code=0&did=MS4wLjABAAAAgDQbitRTDSdo2ngCCE692lcnhDuxa7oy99O-8xe4VJhJ8VH0yDt0vXiGp2vl892b&iid=MS4wLjABAAAANwkJuWIRFOzg5uCpDRpMj4OX-QryoDgn-yYlXQnRwQQ&with_sec_did=1&video_share_track_ver=&titleType=title&share_sign=mlORwLAR8GDQAgPLfOKEc.F39QLNBaxf6Zr9cWT_5yY-&share_version=0&ts=1787996693&from_aid=6383&from_ssr=1&share_track_info=%7B%22link_description_type%22%3A%22%22%7D,4832,468,783
7600236988475143153,是的，年底看1200！最近开始营业吃🍰了！ 把这条点赞，必须安排大家吃肉肉#黄金大涨价,2026-01-28 10:41:14 CST,https://www.iesdouyin.com/share/video/7600236988475143153/?region=US&mid=7600236945129900838&u_code=0&did=MS4wLjABAAAAgDQbitRTDSdo2ngCCE692lcnhDuxa7oy99O-8xe4VJhJ8VH0yDt0vXiGp2vl892b&iid=MS4wLjABAAAANwkJuWIRFOzg5uCpDRpMj4OX-QryoDgn-yYlXQnRwQQ&with_sec_did=1&video_share_track_ver=&titleType=title&share_sign=XMLNBYvhmOVd6VfR_RZOV5Yf5q_qUhMdcyXJdyq_OBI-&share_version=0&ts=1787996693&from_aid=6383&from_ssr=1&share_track_info=%7B%22link_description_type%22%3A%22%22%7D,1278,512,104
7600232788085138085,笑出猪叫声，有多少跟我一样今天被笑醒的？#黄金大涨价,2026-01-28 10:24:55 CST,https://www.iesdouyin.com/share/video/7600232788085138085/?region=US&mid=7600232723168414507&u_code=0&did=MS4wLjABAAAAgDQbitRTDSdo2ngCCE692lcnhDuxa7oy99O-8xe4VJhJ8VH0yDt0vXiGp2vl892b&iid=MS4wLjABAAAANwkJuWIRFOzg5uCpDRpMj4OX-QryoDgn-yYlXQnRwQQ&with_sec_did=1&video_share_track_ver=&titleType=title&share_sign=QfMU7qRLrNP6nnvSKhxARMb0RGW.elFNO_MfRADhoAQ-&share_version=0&ts=1787996693&from_aid=6383&from_ssr=1&share_track_info=%7B%22link_description_type%22%3A%22%22%7D,964,260,63
7598797811203348709,在最近停更的这几天，我在深刻反思自己！ 也没有停下脚步，在更加深度的学习，因为我明白一件事，人都只能赚到自己认知之内的米，而我现在作为一个博主，我需要比任何人付出100倍的学习，才……版本过低，升级后可展示全部信息,2026-01-24 13:36:29 CST,https://www.iesdouyin.com/share/video/7598797811203348709/?region=US&mid=7598797782509832986&u_code=0&did=MS4wLjABAAAAgDQbitRTDSdo2ngCCE692lcnhDuxa7oy99O-8xe4VJhJ8VH0yDt0vXiGp2vl892b&iid=MS4wLjABAAAANwkJuWIRFOzg5uCpDRpMj4OX-QryoDgn-yYlXQnRwQQ&with_sec_did=1&video_share_track_ver=&titleType=title&share_sign=fJaoOOrLCdXdT7hmYjMDYyQyDiR0m1avUx2MAvJ9YRc-&share_version=0&ts=1787996693&from_aid=6383&from_ssr=1&share_track_info=%7B%22link_description_type%22%3A%22%22%7D,2342,1229,45
7597750392307366330,看大家的意思，让不让我从出江湖，五万点赞！ 如果大家真心愿意，你好像渣男的嘴，直接送我上热门就可以了，五万点赞一到，我就会从出江湖！ 陪大家两年时间！最后看大家的意思了！ 如果想让……版本过低，升级后可展示全部信息,2026-01-21 17:51:55 CST,https://www.iesdouyin.com/share/video/7597750392307366330/?region=US&mid=7597750350610713385&u_code=0&did=MS4wLjABAAAAgDQbitRTDSdo2ngCCE692lcnhDuxa7oy99O-8xe4VJhJ8VH0yDt0vXiGp2vl892b&iid=MS4wLjABAAAANwkJuWIRFOzg5uCpDRpMj4OX-QryoDgn-yYlXQnRwQQ&with_sec_did=1&video_share_track_ver=&titleType=title&share_sign=aHEXGSEJV.TpPvEAYHD3DZjZ.bP3e7tn4pNddAM6G38-&share_version=0&ts=1787996693&from_aid=6383&from_ssr=1&share_track_info=%7B%22link_description_type%22%3A%22%22%7D,71883,9255,990
7597688553674865914,现在是两条腿走路，一条是合适的机会合适的点位（做长线）其它时间都会做波段！#这话没毛病  视频里都是妥妥给大家的建议 #记录自己的点点滴滴,2026-01-21 13:51:57 CST,https://www.iesdouyin.com/share/video/7597688553674865914/?region=US&mid=7597688503236954934&u_code=0&did=MS4wLjABAAAAgDQbitRTDSdo2ngCCE692lcnhDuxa7oy99O-8xe4VJhJ8VH0yDt0vXiGp2vl892b&iid=MS4wLjABAAAANwkJuWIRFOzg5uCpDRpMj4OX-QryoDgn-yYlXQnRwQQ&with_sec_did=1&video_share_track_ver=&titleType=title&share_sign=hNzoyDniU1FiboVKTq1j62sF1NYHhHrOPZLsUdm.eOE-&share_version=0&ts=1787996693&from_aid=6383&from_ssr=1&share_track_info=%7B%22link_description_type%22%3A%22%22%7D,1725,499,227
7597642808208721265,这篇视频是报喜贴子！ 我是一枚普通的宝妈，自学考上了理财师证，我可能跟你关注的博主的差别就是自己是做实盘，不讲理论，而且不墨迹，喜欢大明牌！这样的我你喜欢吗？ 喜欢我的话（长按视频……版本过低，升级后可展示全部信息,2026-01-21 10:54:26 CST,https://www.iesdouyin.com/share/video/7597642808208721265/?region=US&mid=7597642764037802787&u_code=0&did=MS4wLjABAAAAgDQbitRTDSdo2ngCCE692lcnhDuxa7oy99O-8xe4VJhJ8VH0yDt0vXiGp2vl892b&iid=MS4wLjABAAAANwkJuWIRFOzg5uCpDRpMj4OX-QryoDgn-yYlXQnRwQQ&with_sec_did=1&video_share_track_ver=&titleType=title&share_sign=1fIzBTxsj4.L0P7q8okvko3YoCjd2Q6q3Dvpmyk_CY0-&share_version=0&ts=1787996693&from_aid=6383&from_ssr=1&share_track_info=%7B%22link_description_type%22%3A%22%22%7D,1079,541,100
7597433780794311546,今晚11点！如果政策落地，则金价会涨到大家怀疑人生，如果判决否定，泽有洗脚水喝！ 抓马的世界，也需要有娱乐，大家拿我娱乐下吧#特朗普关税,2026-01-20 21:23:18 CST,https://www.iesdouyin.com/share/video/7597433780794311546/?region=US&mid=7597433699277327154&u_code=0&did=MS4wLjABAAAAgDQbitRTDSdo2ngCCE692lcnhDuxa7oy99O-8xe4VJhJ8VH0yDt0vXiGp2vl892b&iid=MS4wLjABAAAANwkJuWIRFOzg5uCpDRpMj4OX-QryoDgn-yYlXQnRwQQ&with_sec_did=1&video_share_track_ver=&titleType=title&share_sign=NyW.zp4GKwTWquupU_X1cDF50aVE1t36qf5dWogiq.4-&share_version=0&ts=1787996693&from_aid=6383&from_ssr=1&share_track_info=%7B%22link_description_type%22%3A%22%22%7D,3870,2244,1916
7597348767331883193,这条视频，反复看，你把我的话记在心里，当你每次想操作的时候。你就去回忆，我说的这几句话！ 第一：永不空仓，永不满仓 第二：不追高，等别人抛完你在抛，你会收获惊喜！ 等别人不买进，你……版本过低，升级后可展示全部信息,2026-01-20 15:53:26 CST,https://www.iesdouyin.com/share/video/7597348767331883193/?region=US&mid=7597348767938939698&u_code=0&did=MS4wLjABAAAAgDQbitRTDSdo2ngCCE692lcnhDuxa7oy99O-8xe4VJhJ8VH0yDt0vXiGp2vl892b&iid=MS4wLjABAAAANwkJuWIRFOzg5uCpDRpMj4OX-QryoDgn-yYlXQnRwQQ&with_sec_did=1&video_share_track_ver=&titleType=title&share_sign=P2S57sCXxZGOj4SvK6AYWY8e5vQvE_C_29zGMC5AZ64-&share_version=0&ts=1787996695&from_aid=6383&from_ssr=1&share_track_info=%7B%22link_description_type%22%3A%22%22%7D,1751,309,229
7597316649843106213,我从发视频以来，以自己个人的经验在前进，写了一一系列基本，百发百中！能预判准确，没有其它技巧，全部都是经验，还有我自己个人是做实盘的！ 看大涨肯定会有回调，所以我在带小孩都必须先吃……版本过低，升级后可展示全部信息,2026-01-20 13:48:48 CST,https://www.iesdouyin.com/share/video/7597316649843106213/?region=US&mid=7597316496238365480&u_code=0&did=MS4wLjABAAAAgDQbitRTDSdo2ngCCE692lcnhDuxa7oy99O-8xe4VJhJ8VH0yDt0vXiGp2vl892b&iid=MS4wLjABAAAANwkJuWIRFOzg5uCpDRpMj4OX-QryoDgn-yYlXQnRwQQ&with_sec_did=1&video_share_track_ver=&titleType=title&share_sign=STlskLZwOCGsuhplLMh4leB03kj__ZopKBPXyyHHDac-&share_version=0&ts=1787996695&from_aid=6383&from_ssr=1&share_track_info=%7B%22link_description_type%22%3A%22%22%7D,2437,572,454
7597284114391805169,现在被挂在1045这个位置的不要着急，可能若干个月后这个点位就是你梦寐以求的点位。列车还是要北上的，把心放肚子里，需要时间来盈利！ 还有最笨的办法机会跟着我上车，我能确保你们安全！……版本过低，升级后可展示全部信息,2026-01-20 11:42:32 CST,https://www.iesdouyin.com/share/video/7597284114391805169/?region=US&mid=7597284109009881882&u_code=0&did=MS4wLjABAAAAgDQbitRTDSdo2ngCCE692lcnhDuxa7oy99O-8xe4VJhJ8VH0yDt0vXiGp2vl892b&iid=MS4wLjABAAAANwkJuWIRFOzg5uCpDRpMj4OX-QryoDgn-yYlXQnRwQQ&with_sec_did=1&video_share_track_ver=&titleType=title&share_sign=yRo9pMM9eGRRDUT6wmYcXhNYC18MCBSh9n_Y.xcY9C0-&share_version=0&ts=1787996695&from_aid=6383&from_ssr=1&share_track_info=%7B%22link_description_type%22%3A%22%22%7D,1250,358,101
7597276236335238897,找到了梦寐以求的工作，躺床上攒金#这状态是我本人没错了 #宝妈理财,2026-01-20 11:11:58 CST,https://www.iesdouyin.com/share/video/7597276236335238897/?region=US&mid=7597276198977735464&u_code=0&did=MS4wLjABAAAAgDQbitRTDSdo2ngCCE692lcnhDuxa7oy99O-8xe4VJhJ8VH0yDt0vXiGp2vl892b&iid=MS4wLjABAAAANwkJuWIRFOzg5uCpDRpMj4OX-QryoDgn-yYlXQnRwQQ&with_sec_did=1&video_share_track_ver=&titleType=title&share_sign=YprzOnobnDEEBrWGVW438cXc9ccHq6yh7H59OrLNiaY-&share_version=0&ts=1787996695&from_aid=6383&from_ssr=1&share_track_info=%7B%22link_description_type%22%3A%22%22%7D,2493,344,379
7597258510842624113,只允许在（1040-1042）吃一口 因为我感觉还有地下室等着我们，一般慢慢阴跌，老师站不住脚，那肯定会有回调！所以，心急吃不来哦人豆腐！ 永不空仓，永不满仓！#这话没毛病 #宝妈……版本过低，升级后可展示全部信息,2026-01-20 10:03:12 CST,https://www.iesdouyin.com/share/video/7597258510842624113/?region=US&mid=7597258514277124914&u_code=0&did=MS4wLjABAAAAgDQbitRTDSdo2ngCCE692lcnhDuxa7oy99O-8xe4VJhJ8VH0yDt0vXiGp2vl892b&iid=MS4wLjABAAAANwkJuWIRFOzg5uCpDRpMj4OX-QryoDgn-yYlXQnRwQQ&with_sec_did=1&video_share_track_ver=&titleType=title&share_sign=f10mBO7AXE1Z2o5NAxcD17vdKbKB8NrlZZy3t5OT1G4-&share_version=0&ts=1787996695&from_aid=6383&from_ssr=1&share_track_info=%7B%22link_description_type%22%3A%22%22%7D,845,448,116
7596895232383388273,永不空仓，永不满仓！现在是历史高位！前面的路只会越来越狭窄，所以，请大家控制住自己的手，合适的位置我会带大家坐上列车，但是我需要大家在评论区至少刷三次以上的评论，回挑选评论来回复！……版本过低，升级后可展示全部信息,2026-01-19 10:33:33 CST,https://www.iesdouyin.com/share/video/7596895232383388273/?region=US&mid=7596895159929817908&u_code=0&did=MS4wLjABAAAAgDQbitRTDSdo2ngCCE692lcnhDuxa7oy99O-8xe4VJhJ8VH0yDt0vXiGp2vl892b&iid=MS4wLjABAAAANwkJuWIRFOzg5uCpDRpMj4OX-QryoDgn-yYlXQnRwQQ&with_sec_did=1&video_share_track_ver=&titleType=title&share_sign=CC.1O0GwoJOCnZ3ou69r2k5zncJsqJMD20n0oBrcUkE-&share_version=0&ts=1787996695&from_aid=6383&from_ssr=1&share_track_info=%7B%22link_description_type%22%3A%22%22%7D,2163,902,223
7596887194074912187,我个人保留了1024➕1000以下的，1030以上都跑了！大家分享下自己赚了大家米米吧，看见你们赚了，我比谁都开心#这话没毛病 #记录真实生活,2026-01-19 10:02:25 CST,https://www.iesdouyin.com/share/video/7596887194074912187/?region=US&mid=7594317819933379374&u_code=0&did=MS4wLjABAAAAgDQbitRTDSdo2ngCCE692lcnhDuxa7oy99O-8xe4VJhJ8VH0yDt0vXiGp2vl892b&iid=MS4wLjABAAAANwkJuWIRFOzg5uCpDRpMj4OX-QryoDgn-yYlXQnRwQQ&with_sec_did=1&video_share_track_ver=&titleType=title&share_sign=BkWknFUJfEFEJk5tYN0kKCklbzrcTs8igATemWO8FqY-&share_version=0&ts=1787996695&from_aid=6383&from_ssr=1&share_track_info=%7B%22link_description_type%22%3A%22%22%7D,784,349,38
7596873990754405477,这条视频跟着我吃肉的列队来报告 赚了多少？让我替大家开心，是不是发东西南北财？#黄金大涨价 #这话没毛病,2026-01-19 09:11:05 CST,https://www.iesdouyin.com/share/video/7596873990754405477/?region=US&mid=7596873921471744787&u_code=0&did=MS4wLjABAAAAgDQbitRTDSdo2ngCCE692lcnhDuxa7oy99O-8xe4VJhJ8VH0yDt0vXiGp2vl892b&iid=MS4wLjABAAAANwkJuWIRFOzg5uCpDRpMj4OX-QryoDgn-yYlXQnRwQQ&with_sec_did=1&video_share_track_ver=&titleType=title&share_sign=ALXZ9pYKuZe.g3fyyhNNxHS1Sx8kpGVg6Wj.ZtSSBWg-&share_version=0&ts=1787996695&from_aid=6383&from_ssr=1&share_track_info=%7B%22link_description_type%22%3A%22%22%7D,1054,426,165
7596627427209088677,1030以上都不要割肉！ 大家重要评论刷三次以上，我会挑选来回复评论！ #记录真实生活 #宝妈理财,2026-01-18 17:14:15 CST,https://www.iesdouyin.com/share/video/7596627427209088677/?region=US&mid=7596627396793076515&u_code=0&did=MS4wLjABAAAAgDQbitRTDSdo2ngCCE692lcnhDuxa7oy99O-8xe4VJhJ8VH0yDt0vXiGp2vl892b&iid=MS4wLjABAAAANwkJuWIRFOzg5uCpDRpMj4OX-QryoDgn-yYlXQnRwQQ&with_sec_did=1&video_share_track_ver=&titleType=title&share_sign=x2599Z9Broo86SJpQsfrFH1q.g93W5V4CItUCS0W.jA-&share_version=0&ts=1787996695&from_aid=6383&from_ssr=1&share_track_info=%7B%22link_description_type%22%3A%22%22%7D,2178,1685,328
7596613767358831801,请记住几个规律，大涨后大跌！ 但是我看到的行情经验是，大涨之后横盘，在大涨之后第一次下调的时候不要入场，等第二次再开始建立仓位1-2层！然后再等下一个底点位的位置！ 然后拿好货了不……版本过低，升级后可展示全部信息,2026-01-18 16:21:14 CST,https://www.iesdouyin.com/share/video/7596613767358831801/?region=US&mid=7596613763202157364&u_code=0&did=MS4wLjABAAAAgDQbitRTDSdo2ngCCE692lcnhDuxa7oy99O-8xe4VJhJ8VH0yDt0vXiGp2vl892b&iid=MS4wLjABAAAANwkJuWIRFOzg5uCpDRpMj4OX-QryoDgn-yYlXQnRwQQ&with_sec_did=1&video_share_track_ver=&titleType=title&share_sign=PyfRnnDM_KSJg0tqiGxG5mCSZD5P4.T04CCy1Ee8tAk-&share_version=0&ts=1787996695&from_aid=6383&from_ssr=1&share_track_info=%7B%22link_description_type%22%3A%22%22%7D,2474,473,377
7596603841295992945,周末截止现在15:40的新闻已经出现了！ 正面局面对周一来说都是利好的新闻！ 而且市场情绪只增不减，如果今天晚上黄毛特特不搞事，就是高开的局面！#记录真实生活 #宝妈理财,2026-01-18 15:42:42 CST,https://www.iesdouyin.com/share/video/7596603841295992945/?region=US&mid=7596603808218876682&u_code=0&did=MS4wLjABAAAAgDQbitRTDSdo2ngCCE692lcnhDuxa7oy99O-8xe4VJhJ8VH0yDt0vXiGp2vl892b&iid=MS4wLjABAAAANwkJuWIRFOzg5uCpDRpMj4OX-QryoDgn-yYlXQnRwQQ&with_sec_did=1&video_share_track_ver=&titleType=title&share_sign=zauOcqfF0Tsq7N3ZYVDRGvGnpMcCfWF8xLrJpE2aTMo-&share_version=0&ts=1787996695&from_aid=6383&from_ssr=1&share_track_info=%7B%22link_description_type%22%3A%22%22%7D,1135,287,130
7596594279578396859,一、主力本周核心动作：「诱多吸筹+高位出货」闭环  1. 开局造势：周一从1009跳空开到1026（涨17点），故意给上上周持仓散户“躺赢”机会，让获利盘兑现离场，同时吸引新散户眼……版本过低，升级后可展示全部信息,2026-01-18 15:05:37 CST,https://www.iesdouyin.com/share/video/7596594279578396859/?region=US&mid=7596594196979534601&u_code=0&did=MS4wLjABAAAAgDQbitRTDSdo2ngCCE692lcnhDuxa7oy99O-8xe4VJhJ8VH0yDt0vXiGp2vl892b&iid=MS4wLjABAAAANwkJuWIRFOzg5uCpDRpMj4OX-QryoDgn-yYlXQnRwQQ&with_sec_did=1&video_share_track_ver=&titleType=title&share_sign=fuq5HfjGwEhO3_rLzURSkTVl8DtU_xAM8RmkGlV6EcA-&share_version=0&ts=1787996695&from_aid=6383&from_ssr=1&share_track_info=%7B%22link_description_type%22%3A%22%22%7D,485,128,25
7595994915407165433,落袋为安，下周见#一般人不告诉他,2026-01-17 00:19:52 CST,https://www.iesdouyin.com/share/video/7595994915407165433/?region=US&mid=7595994564293659392&u_code=0&did=MS4wLjABAAAAgDQbitRTDSdo2ngCCE692lcnhDuxa7oy99O-8xe4VJhJ8VH0yDt0vXiGp2vl892b&iid=MS4wLjABAAAANwkJuWIRFOzg5uCpDRpMj4OX-QryoDgn-yYlXQnRwQQ&with_sec_did=1&video_share_track_ver=&titleType=title&share_sign=g77hbP3riFxknU5mOdtYa1rsYeVSCwVp5zFT4rpz7Yc-&share_version=0&ts=1787996695&from_aid=6383&from_ssr=1&share_track_info=%7B%22link_description_type%22%3A%22%22%7D,814,508,58
7595876577176558757,答应我，娘娘们，我们就当好黄金老大哥的后宫吧，即使他后宫佳丽三千，但是他是真给我们真金白银花啊#黄金老大哥,2026-01-16 16:40:34 CST,https://www.iesdouyin.com/share/video/7595876577176558757/?region=US&mid=7595876534842362678&u_code=0&did=MS4wLjABAAAAgDQbitRTDSdo2ngCCE692lcnhDuxa7oy99O-8xe4VJhJ8VH0yDt0vXiGp2vl892b&iid=MS4wLjABAAAANwkJuWIRFOzg5uCpDRpMj4OX-QryoDgn-yYlXQnRwQQ&with_sec_did=1&video_share_track_ver=&titleType=title&share_sign=NFO9q5blGWjMfyVB3eE.taQlSev6ygxtNvlP1e0G9VU-&share_version=0&ts=1787996695&from_aid=6383&from_ssr=1&share_track_info=%7B%22link_description_type%22%3A%22%22%7D,759,226,94
7595576715004122794,今晚这组数据公布决定下周金价是否能抵达站稳1040！ 马上开始了，大家对照我的视频合理调控好自己手上的仓位？#失业金数据 #黄金大涨价,2026-01-15 21:16:56 CST,https://www.iesdouyin.com/share/video/7595576715004122794/?region=US&mid=7595576693169507108&u_code=0&did=MS4wLjABAAAAgDQbitRTDSdo2ngCCE692lcnhDuxa7oy99O-8xe4VJhJ8VH0yDt0vXiGp2vl892b&iid=MS4wLjABAAAANwkJuWIRFOzg5uCpDRpMj4OX-QryoDgn-yYlXQnRwQQ&with_sec_did=1&video_share_track_ver=&titleType=title&share_sign=wYVLnPRiAEgrB7S3Vi1CmsaFtZCqCOfVl9SZ1xHk1l0-&share_version=0&ts=1787996695&from_aid=6383&from_ssr=1&share_track_info=%7B%22link_description_type%22%3A%22%22%7D,801,148,39
7595510273306822501,我可能没啥格局，要落袋为安，你们呢？#黑色星期五,2026-01-15 16:59:07 CST,https://www.iesdouyin.com/share/video/7595510273306822501/?region=US&mid=7595510147812805376&u_code=0&did=MS4wLjABAAAAgDQbitRTDSdo2ngCCE692lcnhDuxa7oy99O-8xe4VJhJ8VH0yDt0vXiGp2vl892b&iid=MS4wLjABAAAANwkJuWIRFOzg5uCpDRpMj4OX-QryoDgn-yYlXQnRwQQ&with_sec_did=1&video_share_track_ver=&titleType=title&share_sign=TFe.lt0wOQg3Xymo9PIPE5ElNHp39uxbP2Mpf4G20P8-&share_version=0&ts=1787996695&from_aid=6383&from_ssr=1&share_track_info=%7B%22link_description_type%22%3A%22%22%7D,476,109,55
7595500512117461241,实战派，我啰嗦是啰嗦了点，但都是纯纯干货呀 评论区留下你的问题，我会每天挑选重点问题视频回复你！ #宝妈理财,2026-01-15 16:21:14 CST,https://www.iesdouyin.com/share/video/7595500512117461241/?region=US&mid=7595500455356713754&u_code=0&did=MS4wLjABAAAAgDQbitRTDSdo2ngCCE692lcnhDuxa7oy99O-8xe4VJhJ8VH0yDt0vXiGp2vl892b&iid=MS4wLjABAAAANwkJuWIRFOzg5uCpDRpMj4OX-QryoDgn-yYlXQnRwQQ&with_sec_did=1&video_share_track_ver=&titleType=title&share_sign=KXLl28UhetbO5igNA7wC5XqwZF8hAt2r0zFeHJ_UCKg-&share_version=0&ts=1787996695&from_aid=6383&from_ssr=1&share_track_info=%7B%22link_description_type%22%3A%22%22%7D,730,100,64
7595493117789710842,我就是个蠢人，但是笨鸟先飞！ 没有人教我，俺就自己学，学会了我就分享！ 有句话叫授人以鱼不如授人以渔！  我视频更新的很快，你要第一时间看到我更新点位（在我VIP群内）因为我自己要……版本过低，升级后可展示全部信息,2026-01-15 15:52:33 CST,https://www.iesdouyin.com/share/video/7595493117789710842/?region=US&mid=7595493097774123786&u_code=0&did=MS4wLjABAAAAgDQbitRTDSdo2ngCCE692lcnhDuxa7oy99O-8xe4VJhJ8VH0yDt0vXiGp2vl892b&iid=MS4wLjABAAAANwkJuWIRFOzg5uCpDRpMj4OX-QryoDgn-yYlXQnRwQQ&with_sec_did=1&video_share_track_ver=&titleType=title&share_sign=YqTh7qvQsJ9R50o4BFRvl3y_4h2ixFmoergewnRoRSU-&share_version=0&ts=1787996695&from_aid=6383&from_ssr=1&share_track_info=%7B%22link_description_type%22%3A%22%22%7D,22699,1338,4604
7595489687612105957,今晚大概率高位震荡上行！ 第一：给新手小白的建议凌晨或者早上抢到 （🍎1026-1029）（🥚1030-1033） 第二：手上1030以上或者更高，也不要恐高，那就捂热在手🥚104……版本过低，升级后可展示全部信息,2026-01-15 15:39:13 CST,https://www.iesdouyin.com/share/video/7595489687612105957/?region=US&mid=7595489498348178211&u_code=0&did=MS4wLjABAAAAgDQbitRTDSdo2ngCCE692lcnhDuxa7oy99O-8xe4VJhJ8VH0yDt0vXiGp2vl892b&iid=MS4wLjABAAAANwkJuWIRFOzg5uCpDRpMj4OX-QryoDgn-yYlXQnRwQQ&with_sec_did=1&video_share_track_ver=&titleType=title&share_sign=XD526jFTOwrDx.FS8gYiZCsJjrYZFH4LbygexW4D9zY-&share_version=0&ts=1787996695&from_aid=6383&from_ssr=1&share_track_info=%7B%22link_description_type%22%3A%22%22%7D,751,145,68
7595426477303549627,昨天看了视频接到瀑布了的，支棱我一声，可以让俺开心下吗？#黄金瀑布 #投资理财,2026-01-15 11:33:58 CST,https://www.iesdouyin.com/share/video/7595426477303549627/?region=US&mid=7595426465705904942&u_code=0&did=MS4wLjABAAAAgDQbitRTDSdo2ngCCE692lcnhDuxa7oy99O-8xe4VJhJ8VH0yDt0vXiGp2vl892b&iid=MS4wLjABAAAANwkJuWIRFOzg5uCpDRpMj4OX-QryoDgn-yYlXQnRwQQ&with_sec_did=1&video_share_track_ver=&titleType=title&share_sign=cDIUoQ3.Q9ExW.m.HrVgbC3N97WfClSh6zhGiUtjmyk-&share_version=0&ts=1787996695&from_aid=6383&from_ssr=1&share_track_info=%7B%22link_description_type%22%3A%22%22%7D,570,259,32
7595256278692801509,辛苦大家了，我知道在这条路上很累，但是现在你刷到俺，我们在不同的世界做着同样一件有意思的事情！ 黄金老大哥，太稳了😂😂😂  我想它应该会踏着七彩祥云，再一次登场在万众瞩目的时候出现……版本过低，升级后可展示全部信息,2026-01-15 00:33:33 CST,https://www.iesdouyin.com/share/video/7595256278692801509/?region=US&mid=7595255966749297408&u_code=0&did=MS4wLjABAAAAgDQbitRTDSdo2ngCCE692lcnhDuxa7oy99O-8xe4VJhJ8VH0yDt0vXiGp2vl892b&iid=MS4wLjABAAAANwkJuWIRFOzg5uCpDRpMj4OX-QryoDgn-yYlXQnRwQQ&with_sec_did=1&video_share_track_ver=&titleType=title&share_sign=h6cst53jxu5vBDs0wP8J0LVQLPD.PUfm1dM9CcU_4SA-&share_version=0&ts=1787996695&from_aid=6383&from_ssr=1&share_track_info=%7B%22link_description_type%22%3A%22%22%7D,652,169,47
7595212460954275258,有一次赌对了！早上跑了900克！ 但是今天的小回调会比较晚，9:30才公布数据！ 但是有机会，多晚，我都会随时提醒大家！ #黄金利空,2026-01-14 21:43:28 CST,https://www.iesdouyin.com/share/video/7595212460954275258/?region=US&mid=7595212388121103140&u_code=0&did=MS4wLjABAAAAgDQbitRTDSdo2ngCCE692lcnhDuxa7oy99O-8xe4VJhJ8VH0yDt0vXiGp2vl892b&iid=MS4wLjABAAAANwkJuWIRFOzg5uCpDRpMj4OX-QryoDgn-yYlXQnRwQQ&with_sec_did=1&video_share_track_ver=&titleType=title&share_sign=bdrAgjGCR5GrZlFJs.UHILzau48ho4H5u5ZQze87fuA-&share_version=0&ts=1787996695&from_aid=6383&from_ssr=1&share_track_info=%7B%22link_description_type%22%3A%22%22%7D,825,221,86
7595143550481059322,今天如果这件三件事能公布，都是利好的消息（那么会1050-1072）就在最近！ 如果利空，那么今天晚上就是大家上车的机会#1月14日重大新闻 #利多黄金 #利空黄金,2026-01-14 17:16:04 CST,https://www.iesdouyin.com/share/video/7595143550481059322/?region=US&mid=7595143508453870399&u_code=0&did=MS4wLjABAAAAgDQbitRTDSdo2ngCCE692lcnhDuxa7oy99O-8xe4VJhJ8VH0yDt0vXiGp2vl892b&iid=MS4wLjABAAAANwkJuWIRFOzg5uCpDRpMj4OX-QryoDgn-yYlXQnRwQQ&with_sec_did=1&video_share_track_ver=&titleType=title&share_sign=RS5fa6HYuTcWBs2_qKbzZpa_YB1skCfMVamfKeBX1mg-&share_version=0&ts=1787996695&from_aid=6383&from_ssr=1&share_track_info=%7B%22link_description_type%22%3A%22%22%7D,701,203,87
7595055208683716773,我很希望以后看到我这条视频的宝子们，以后都能成为我的开老师，每天踢我，告诉俺啥时候进，啥时候出！ 这个时代不学习就会退步，所以俺们一起成长，在评论区里相互了解，相互帮助，这样才能做……版本过低，升级后可展示全部信息,2026-01-14 11:33:20 CST,https://www.iesdouyin.com/share/video/7595055208683716773/?region=US&mid=7595055150146816768&u_code=0&did=MS4wLjABAAAAgDQbitRTDSdo2ngCCE692lcnhDuxa7oy99O-8xe4VJhJ8VH0yDt0vXiGp2vl892b&iid=MS4wLjABAAAANwkJuWIRFOzg5uCpDRpMj4OX-QryoDgn-yYlXQnRwQQ&with_sec_did=1&video_share_track_ver=&titleType=title&share_sign=aMrXC.rcYXed0JfKxBXJrZu5GNgUydBbvhnWbC48.sg-&share_version=0&ts=1787996695&from_aid=6383&from_ssr=1&share_track_info=%7B%22link_description_type%22%3A%22%22%7D,367,74,23
7595051953052022203,人总是容易被“外面的浮华”所动容！在边走边学的路上，都是老师，没有敌人，包括现在有很多姐妹愿意信任我，非常感恩大家，你们也是我的老师！ 我作为一个发视频的人，全网公开自己的实盘，所……版本过低，升级后可展示全部信息,2026-01-14 11:20:36 CST,https://www.iesdouyin.com/share/video/7595051953052022203/?region=US&mid=7595051920689695514&u_code=0&did=MS4wLjABAAAAgDQbitRTDSdo2ngCCE692lcnhDuxa7oy99O-8xe4VJhJ8VH0yDt0vXiGp2vl892b&iid=MS4wLjABAAAANwkJuWIRFOzg5uCpDRpMj4OX-QryoDgn-yYlXQnRwQQ&with_sec_did=1&video_share_track_ver=&titleType=title&share_sign=rqk8PI7ulpqOBxy38uNTErLCTsfF3HvVH1fEjvjGZ9k-&share_version=0&ts=1787996695&from_aid=6383&from_ssr=1&share_track_info=%7B%22link_description_type%22%3A%22%22%7D,256,63,27
7595027035442311803,姐妹们，我先跑了900克！因为我昨天拿的点位比较高！ 所以通知下大家，我手里还留了800当底仓！想稳稳当当的就着，等1040出！我是想赌一把，今天接个小瀑布，如果接不到也不后悔！大……版本过低，升级后可展示全部信息,2026-01-14 09:43:58 CST,https://www.iesdouyin.com/share/video/7595027035442311803/?region=US&mid=7595026967854893866&u_code=0&did=MS4wLjABAAAAgDQbitRTDSdo2ngCCE692lcnhDuxa7oy99O-8xe4VJhJ8VH0yDt0vXiGp2vl892b&iid=MS4wLjABAAAANwkJuWIRFOzg5uCpDRpMj4OX-QryoDgn-yYlXQnRwQQ&with_sec_did=1&video_share_track_ver=&titleType=title&share_sign=Pf5ln.qCjjz7IIp0Gpye6kS9rfZ_ajWr7zZUDpVGb8c-&share_version=0&ts=1787996695&from_aid=6383&from_ssr=1&share_track_info=%7B%22link_description_type%22%3A%22%22%7D,903,472,121
7594754937670924773,再次说明，小白不要跟！ 俺的心态是可短线，可长线（现在是高位，风险大） 稳定了，大家再进来#就想说点大实话,2026-01-13 16:08:05 CST,https://www.iesdouyin.com/share/video/7594754937670924773/?region=US&mid=7594754859954342690&u_code=0&did=MS4wLjABAAAAgDQbitRTDSdo2ngCCE692lcnhDuxa7oy99O-8xe4VJhJ8VH0yDt0vXiGp2vl892b&iid=MS4wLjABAAAANwkJuWIRFOzg5uCpDRpMj4OX-QryoDgn-yYlXQnRwQQ&with_sec_did=1&video_share_track_ver=&titleType=title&share_sign=2cNq.l3QycvBCXw3cJHx1wtUadSSqlssMiO5N_ibpSI-&share_version=0&ts=1787996695&from_aid=6383&from_ssr=1&share_track_info=%7B%22link_description_type%22%3A%22%22%7D,281,95,13
7594733599439603577,晚上重点关注9:30的数据！ #美国CPI,2026-01-13 14:45:18 CST,https://www.iesdouyin.com/share/video/7594733599439603577/?region=US&mid=7594741501196831528&u_code=0&did=MS4wLjABAAAAgDQbitRTDSdo2ngCCE692lcnhDuxa7oy99O-8xe4VJhJ8VH0yDt0vXiGp2vl892b&iid=MS4wLjABAAAANwkJuWIRFOzg5uCpDRpMj4OX-QryoDgn-yYlXQnRwQQ&with_sec_did=1&video_share_track_ver=&titleType=title&share_sign=GQrO0pgh8GgSvGUYCO7Shrkc3dCBfp92RhE5CO1QLIA-&share_version=0&ts=1787996695&from_aid=6383&from_ssr=1&share_track_info=%7B%22link_description_type%22%3A%22%22%7D,249,52,44
7594678538474860901,用长线思维看现在的决断，人往往恐慌的是未知！ 那我们就拿无常的心态对待有常的人生！ 当子弹飞一会，你记得还有一个1028的人在兜底呢，就是为了给姐妹们吃个定心丸，不要焦虑，无论你空……版本过低，升级后可展示全部信息,2026-01-13 11:11:34 CST,https://www.iesdouyin.com/share/video/7594678538474860901/?region=US&mid=7118946938845677599&u_code=0&did=MS4wLjABAAAAgDQbitRTDSdo2ngCCE692lcnhDuxa7oy99O-8xe4VJhJ8VH0yDt0vXiGp2vl892b&iid=MS4wLjABAAAANwkJuWIRFOzg5uCpDRpMj4OX-QryoDgn-yYlXQnRwQQ&with_sec_did=1&video_share_track_ver=&titleType=title&share_sign=sn_6TgAh4avcsI9G5JB77.zvWJQKw4xjTotZXRbDIG8-&share_version=0&ts=1787996695&from_aid=6383&from_ssr=1&share_track_info=%7B%22link_description_type%22%3A%22%22%7D,2693,602,496
7594669486490958458,今天开盘价格是1024，白天我估计不会有很大空间，都是在震荡为主！今天入场能看到1018-1022（现在风浪很大，所以鱼也越来越贵）我一直在等1018—1020，但是市场就是这样，……版本过低，升级后可展示全部信息,2026-01-13 10:36:27 CST,https://www.iesdouyin.com/share/video/7594669486490958458/?region=US&mid=7594669361543629603&u_code=0&did=MS4wLjABAAAAgDQbitRTDSdo2ngCCE692lcnhDuxa7oy99O-8xe4VJhJ8VH0yDt0vXiGp2vl892b&iid=MS4wLjABAAAANwkJuWIRFOzg5uCpDRpMj4OX-QryoDgn-yYlXQnRwQQ&with_sec_did=1&video_share_track_ver=&titleType=title&share_sign=gAPsDpqSUtP5JQCVQpPBQ7EU0yz4ltAdUS7eN68Da8E-&share_version=0&ts=1787996695&from_aid=6383&from_ssr=1&share_track_info=%7B%22link_description_type%22%3A%22%22%7D,245,31,6
7594525520206032507,视频很长，但是我整理了三个小时，句句字字经典，如果你看懂了，以后任何人的建议都可以不看了，自己掌握逻辑了！主力也是人，你猜主力想干嘛，认真看完了的，在评论区留言，这条视频下面的评论……版本过低，升级后可展示全部信息,2026-01-13 01:17:50 CST,https://www.iesdouyin.com/share/video/7594525520206032507/?region=US&mid=7594525509724277545&u_code=0&did=MS4wLjABAAAAgDQbitRTDSdo2ngCCE692lcnhDuxa7oy99O-8xe4VJhJ8VH0yDt0vXiGp2vl892b&iid=MS4wLjABAAAANwkJuWIRFOzg5uCpDRpMj4OX-QryoDgn-yYlXQnRwQQ&with_sec_did=1&video_share_track_ver=&titleType=title&share_sign=loh9VZKzYIYS5rU0w7euE_GD1boQheUy58Lu1Aa53r8-&share_version=0&ts=1787996697&from_aid=6383&from_ssr=1&share_track_info=%7B%22link_description_type%22%3A%22%22%7D,413,73,28
7594519044935543993,明天有两组CPI数据会公布 如果你是文档类型的，就等1018-1020（我一直在等，宁可不冒风险，不赚我也不会亏，看别人唱戏就可以了） 如果你是一定着急就要赚这个短线（那你就……自……版本过低，升级后可展示全部信息,2026-01-13 00:52:38 CST,https://www.iesdouyin.com/share/video/7594519044935543993/?region=US&mid=7594518879146117928&u_code=0&did=MS4wLjABAAAAgDQbitRTDSdo2ngCCE692lcnhDuxa7oy99O-8xe4VJhJ8VH0yDt0vXiGp2vl892b&iid=MS4wLjABAAAANwkJuWIRFOzg5uCpDRpMj4OX-QryoDgn-yYlXQnRwQQ&with_sec_did=1&video_share_track_ver=&titleType=title&share_sign=8uCSV8mNpfN9jJkxy2R_PDf9upJ.RDII3.QYgKih5PI-&share_version=0&ts=1787996697&from_aid=6383&from_ssr=1&share_track_info=%7B%22link_description_type%22%3A%22%22%7D,239,31,24
7594432771012142245,我爱你，黄金老大哥！ 有没有聪明宝宝，我年底按照这个走法，过年能赚多少？#黄金大涨价,2026-01-12 19:17:51 CST,https://www.iesdouyin.com/share/video/7594432771012142245/?region=US&mid=7594432705165839140&u_code=0&did=MS4wLjABAAAAgDQbitRTDSdo2ngCCE692lcnhDuxa7oy99O-8xe4VJhJ8VH0yDt0vXiGp2vl892b&iid=MS4wLjABAAAANwkJuWIRFOzg5uCpDRpMj4OX-QryoDgn-yYlXQnRwQQ&with_sec_did=1&video_share_track_ver=&titleType=title&share_sign=qaogwLAwdjqK3cHHaV5ydYaKOEEkgi0YC0OeBKxGnJk-&share_version=0&ts=1787996697&from_aid=6383&from_ssr=1&share_track_info=%7B%22link_description_type%22%3A%22%22%7D,291,68,25
7594431547957875962,晚上9点—11点美盘还会拉升一次，高开低涨！冲高回落！ 我是中长线，短线不知道今天有没有机会，短线今天能拿到1018-1022都有机会！，但是切记不要满仓，敬畏市场#黄金大涨,2026-01-12 19:13:06 CST,https://www.iesdouyin.com/share/video/7594431547957875962/?region=US&mid=7594431506161240851&u_code=0&did=MS4wLjABAAAAgDQbitRTDSdo2ngCCE692lcnhDuxa7oy99O-8xe4VJhJ8VH0yDt0vXiGp2vl892b&iid=MS4wLjABAAAANwkJuWIRFOzg5uCpDRpMj4OX-QryoDgn-yYlXQnRwQQ&with_sec_did=1&video_share_track_ver=&titleType=title&share_sign=yH8nz2ATiBiiCrCDcOsqK.oz11J6toWjvu_9Wazvy4o-&share_version=0&ts=1787996697&from_aid=6383&from_ssr=1&share_track_info=%7B%22link_description_type%22%3A%22%22%7D,2361,874,581
7594299974487318437,最近空仓的姐妹们关注周二还有周四！有机会！ 我的规划是1018二层仓位！1010五层！如果在往下就是九层仓位！等到过年前1050出！  投资需谨慎，且行且珍惜1000以内的金价#黄……版本过低，升级后可展示全部信息,2026-01-12 10:42:32 CST,https://www.iesdouyin.com/share/video/7594299974487318437/?region=US&mid=7594299874586217231&u_code=0&did=MS4wLjABAAAAgDQbitRTDSdo2ngCCE692lcnhDuxa7oy99O-8xe4VJhJ8VH0yDt0vXiGp2vl892b&iid=MS4wLjABAAAANwkJuWIRFOzg5uCpDRpMj4OX-QryoDgn-yYlXQnRwQQ&with_sec_did=1&video_share_track_ver=&titleType=title&share_sign=OQGv53Yc6xJRf7PRIdUhFhx5A3m8fzIQBlvDvEFVpj0-&share_version=0&ts=1787996697&from_aid=6383&from_ssr=1&share_track_info=%7B%22link_description_type%22%3A%22%22%7D,462,51,54
7594284355452968177,每一次预测都直接封神，没想到今天来的这么快！那离1040还远吗？我前面说可能要到月底，这么看下去的话，我估计就在最近要来了！很多人蛮担心进不到货？ 下条视频，详细分析什么时候入场，……版本过低，升级后可展示全部信息,2026-01-12 09:41:58 CST,https://www.iesdouyin.com/share/video/7594284355452968177/?region=US&mid=7594284170537519907&u_code=0&did=MS4wLjABAAAAgDQbitRTDSdo2ngCCE692lcnhDuxa7oy99O-8xe4VJhJ8VH0yDt0vXiGp2vl892b&iid=MS4wLjABAAAANwkJuWIRFOzg5uCpDRpMj4OX-QryoDgn-yYlXQnRwQQ&with_sec_did=1&video_share_track_ver=&titleType=title&share_sign=Advu1.8Xbg_2Xmiw8eN8D6LFIhyMvq3dTb0gpcFBlWE-&share_version=0&ts=1787996697&from_aid=6383&from_ssr=1&share_track_info=%7B%22link_description_type%22%3A%22%22%7D,397,60,21
7594053599689614458,周一黄金走势预判： 玩短线的看： 1001-1002 🥚 1011-1012🍎 长线： 近期等998（一层仓位） 没掉五个点，你就如一层，现在月底前1000以下都是好位置！ 做短线……版本过低，升级后可展示全部信息,2026-01-11 18:46:29 CST,https://www.iesdouyin.com/share/video/7594053599689614458/?region=US&mid=7594053555460328219&u_code=0&did=MS4wLjABAAAAgDQbitRTDSdo2ngCCE692lcnhDuxa7oy99O-8xe4VJhJ8VH0yDt0vXiGp2vl892b&iid=MS4wLjABAAAANwkJuWIRFOzg5uCpDRpMj4OX-QryoDgn-yYlXQnRwQQ&with_sec_did=1&video_share_track_ver=&titleType=title&share_sign=88sIEJsmK_Gpg_KfkVyIo9qKjtgETwZTcgblAKEKgHs-&share_version=0&ts=1787996697&from_aid=6383&from_ssr=1&share_track_info=%7B%22link_description_type%22%3A%22%22%7D,1630,223,533
7593321934549621681,你今晚看涨还是跌？#黄金 #今晚大非农数据 #黄金涨跌,2026-01-09 19:27:14 CST,https://www.iesdouyin.com/share/video/7593321934549621681/?region=US&mid=7593321824446745396&u_code=0&did=MS4wLjABAAAAgDQbitRTDSdo2ngCCE692lcnhDuxa7oy99O-8xe4VJhJ8VH0yDt0vXiGp2vl892b&iid=MS4wLjABAAAANwkJuWIRFOzg5uCpDRpMj4OX-QryoDgn-yYlXQnRwQQ&with_sec_did=1&video_share_track_ver=&titleType=title&share_sign=YRv69eZ4LtkRERO3K1pon3jWlQlcnta0MqoMtBmkzLk-&share_version=0&ts=1787996697&from_aid=6383&from_ssr=1&share_track_info=%7B%22link_description_type%22%3A%22%22%7D,293,76,23
7592585400859135161,自从有我的了黄金病，我老公也会薅羊毛了！ 帮我在水贝一个优质商家那里帮我薅了很多黄金首饰！ 970拿下，手工费超低的#夫妻日常 #黄金首饰 #黄金病,2026-01-07 19:49:09 CST,https://www.iesdouyin.com/share/video/7592585400859135161/?region=US&mid=7592585301197884203&u_code=0&did=MS4wLjABAAAAgDQbitRTDSdo2ngCCE692lcnhDuxa7oy99O-8xe4VJhJ8VH0yDt0vXiGp2vl892b&iid=MS4wLjABAAAANwkJuWIRFOzg5uCpDRpMj4OX-QryoDgn-yYlXQnRwQQ&with_sec_did=1&video_share_track_ver=&titleType=title&share_sign=YLgGPsIkvTstE.b9SYpxdo.9Uf4Efi_0o8M1frBsI1w-&share_version=0&ts=1787996697&from_aid=6383&from_ssr=1&share_track_info=%7B%22link_description_type%22%3A%22%22%7D,3063,152,167
7589626507011730021,元旦过后，金价会涨起来！手里有金色蛋糕拿稳，不要割肉了！#黄金,2025-12-30 20:27:09 CST,https://www.iesdouyin.com/share/video/7589626507011730021/?region=US&mid=7589626476582488886&u_code=0&did=MS4wLjABAAAAgDQbitRTDSdo2ngCCE692lcnhDuxa7oy99O-8xe4VJhJ8VH0yDt0vXiGp2vl892b&iid=MS4wLjABAAAANwkJuWIRFOzg5uCpDRpMj4OX-QryoDgn-yYlXQnRwQQ&with_sec_did=1&video_share_track_ver=&titleType=title&share_sign=0GgMSAfauegEmSnZ9bnKSBU9u90U98oPJLYBGHcjgl4-&share_version=0&ts=1787996697&from_aid=6383&from_ssr=1&share_track_info=%7B%22link_description_type%22%3A%22%22%7D,447,146,49
7074174488887217448,你早晚会听到那一句：恭喜你成为尊贵的劳斯莱斯车主，愿飞天女神照亮你的事业与前程，守护你的一生#劳斯莱斯车主 #李七喜 @李七喜🇨🇳美商在线,2022-03-12 19:30:01 CST,https://www.iesdouyin.com/share/video/7074174488887217448/?region=US&mid=7072682819922742053&u_code=0&did=MS4wLjABAAAAgDQbitRTDSdo2ngCCE692lcnhDuxa7oy99O-8xe4VJhJ8VH0yDt0vXiGp2vl892b&iid=MS4wLjABAAAANwkJuWIRFOzg5uCpDRpMj4OX-QryoDgn-yYlXQnRwQQ&with_sec_did=1&video_share_track_ver=&titleType=title&share_sign=JiiZlvkbl8UjIm4R9A6n74LEq_uwUwBwI3_ODA4oTOg-&share_version=0&ts=1787996697&from_aid=6383&from_ssr=1&share_track_info=%7B%22link_description_type%22%3A%22%22%7D,1655,143,108
